vi_index,autumn_parameter,predictor,n,pearson_r,p_value
NDVI,EOS90,leaf_out_10,516,0.023412815249235358,0.5956822277043703
NDVI,EOS90,leaf_out_50,516,0.008998231029848647,0.838424661637721
NDVI,EOS90,leaf_out_90,516,0.001491888073158476,0.9730310429574104
NDVI,EOS90,growing_season_length,516,0.7104296793752445,1.8738580816940015e-80
NDVI,EOS90,total_gpp_growing_season,482,0.43777471770140636,5.5006346197865746e-24
NDVI,EOS90,gpp_sos10_to_solstice,426,0.22231662271513108,3.600758579234182e-06
NDVI,EOS90,gpp_solstice_to_eos10,476,0.5110372156357141,5.005001741752415e-33
NDVI,EOS90,gpp_solstice_to_eos90,458,0.6313501969226649,2.6259414908796685e-52
NDVI,EOS90,gpp_solstice_to_eos10_fixed,461,0.5057121864118994,2.656824185315223e-31
NDVI,EOS90,gpp_solstice_to_eos90_fixed,448,0.5894284628935695,2.9325587142963804e-43
NDVI,EOS90,total_reco_growing_season,482,0.37889430447306416,6.675959333445343e-18
NDVI,EOS90,mean_radiation_growing_season,516,-0.3414841781306033,1.4713739628130572e-15
NDVI,EOS90,mean_temperature_growing_season,516,0.27737046892325545,1.440084668009417e-10
NDVI,EOS90,photoperiod_at_EOS90,516,-0.8248358809094566,2.1350505931819603e-129
NDVI,EOS50,leaf_out_10,516,0.01641485060870082,0.7098969407920943
NDVI,EOS50,leaf_out_50,516,0.03515445285151751,0.4255292397266099
NDVI,EOS50,leaf_out_90,516,0.049044862787636534,0.26611554796479425
NDVI,EOS50,growing_season_length,516,0.737261592593682,1.3830521730939188e-89
NDVI,EOS50,total_gpp_growing_season,482,0.44001072018626963,3.0539354001439008e-24
NDVI,EOS50,gpp_sos10_to_solstice,426,0.24568030844178132,2.8245441304921776e-07
NDVI,EOS50,gpp_solstice_to_eos10,476,0.5134891487010722,2.2223147110820093e-33
NDVI,EOS50,gpp_solstice_to_eos90,458,0.5729225463549226,2.61211377968928e-41
NDVI,EOS50,gpp_solstice_to_eos10_fixed,461,0.5064109568291677,2.1331147698576706e-31
NDVI,EOS50,gpp_solstice_to_eos90_fixed,448,0.5655561199338559,3.110528241271003e-39
NDVI,EOS50,total_reco_growing_season,482,0.4115650809609959,3.9644720680674544e-21
NDVI,EOS50,mean_radiation_growing_season,516,-0.38919319289425147,4.1570244896616225e-20
NDVI,EOS50,mean_temperature_growing_season,516,0.23883719604683448,3.977309490491151e-08
NDVI,EOS50,photoperiod_at_EOS90,516,-0.7669164215442457,4.425136611081967e-101
NDVI,EOS10,leaf_out_10,516,0.06431320707479182,0.14459734980412522
NDVI,EOS10,leaf_out_50,516,0.13010292084564457,0.0030684453371487698
NDVI,EOS10,leaf_out_90,516,0.1647685234526388,0.000170273904096781
NDVI,EOS10,growing_season_length,516,0.6080840223459123,1.7092249032031613e-53
NDVI,EOS10,total_gpp_growing_season,482,0.32929245280801883,1.183830921114844e-13
NDVI,EOS10,gpp_sos10_to_solstice,426,0.21778312171889772,5.723640548025349e-06
NDVI,EOS10,gpp_solstice_to_eos10,476,0.3798714661377284,8.686719535191258e-18
NDVI,EOS10,gpp_solstice_to_eos90,458,0.29773368547663204,7.904344361520825e-11
NDVI,EOS10,gpp_solstice_to_eos10_fixed,461,0.3718174911225104,1.4621433318248557e-16
NDVI,EOS10,gpp_solstice_to_eos90_fixed,448,0.3437447066757576,7.173215544951533e-14
NDVI,EOS10,total_reco_growing_season,482,0.34542822215038227,5.923736150367334e-15
NDVI,EOS10,mean_radiation_growing_season,516,-0.3463386432387945,5.484112591463113e-16
NDVI,EOS10,mean_temperature_growing_season,516,0.200187392916615,4.587351031004177e-06
NDVI,EOS10,photoperiod_at_EOS90,516,-0.5907430398409628,7.370409338418219e-50
NDVI,senescence_kinetic_i,leaf_out_10,516,0.00030576453207823914,0.9944716690929396
NDVI,senescence_kinetic_i,leaf_out_50,516,-0.09997160405929517,0.023140743709453536
NDVI,senescence_kinetic_i,leaf_out_90,516,-0.15919110223967836,0.00028283530481752647
NDVI,senescence_kinetic_i,growing_season_length,516,0.03509960106972328,0.4262522280329602
NDVI,senescence_kinetic_i,total_gpp_growing_season,482,0.09019844354545609,0.047798479949097854
NDVI,senescence_kinetic_i,gpp_sos10_to_solstice,426,0.0045775893157513564,0.9249476902290105
NDVI,senescence_kinetic_i,gpp_solstice_to_eos10,476,0.09250696943887524,0.04366581672022912
NDVI,senescence_kinetic_i,gpp_solstice_to_eos90,458,0.19576842316616733,2.4531060921397636e-05
NDVI,senescence_kinetic_i,gpp_solstice_to_eos10_fixed,461,0.12816887042354255,0.0058547781523828925
NDVI,senescence_kinetic_i,gpp_solstice_to_eos90_fixed,448,0.18043082349994793,0.00012308873772825564
NDVI,senescence_kinetic_i,total_reco_growing_season,482,0.033536345654815614,0.46260227654253083
NDVI,senescence_kinetic_i,mean_radiation_growing_season,516,-0.020341742248526175,0.6447967088780293
NDVI,senescence_kinetic_i,mean_temperature_growing_season,516,0.04759887267011659,0.28048604268677796
NDVI,senescence_kinetic_i,photoperiod_at_EOS90,516,-0.17207670780771847,8.540832890526028e-05
NIRv,EOS90,leaf_out_10,770,0.35664455053560873,1.6415161445650838e-24
NIRv,EOS90,leaf_out_50,770,0.511966312290425,1.140772080140721e-52
NIRv,EOS90,leaf_out_90,770,0.5512631349903346,2.0161813612208033e-62
NIRv,EOS90,growing_season_length,770,0.3867970286551335,6.941811569243597e-29
NIRv,EOS90,total_gpp_growing_season,713,-0.04110804425674424,0.2729882349288177
NIRv,EOS90,gpp_sos10_to_solstice,680,-0.29538871465686206,3.697246907982767e-15
NIRv,EOS90,gpp_solstice_to_eos10,697,0.003369387753137023,0.9292448484004043
NIRv,EOS90,gpp_solstice_to_eos90,666,0.3209340187723375,2.0233958785031664e-17
NIRv,EOS90,gpp_solstice_to_eos10_fixed,683,-0.01286008126622008,0.7372576914178274
NIRv,EOS90,gpp_solstice_to_eos90_fixed,654,0.19298266358624286,6.605974507321007e-07
NIRv,EOS90,total_reco_growing_season,713,-0.026439478496600766,0.4808892405313294
NIRv,EOS90,mean_radiation_growing_season,770,0.0211759851233008,0.5573911653048541
NIRv,EOS90,mean_temperature_growing_season,770,0.1964483430813463,3.88491481826397e-08
NIRv,EOS90,photoperiod_at_EOS90,770,-0.6126110250217437,1.6252561472831867e-80
NIRv,EOS50,leaf_out_10,770,0.22132516793214263,5.342337471541467e-10
NIRv,EOS50,leaf_out_50,770,0.3111744215546071,9.475045721857796e-19
NIRv,EOS50,leaf_out_90,770,0.34193506023693443,1.531478924879724e-22
NIRv,EOS50,growing_season_length,770,0.6496809446778626,1.5897073685889505e-93
NIRv,EOS50,total_gpp_growing_season,713,0.2202239712587412,2.794584619213218e-09
NIRv,EOS50,gpp_sos10_to_solstice,680,-0.06913350659092812,0.07160513277931983
NIRv,EOS50,gpp_solstice_to_eos10,697,0.27806138849432,7.674904780868468e-14
NIRv,EOS50,gpp_solstice_to_eos90,666,0.4064917797144116,6.880712712186304e-28
NIRv,EOS50,gpp_solstice_to_eos10_fixed,683,0.25484186593261937,1.381558028169991e-11
NIRv,EOS50,gpp_solstice_to_eos90_fixed,654,0.34438000194032675,1.2011851464430153e-19
NIRv,EOS50,total_reco_growing_season,713,0.20429217587605808,3.721215144105e-08
NIRv,EOS50,mean_radiation_growing_season,770,-0.17138536215888112,1.7230291595747894e-06
NIRv,EOS50,mean_temperature_growing_season,770,0.21463242358999934,1.783563143497328e-09
NIRv,EOS50,photoperiod_at_EOS90,770,-0.4973320066890876,2.3709309555426216e-49
NIRv,EOS10,leaf_out_10,770,0.03563358135118275,0.3233980768136687
NIRv,EOS10,leaf_out_50,770,0.08072423315227942,0.025089361561135
NIRv,EOS10,leaf_out_90,770,0.11696554913121852,0.0011477500202748472
NIRv,EOS10,growing_season_length,770,0.6987690489210994,7.642324218487499e-114
NIRv,EOS10,total_gpp_growing_season,713,0.3862524604155053,8.727377543784151e-27
NIRv,EOS10,gpp_sos10_to_solstice,680,0.1482309384361259,0.00010457202497287666
NIRv,EOS10,gpp_solstice_to_eos10,697,0.41555249607132283,1.778574023891004e-30
NIRv,EOS10,gpp_solstice_to_eos90,666,0.19020017778595905,7.634909258249584e-07
NIRv,EOS10,gpp_solstice_to_eos10_fixed,683,0.38748839966786325,6.838226109050747e-26
NIRv,EOS10,gpp_solstice_to_eos90_fixed,654,0.2304178759788038,2.4962178755594512e-09
NIRv,EOS10,total_reco_growing_season,713,0.36322454329836606,1.1684298836694458e-23
NIRv,EOS10,mean_radiation_growing_season,770,-0.28096921929916246,1.9498549843683786e-15
NIRv,EOS10,mean_temperature_growing_season,770,0.19245436729811982,7.361883814853976e-08
NIRv,EOS10,photoperiod_at_EOS90,770,-0.24792452436510204,3.001086147552006e-12
NIRv,senescence_kinetic_i,leaf_out_10,770,0.17446202567450625,1.112258012069068e-06
NIRv,senescence_kinetic_i,leaf_out_50,770,0.15463726784360118,1.6326221081143504e-05
NIRv,senescence_kinetic_i,leaf_out_90,770,0.12130582946949531,0.0007432816205785277
NIRv,senescence_kinetic_i,growing_season_length,770,-0.1867438760350551,1.794110258679539e-07
NIRv,senescence_kinetic_i,total_gpp_growing_season,713,-0.22939465556382296,5.740724196413224e-10
NIRv,senescence_kinetic_i,gpp_sos10_to_solstice,680,-0.1863908541086369,9.856031708729994e-07
NIRv,senescence_kinetic_i,gpp_solstice_to_eos10,697,-0.20329584571954634,6.157427190473111e-08
NIRv,senescence_kinetic_i,gpp_solstice_to_eos90,666,0.043951688957268926,0.25734998050109126
NIRv,senescence_kinetic_i,gpp_solstice_to_eos10_fixed,683,-0.1773836924306445,3.096097847742459e-06
NIRv,senescence_kinetic_i,gpp_solstice_to_eos90_fixed,654,-0.01823658979669083,0.6415601327528286
NIRv,senescence_kinetic_i,total_reco_growing_season,713,-0.20697385145288588,2.4409220569345833e-08
NIRv,senescence_kinetic_i,mean_radiation_growing_season,770,0.057647761686639716,0.10995596933824095
NIRv,senescence_kinetic_i,mean_temperature_growing_season,770,-0.09071133027684306,0.01179424690166638
NIRv,senescence_kinetic_i,photoperiod_at_EOS90,770,-0.08314913910775402,0.021024538416855372
