site_id,year,gpp_pre,ra_pre,growth_pre,sink_total_pre,npp_pre,residual_pre,gpp_post,ra_post,growth_post,sink_total_post,npp_post,residual_post,gpp_season,ra_season,growth_season,sink_total_season,npp_season,residual_season,growth_share_of_npp
AT-Zoe,2014,,,72.52750092238946,,,,706.26397732,289.73654136749644,119.21584674548984,408.9523881129863,416.52743595250354,297.3115892070137,1283.5108056105494,516.8494616702515,191.7433476678793,708.5928093381308,766.6613439402979,574.9179962724186,0.25010175507532945
AT-Zoe,2015,393.80974000000003,104.32252897430938,126.62742778600852,230.9499567603179,289.48721102569067,162.85978323968214,672.5570336999999,226.70208337095843,122.66324004812105,349.36532341907946,445.85495032904146,323.1917102809204,1066.3667736999998,331.0246123452678,249.29066783412958,580.3152801793974,735.3421613547321,486.0514935206025,0.3390131573237384
AT-Zoe,2016,,,62.91181244017563,,,,415.21339460833326,132.23672378383606,138.82091378248754,271.0576375663236,282.9766708244972,144.15575704200967,596.4386822075676,189.35311790345483,201.73272622266316,391.085844126118,407.0855643041127,205.35283808144956,0.49555362290360905
AT-Zoe,2017,278.595952,44.439980050858615,73.58739940628993,118.02737945714856,234.1559719491414,160.56857254285146,608.5281784409449,233.52053754903943,125.2201977909294,358.74073533996886,375.00764089190545,249.78744310097605,883.9829402870813,274.66279256721066,198.80759719721934,473.47038976443,609.3201477198706,410.5125505226513,0.3262777341947001
AT-Zoe,2019,369.676159,113.82902222390686,80.73948464870291,194.56850687260976,255.84713677609312,175.10765212739022,713.1751661000001,150.58061949834385,104.25734911058073,254.8379686089246,562.5945466016562,458.33719749107553,1082.8513251,264.40964172225074,184.99683375928365,449.40647548153436,818.4416833777492,633.4448496184656,0.22603544946023837
US-Ha1,1999,380.03999000000005,60.95123070849253,50.15032881035938,111.10155951885191,319.08875929150753,268.93843048114815,952.8362771999999,197.63521101893804,86.84170366081432,284.4769146797523,755.2010661810618,668.3593625202475,1332.8762672,258.5864417274306,136.9920324711737,395.57847419860434,1074.2898254725694,937.2977930013957,0.1275186911603787
US-Ha1,2000,387.278265,73.57711551720958,72.8061008107679,146.3832163279775,313.7011494827904,240.8950486720225,1101.1589924,137.76769471812602,153.59433956925048,291.3620342873765,963.391297681874,809.7969581126235,1488.4372574,211.34481023533564,226.40044038001838,437.74525061535405,1277.0924471646642,1050.6920067846459,0.17727803565251768
US-Ha1,2001,419.57443430000006,98.90247977325004,70.42557224893709,169.32805202218714,320.67195452675,250.24638227781293,1172.7379059999998,116.53680073120343,101.2107136710725,217.74751440227593,1056.2011052687965,954.9903915977239,1592.3123403,215.43928050445345,171.63628592000958,387.07556642446303,1376.8730597955464,1205.2367738755368,0.12465657941298966
US-Ha1,2002,360.29589,43.992306194405685,60.92538247172823,104.91768866613391,316.3035838055943,255.3782013338661,1246.37748,463.5320045271821,98.92269293847292,562.454697465655,782.845475472818,683.9227825343451,1606.67337,507.5243107215877,159.84807541020115,667.3723861317889,1099.1490592784123,939.3009838682112,0.145428933465258
US-Ha1,2003,268.942086107,42.998374455815885,56.607991818465244,99.60636627428113,225.94371165118415,169.3357198327189,1114.5921869,254.32918495452085,95.62498121615391,349.95416617067474,860.263001945479,764.638020729325,1383.5342730070001,297.32755941033673,152.23297303461916,449.5605324449559,1086.2067135966633,933.9737405620442,0.14015101465405524
US-Ha1,2004,456.9190029999999,64.41989520870887,57.899073853366744,122.31896906207561,392.49910779129107,334.6000339379243,1267.697208,239.700039515872,99.34005439365193,339.04009390952393,1027.997168484128,928.6571140904761,1724.616211,304.11993472458084,157.23912824701867,461.35906297159954,1420.4962762754192,1263.2571480284005,0.11069309428906357
US-Ha1,2005,210.5715172,61.88278132882634,91.70188633158811,153.58466766041445,148.68873587117366,56.98684953958555,1183.707828,195.02607656590737,92.37495585382091,287.40103241972827,988.6817514340927,896.3067955802718,1394.2793452,256.9088578947337,184.07684218540902,440.98570008014275,1137.3704873052664,953.2936451198573,0.161844222476298
US-Ha1,2006,449.7939470000001,93.65100336945325,55.41704367212868,149.06804704158193,356.1429436305469,300.7258999584182,1195.3732414,248.4186373384757,110.29033384304392,358.7089711815196,946.9546040615244,836.6642702184804,1645.1671884,342.06964070792895,165.7073775151726,507.77701822310155,1303.097547692071,1137.3901701768984,0.12716421560968982
US-Ha1,2007,577.579711,263.90117133717104,59.70799302936594,323.60916436653696,313.67853966282894,253.97054663346302,1108.3571752,153.53636569115488,123.31456567691099,276.85093136806586,954.8208095088452,831.5062438319342,1685.9368862000001,417.4375370283259,183.02255870627693,600.4600957346029,1268.499349171674,1085.4767904653972,0.14428273757159596
US-Ha1,2008,348.39780700000006,84.32818348580633,64.67402130688582,149.00220479269217,264.0696235141937,199.3956022073079,1159.944418,318.25836208016665,121.12119839991063,439.37956048007726,841.6860559198334,720.5648575199227,1508.3422249999999,402.586545565973,185.79521970679644,588.3817652727694,1105.755679434027,919.9604597272305,0.16802556221270723
US-Ha1,2009,416.277178,158.9906376937247,80.29459094423098,239.28522863795567,257.2865403062753,176.99194936204432,1841.7516039999998,175.62205196093964,128.01136920980807,303.63342117074774,1666.1295520390602,1538.1181828292522,2258.0287820000003,334.61268965466434,208.30596015403904,542.9186498087033,1923.416092345336,1715.110132191297,0.10829999862382307
US-Ha1,2010,630.9654449999999,332.6900727335238,66.38471740576377,399.07479013928753,298.27537226647615,231.8906548607124,1181.511847,827.7233511986731,96.568974962154,924.2923261608271,353.7884958013269,257.2195208391729,1812.4772920000003,1160.4134239321968,162.95369236791777,1323.3671163001145,652.0638680678035,489.1101756998857,0.24990449608990353
US-Ha1,2011,433.015572,102.65921682361564,51.01110848008663,153.67032530370227,330.3563551763844,279.34524669629775,1389.449412,411.78680208095363,127.44505880582486,539.2318608867785,977.6626099190463,850.2175511132215,1822.464984,514.4460189045693,178.45616728591148,692.9021861904807,1308.0189650954308,1129.5627978095192,0.13643240048349883
US-Ha1,2012,465.925127,69.44212382511385,72.32992863621195,141.7720524613258,396.4830031748861,324.15307453867416,1264.307183,238.4307724968437,62.87226922796235,301.30304172480606,1025.8764105031562,963.0041412751939,1730.2323099999999,307.87289632195757,135.2021978641743,443.0750941861319,1422.3594136780423,1287.1572158138679,0.09505487611922113
US-Ha1,2013,410.2415409999999,86.53311125789631,69.6308829675255,156.1639942254218,323.7084297421036,254.07754677457808,1087.154515,98.3178727044255,101.05890404313733,199.37677674756281,988.8366422955744,887.7777382524371,1497.396056,184.85098396232183,170.68978701066283,355.54077097298466,1312.5450720376782,1141.8552850270153,0.13004489571217023
US-Ha1,2015,464.47185323000014,73.95594691027992,80.46216030631467,154.4181072165946,390.5159063197202,310.05374601340554,1341.0976563,289.744657925356,99.58780246957761,389.3324603949336,1051.352998374644,951.7651959050663,1805.5695095300002,363.70060483563594,180.04996277589228,543.7505676115283,1441.8689046943643,1261.818941918472,0.12487263036861025
US-Ha1,2016,450.97654579000005,166.1768842615377,68.34286683656251,234.51975109810022,284.79966152846237,216.45679469189986,1099.5515110000001,339.2966906406941,86.89388941890084,426.19058005959494,760.254820359306,673.3609309404052,1550.5280567900002,505.47357490223186,155.23675625546335,660.7103311576952,1045.0544818877684,889.817725632305,0.14854417539557013
US-Ha1,2017,326.40605070000004,81.97940462246187,73.77973242413925,155.75913704660113,244.42664607753818,170.64691365339894,1087.239572,154.02063080277176,92.91338798692995,246.93401878970172,933.2189411972282,840.3055532102983,1413.6456226999999,236.00003542523368,166.6931204110692,402.6931558363029,1177.6455872747663,1010.952466863697,0.14154778161808426
US-Ha1,2018,412.07382570000004,43.249164184006105,61.02915507348323,104.27831925748933,368.82466151599397,307.7955064425107,1091.739411,152.93730191637025,111.00771781946713,263.9450197358374,938.8021090836298,827.7943912641626,1503.8132367,196.18646610037635,172.03687289295036,368.2233389933267,1307.6267705996238,1135.5898977066734,0.1315642022333799
US-Ha1,2019,344.97214579999996,31.898090155995583,51.312742328458725,83.2108324844543,313.0740556440044,261.76131331554564,1074.9899040999999,136.0959213507701,90.12775850870936,226.2236798594795,938.8939827492297,848.7662242405204,1419.9620499,167.9940115067657,141.4405008371681,309.43451234393376,1251.9680383932343,1110.5275375560664,0.11297453009957961
US-Ha1,2020,321.445986,65.73043519652103,54.853215776428726,120.58365097294975,255.71555080347898,200.86233502705025,908.9886957,382.5046964629802,103.87682500015393,486.3815214631341,526.4839992370198,422.6071742368659,1230.4346817,448.23513165950106,158.73004077658265,606.9651724360838,782.1995500404989,623.4695092639163,0.2029278088543573
US-Ha1,2021,242.5986622,71.9122172675036,67.5089466691126,139.4211639366162,170.68644493249639,103.17749826338378,855.2399379999999,180.33434400244946,64.51030123802256,244.844645240472,674.9055939975505,610.3952927595279,1097.8386002,252.24656126995305,132.01924790713517,384.2658091770882,845.5920389300469,713.5727910229117,0.15612640827861046
US-Ha1,2023,370.942887,58.90097557859674,62.18569703094076,121.0866726095375,312.04191142140326,249.8562143904625,1168.0209009,102.47475397900789,97.09380158984379,199.56855556885168,1065.5461469209922,968.4523453311484,1538.9637879,161.37572955760464,159.27949862078455,320.65522817838917,1377.5880583423952,1218.3085597216107,0.1156220088118651
US-Ha1,2024,401.096249,88.70088279981618,41.795085390787634,130.49596819060383,312.39536620018384,270.6002808093962,1128.074217,330.7675862541289,70.5579807608365,401.3255670149654,797.3066307458712,726.7486499850347,1529.170466,419.46846905394506,112.35306615162413,531.8215352055691,1109.701996946055,997.3489307944309,0.10124616019510133
