eos_source,window,term,label,beta,se,p,r_within,n_obs,n_sites,sites
GCC,pre,gpp,GPP,-6.920083487519465,2.021346485337134,0.0006181982476281521,-0.4802235998094441,15,1,US-Ha1 (15)
GCC,pre,ra,autotrophic respiration,-5.473668983971272,2.238097131735401,0.014457933235047179,-0.37984874436684213,15,1,US-Ha1 (15)
GCC,pre,growth,growth,-4.85258126181415,3.6158295577363706,0.1795836216319595,-0.3367479664254109,15,1,US-Ha1 (15)
GCC,pre,sink_total,total sink (growth + respiration),-5.948750314215152,2.361524476677217,0.01176787272019794,-0.41281731577547337,15,1,US-Ha1 (15)
GCC,pre,npp,NPP (GPP - respiration),-3.487221727361751,3.5589354369645823,0.32716032793463834,-0.24199797217297034,15,1,US-Ha1 (15)
GCC,pre,residual,GPP - total sink,-2.5448950564705477,3.7961671516159727,0.5026121356227033,-0.17660461284313483,15,1,US-Ha1 (15)
GCC,post,gpp,GPP,-7.650876754679847,1.8314263233509054,2.94664687723852e-05,-0.5309374638986852,15,1,US-Ha1 (15)
GCC,post,ra,autotrophic respiration,-2.888692965071864,2.6274164490346323,0.27157515866659476,-0.20046268761538916,15,1,US-Ha1 (15)
GCC,post,growth,growth,-3.328634436980921,4.8144288563640965,0.4893222522780867,-0.23099270618043452,15,1,US-Ha1 (15)
GCC,post,sink_total,total sink (growth + respiration),-3.2116683499386607,2.4718161014419433,0.193835763741263,-0.22287577009485646,15,1,US-Ha1 (15)
GCC,post,npp,NPP (GPP - respiration),-4.2006187365903545,4.445139934008362,0.3446632979472879,-0.29150461186639637,15,1,US-Ha1 (15)
GCC,post,residual,GPP - total sink,-4.062935354602281,4.55881318904592,0.37280764319420134,-0.2819499859068255,15,1,US-Ha1 (15)
NIRv,pre,growth,growth,10.65722434920594,2.711848230158458,8.499006072075875e-05,0.7759146638359946,12,2,"US-Ha1 (9), AT-Zoe (3)"
NIRv,post,gpp,GPP,7.527094315771821,3.2919853971562336,0.022225561889052448,0.5480210103786621,12,2,"US-Ha1 (9), AT-Zoe (3)"
NIRv,post,ra,autotrophic respiration,-1.9130872357148618,3.7570873323780276,0.610616078820142,-0.13928508875758336,12,2,"US-Ha1 (9), AT-Zoe (3)"
NIRv,post,growth,growth,-1.490137550426292,4.775806077051341,0.7550268294325616,-0.10849162395596536,12,2,"US-Ha1 (9), AT-Zoe (3)"
NIRv,post,sink_total,total sink (growth + respiration),-2.151848775633539,3.5078720287262057,0.5395892586783095,-0.1566684686989815,12,2,"US-Ha1 (9), AT-Zoe (3)"
NIRv,post,npp,NPP (GPP - respiration),7.32520973208093,2.939906651714334,0.012715232121206467,0.5333225106797364,12,2,"US-Ha1 (9), AT-Zoe (3)"
NIRv,post,residual,GPP - total sink,7.4768365416188285,2.809675047921632,0.007788497590246511,0.5443619202948574,12,2,"US-Ha1 (9), AT-Zoe (3)"
stacked,pre,gpp,GPP,-2.7694342560984397,1.6918558727941053,0.1016469960844634,-0.2285220066828642,33,1,US-Ha1 (33)
stacked,pre,ra,autotrophic respiration,-2.562702936387881,1.449724238583896,0.0771081394775107,-0.21146341216291023,33,1,US-Ha1 (33)
stacked,pre,growth,growth,1.8112392101414905,2.515364648683467,0.471481753653472,0.14847604632359776,36,2,"US-Ha1 (33), AT-Zoe (3)"
stacked,pre,sink_total,total sink (growth + respiration),-2.197100892869673,1.5534022404357608,0.15725039087010084,-0.18129547716024336,33,1,US-Ha1 (33)
stacked,pre,npp,NPP (GPP - respiration),-1.130021775604717,2.2159405958337106,0.6100855844301207,-0.09324461961423217,33,1,US-Ha1 (33)
stacked,pre,residual,GPP - total sink,-1.323220882676831,2.116124025822093,0.531771535080289,-0.10918659315638654,33,1,US-Ha1 (33)
stacked,post,gpp,GPP,-2.07362029781943,2.542462008764616,0.41473158603100413,-0.16998469427599192,36,2,"US-Ha1 (33), AT-Zoe (3)"
stacked,post,ra,autotrophic respiration,-1.834283004561867,1.6225503346977102,0.2582682325791452,-0.15036505770799902,36,2,"US-Ha1 (33), AT-Zoe (3)"
stacked,post,growth,growth,-2.6310381253545083,2.5590841496402867,0.30389475684570333,-0.21567893207699027,36,2,"US-Ha1 (33), AT-Zoe (3)"
stacked,post,sink_total,total sink (growth + respiration),-2.138429196549791,1.5118659845982236,0.15723557195621274,-0.17529739344691958,36,2,"US-Ha1 (33), AT-Zoe (3)"
stacked,post,npp,NPP (GPP - respiration),-0.5221776157914426,2.868343104086805,0.8555446489178052,-0.04280542704535386,36,2,"US-Ha1 (33), AT-Zoe (3)"
stacked,post,residual,GPP - total sink,-0.32887327728423854,2.888977081757457,0.9093667898083896,-0.02695933462528875,36,2,"US-Ha1 (33), AT-Zoe (3)"
