leaf_habit,doy_center,median,q25,q75,n_sites
deciduous,15.0,0.5542166766033934,0.5106445122785355,0.6121902247920713,31
deciduous,20.0,0.5742198607481206,0.5149778681294568,0.5983885903511054,34
deciduous,25.0,0.5571914163239517,0.4722892780341035,0.5890345579904697,33
deciduous,30.0,0.5526264238085086,0.48075001735264794,0.601527905268988,34
deciduous,35.0,0.5548389641695909,0.47629759970140484,0.6045145256679395,34
deciduous,40.0,0.5652937427205136,0.5186421903762133,0.6041120173507322,34
deciduous,45.0,0.5801527928216121,0.5166961221342427,0.6463827756886225,34
deciduous,50.0,0.5672104153087143,0.5037067201888219,0.6119372688018784,34
deciduous,55.0,0.5476565992304014,0.4810576708434027,0.5916426978555631,34
deciduous,60.0,0.5383046162431806,0.4982729383900868,0.6116064810206566,34
deciduous,65.0,0.5406490578853267,0.5176098812516803,0.6213862764815725,34
deciduous,70.0,0.5600639393920965,0.4621967791946309,0.6111528738364287,35
deciduous,75.0,0.5522916706141021,0.4737822804942207,0.6057932326603007,35
deciduous,80.0,0.5494908246399625,0.45229690120163746,0.6033592697906563,35
deciduous,85.0,0.5321219733031723,0.4772687356863984,0.6098201452908328,35
deciduous,90.0,0.536421777982882,0.4674050012767863,0.5631889638471133,35
deciduous,95.0,0.557660783756605,0.49726631721586456,0.60514255856306,35
deciduous,100.0,0.5508193627901081,0.4862204145034079,0.6172718797376329,35
deciduous,105.0,0.5678130801924219,0.5065548594338021,0.6395859444632169,35
deciduous,110.0,0.580596136765808,0.5194526543466561,0.6801789894929441,35
deciduous,115.0,0.6369578914729148,0.47538599899203815,0.6916128634112655,35
deciduous,120.0,0.6421087438973723,0.5221477835401058,0.7459881261693943,35
deciduous,125.0,0.6289732500964007,0.5353576176229977,0.7683388008346654,35
deciduous,130.0,0.6822395776743664,0.5860547880325895,0.7693599310478625,35
deciduous,135.0,0.6998536965946451,0.6133547517494,0.7755658540533056,35
deciduous,140.0,0.7526448313249525,0.6650417989587105,0.8275205053172613,35
deciduous,145.0,0.7599577069937937,0.6658341579545606,0.8215180144696073,35
deciduous,150.0,0.7458402328783734,0.6469279439832685,0.8178065634218616,35
deciduous,155.0,0.7063016449410557,0.6085160221295227,0.8161311808771624,35
deciduous,160.0,0.6593838581531426,0.5856280881175322,0.7849433102574281,35
deciduous,165.0,0.6897561518147611,0.5383644484331505,0.7941490334382257,35
deciduous,170.0,0.6295952203541839,0.5286005607574069,0.7469050451611241,35
deciduous,175.0,0.6549081230384262,0.5764229134428609,0.769102931524565,35
deciduous,180.0,0.6091147735245497,0.5166152228441578,0.7401338114073912,35
deciduous,185.0,0.5675693829883399,0.46169325289404206,0.7397946884615283,34
deciduous,190.0,0.5805300153246422,0.427608317068387,0.7186946523689038,35
deciduous,195.0,0.5913014666676559,0.48294209668780436,0.7076003627335445,35
deciduous,200.0,0.6076160963904037,0.4815894055559572,0.7239984093047318,35
deciduous,205.0,0.6374817506101763,0.4973005477704696,0.6896876939200465,35
deciduous,210.0,0.5900816963359643,0.5089032324002394,0.7161514422005857,35
deciduous,215.0,0.6153172209930224,0.4829181268241898,0.7203528591363635,35
deciduous,220.0,0.5990748343747989,0.4718700773577978,0.7131204042650321,35
deciduous,225.0,0.5695476970820418,0.47092318611263617,0.7469953543685268,35
deciduous,230.0,0.5692632638549708,0.46998554557644057,0.7241306477024876,35
deciduous,235.0,0.6276976957663184,0.4701945236066234,0.6874074145144706,35
deciduous,240.0,0.5859462026078317,0.4525935027765711,0.6993659912875403,35
deciduous,245.0,0.646013558732081,0.495686012548363,0.7172866089425382,35
deciduous,250.0,0.6457224757334175,0.5432046720164689,0.7009874511648443,35
deciduous,255.0,0.6329831003547506,0.5392546721257454,0.7378153609633933,35
deciduous,260.0,0.6555522575292465,0.5516708649605899,0.7300964947778654,35
deciduous,265.0,0.636244170091162,0.5380181329144096,0.75530636271371,35
deciduous,270.0,0.7216092127391295,0.5985050969984307,0.777527844441524,35
deciduous,275.0,0.7141009184439486,0.604369861703967,0.7924473123154718,35
deciduous,280.0,0.7426537672088664,0.5853768677837982,0.807455625967508,35
deciduous,285.0,0.7317994762197378,0.6012320228870118,0.81798762669739,35
deciduous,290.0,0.7277779744365257,0.5522747111228375,0.7927735970383536,35
deciduous,295.0,0.7334313113739168,0.5475153517040205,0.8026737281881933,35
deciduous,300.0,0.7145491306540983,0.5442864630800808,0.7807037586444667,35
deciduous,305.0,0.6808328367789721,0.510623748942738,0.7613011702458663,35
deciduous,310.0,0.6115196402210659,0.4945232706186605,0.6900790001340803,35
deciduous,315.0,0.5864259531793887,0.515558768681466,0.6487190116319306,35
deciduous,320.0,0.534157834063212,0.4801543055804524,0.6829236508470812,34
deciduous,325.0,0.5465643874610128,0.49155192001153203,0.6151334965511662,34
deciduous,330.0,0.5060492923720618,0.4691640464583791,0.6102182816614201,34
deciduous,335.0,0.566691785589392,0.4956237323402034,0.6076992300704211,34
deciduous,340.0,0.5513177304012502,0.4690537076437829,0.5895634191511336,34
deciduous,345.0,0.5488916602162196,0.50767386324697,0.6313798454920799,34
deciduous,350.0,0.5597117387919357,0.4838368684216478,0.6080349240548139,34
evergreen,15.0,0.5810716054985127,0.49987508809212455,0.643496270134315,38
evergreen,20.0,0.5462402733936593,0.5089619335814515,0.6410793179433703,38
evergreen,25.0,0.5693739251835638,0.4935960971583754,0.6591401163951044,38
evergreen,30.0,0.594726550539616,0.5244273984644496,0.6759024534166461,38
evergreen,35.0,0.5930515391516091,0.5461657496286219,0.6789498846067196,38
evergreen,40.0,0.5996345522685893,0.5233256502888943,0.6616918258289688,38
evergreen,45.0,0.6057587708666581,0.5126998224411614,0.6921279614545244,38
evergreen,50.0,0.6139063494389809,0.531518756205068,0.6950396702718862,38
evergreen,55.0,0.619268025396154,0.5446102843070633,0.7011456868720033,38
evergreen,60.0,0.638345835450544,0.5578456360660209,0.7355758146536108,38
evergreen,65.0,0.6619371759760009,0.5601070175234353,0.7592950190097717,38
evergreen,70.0,0.6938719917378458,0.5531529292900466,0.7605489370131797,38
evergreen,75.0,0.6710425361672272,0.5704267954918338,0.7603948232047605,38
evergreen,80.0,0.6684355938558847,0.6087021100646529,0.771959283312763,38
evergreen,85.0,0.6816223653287374,0.6122493406810425,0.7732301139179767,38
evergreen,90.0,0.6927732970850325,0.61404251037258,0.7649334572393904,38
evergreen,95.0,0.651099758058508,0.6198844455836718,0.7762615751636861,38
evergreen,100.0,0.6855844628825948,0.593137345938244,0.746105814892327,38
evergreen,105.0,0.715748470065114,0.5851338247116858,0.7678412323351073,38
evergreen,110.0,0.6854198634800361,0.6099622958073061,0.7733615092787484,38
evergreen,115.0,0.684867007828174,0.6290714377614669,0.7564980725491559,38
evergreen,120.0,0.6871784512663531,0.6119919739512565,0.730388242833135,38
evergreen,125.0,0.6656843658275162,0.6199321037458507,0.7477974115410873,38
evergreen,130.0,0.6527691622910993,0.6016319589192758,0.7448959507710656,38
evergreen,135.0,0.6692149158144268,0.5861529493099236,0.7248436601723229,38
evergreen,140.0,0.6590825385908068,0.5773966075670539,0.7379193623473306,38
evergreen,145.0,0.640251711897573,0.5756238134070903,0.6932279489062365,38
evergreen,150.0,0.6214898192218726,0.5497352373085831,0.7219830595966109,38
evergreen,155.0,0.6070965291532244,0.5352709926871398,0.6873102244378304,38
evergreen,160.0,0.5806948740645826,0.5108806018092731,0.6917130541372822,38
evergreen,165.0,0.5541421010063475,0.4932707727614202,0.7198276062608444,38
evergreen,170.0,0.5609340613947813,0.4749479114668036,0.706142095957644,38
evergreen,175.0,0.5844807356662873,0.4720951771132992,0.7110256126371245,38
evergreen,180.0,0.580629481682373,0.41468706958556184,0.7077789692227294,38
evergreen,185.0,0.5592551733580107,0.46329468598142637,0.6863524133805129,38
evergreen,190.0,0.5504565158462413,0.414663393604058,0.6681141359204515,38
evergreen,195.0,0.5368562961902458,0.44839441840659633,0.6454129972548662,38
evergreen,200.0,0.5436067744693284,0.4592281343658061,0.6116944363343007,38
evergreen,205.0,0.5339627213021683,0.44579844907351607,0.612419386762295,38
evergreen,210.0,0.5278509873627029,0.41780500294773715,0.6237943807382815,38
evergreen,215.0,0.5206889446214803,0.39348442524315186,0.622235322316878,38
evergreen,220.0,0.5246303336024012,0.4073702202172478,0.6245630213422777,38
evergreen,225.0,0.4922363934995911,0.3987811285510876,0.6351187034754402,38
evergreen,230.0,0.5258755508080695,0.4380897798031501,0.6930945219125344,38
evergreen,235.0,0.5331143851930823,0.43967703898874394,0.6464755150571297,38
evergreen,240.0,0.5622455227534575,0.4455271705460112,0.6467849875254683,38
evergreen,245.0,0.5370244388156933,0.4462126668720809,0.6338013002714731,38
evergreen,250.0,0.5545950339135759,0.43573345651838513,0.6895698419104169,38
evergreen,255.0,0.58995158400144,0.47490506558767065,0.689159550754161,38
evergreen,260.0,0.5758790013580211,0.5124889436813297,0.7171529071442538,38
evergreen,265.0,0.6101816303831057,0.5339360084699223,0.7277387214057303,38
evergreen,270.0,0.6230717983096993,0.5259255955686256,0.7435054673672631,38
evergreen,275.0,0.6406256456106327,0.5608790340175751,0.7548104049612667,38
evergreen,280.0,0.7026691784632711,0.5784588854889111,0.7873982218464155,38
evergreen,285.0,0.7195688750694491,0.6086200730721469,0.7820662745782774,38
evergreen,290.0,0.7189807775231064,0.58543409063842,0.7722296494774552,38
evergreen,295.0,0.7004344680406076,0.566529526064419,0.7684428039101592,38
evergreen,300.0,0.6891646473620445,0.5854178606972115,0.766490411495991,38
evergreen,305.0,0.6785699030950078,0.5833910127525757,0.7614261828987144,38
evergreen,310.0,0.6435025547851518,0.6042683976324645,0.7482206402996715,38
evergreen,315.0,0.6433907690840841,0.5659688719886813,0.7338982972350299,38
evergreen,320.0,0.6386507858454353,0.5611338990446195,0.7150257655515332,38
evergreen,325.0,0.6199060763073733,0.5648038698987461,0.7287236418286113,38
evergreen,330.0,0.6158319529344393,0.5500170068085873,0.7071683869351058,38
evergreen,335.0,0.6215568609462614,0.5299054257294904,0.6772346609357534,38
evergreen,340.0,0.5895299885555002,0.5335956894474893,0.6678080019821627,38
evergreen,345.0,0.6014029980838053,0.5252460959121311,0.6676002061860485,38
evergreen,350.0,0.5800394454258103,0.5228336140847096,0.6595728097798155,38
grass/shrub,15.0,0.5454963192753687,0.4820628769849963,0.5983322803168786,53
grass/shrub,20.0,0.5211201276029567,0.4629488269007112,0.6077973989541562,53
grass/shrub,25.0,0.517715517165916,0.4744495249928762,0.607534291714625,53
grass/shrub,30.0,0.5343008715805573,0.48678344069541724,0.6209892662619394,54
grass/shrub,35.0,0.5479096397335339,0.4660448414102883,0.6155609883179364,54
grass/shrub,40.0,0.550871451406318,0.4887982919078519,0.6070018053595645,54
grass/shrub,45.0,0.5456131512098799,0.47133756493391976,0.5893224059823063,54
grass/shrub,50.0,0.5467244646388937,0.4904597623650324,0.6127347833564353,54
grass/shrub,55.0,0.5333858749969522,0.4856741681270984,0.6233926565170185,54
grass/shrub,60.0,0.5510269079814052,0.49762341670515486,0.638929119167037,54
grass/shrub,65.0,0.5460468550751068,0.47856341718648376,0.6281068916105803,54
grass/shrub,70.0,0.5388373992691211,0.48634010695810176,0.6290701354679183,54
grass/shrub,75.0,0.565163280290234,0.47852764165176287,0.6511389080142351,54
grass/shrub,80.0,0.5718904612777049,0.4882755198388164,0.6399630578284983,54
grass/shrub,85.0,0.5649862363856001,0.5001770736431468,0.668233275086407,54
grass/shrub,90.0,0.577075403619496,0.5320213897193447,0.632854452552224,55
grass/shrub,95.0,0.5647573179449421,0.5121136216365723,0.6673128186352619,55
grass/shrub,100.0,0.5678960201479393,0.5255707581193272,0.6807240122844757,55
grass/shrub,105.0,0.5976044116658192,0.5365192657186686,0.6539371237909314,54
grass/shrub,110.0,0.5723533496640609,0.5423146515827629,0.6853956770839799,55
grass/shrub,115.0,0.5719376291181186,0.5185553345078294,0.6701224525701824,55
grass/shrub,120.0,0.5903816164314102,0.5314066973509598,0.6711647066376374,55
grass/shrub,125.0,0.5998978602924838,0.5169535894921427,0.688350259232295,55
grass/shrub,130.0,0.5974749377832187,0.516547669459775,0.7068167750202714,55
grass/shrub,135.0,0.6316471484892282,0.4963807315862008,0.7085952006688225,55
grass/shrub,140.0,0.6033016324521706,0.4771818442753289,0.6958924901743657,55
grass/shrub,145.0,0.6091909726970224,0.49015164234253394,0.7058333071695195,55
grass/shrub,150.0,0.6123026123052775,0.4943820531079489,0.7036605665199684,55
grass/shrub,155.0,0.6066167057286489,0.4812320549865807,0.7306356165715251,55
grass/shrub,160.0,0.6061305159541757,0.4621332071342447,0.703475635278366,54
grass/shrub,165.0,0.6204797436785594,0.4418133320653469,0.7324834572890289,54
grass/shrub,170.0,0.601589137542276,0.453289195589079,0.7128107444599363,53
grass/shrub,175.0,0.6111233447814731,0.43630373078143714,0.7199263951572291,52
grass/shrub,180.0,0.5823893798183809,0.4573973564834398,0.6895592317684955,52
grass/shrub,185.0,0.559313961028042,0.44023103338733643,0.6863215713460367,51
grass/shrub,190.0,0.5549484068484032,0.4295368610192287,0.678985157840664,51
grass/shrub,195.0,0.5587948019219592,0.44776618153071546,0.6979944854996168,51
grass/shrub,200.0,0.5661751969135554,0.4245174859524432,0.6906949010511327,52
grass/shrub,205.0,0.5600151058614721,0.43574230880129916,0.6628569933690777,52
grass/shrub,210.0,0.570483541545168,0.46057492011907986,0.6495514726522533,51
grass/shrub,215.0,0.5725812176164247,0.4772147016540143,0.6669804703735682,52
grass/shrub,220.0,0.5669670235558801,0.4850632939653581,0.6542016104354491,53
grass/shrub,225.0,0.5733443304237531,0.49015774498511216,0.6509921424652593,52
grass/shrub,230.0,0.543269468119892,0.46351527772481016,0.662392989952221,52
grass/shrub,235.0,0.5843382660477158,0.47935232866541116,0.6712368456590667,52
grass/shrub,240.0,0.5794742321465902,0.48888153565140896,0.6577029073514084,52
grass/shrub,245.0,0.5542810399543692,0.48763469384668845,0.6587485309112626,52
grass/shrub,250.0,0.5603643167406562,0.4815509420528496,0.6655911178510845,53
grass/shrub,255.0,0.585519870333027,0.5104684757178252,0.6810531479976153,53
grass/shrub,260.0,0.5757464678631259,0.502125078428604,0.7202618127506278,54
grass/shrub,265.0,0.5714413945438349,0.5092685137785322,0.7173376957829225,54
grass/shrub,270.0,0.6121625701033896,0.5167996575041186,0.7139679014625244,55
grass/shrub,275.0,0.5679417663288844,0.5090178161442921,0.6628966960855267,55
grass/shrub,280.0,0.5803945840189131,0.4798607394949398,0.6408389873962127,55
grass/shrub,285.0,0.5663791583898947,0.5014316090493918,0.6261020495926376,55
grass/shrub,290.0,0.5768297644921709,0.4749061821698087,0.673429785729011,55
grass/shrub,295.0,0.5453067921044186,0.4599170723642756,0.6457478031835855,55
grass/shrub,300.0,0.5496333033589377,0.504167496082273,0.6284771377193856,55
grass/shrub,305.0,0.5461431206432538,0.48574699757276096,0.6427820985201014,55
grass/shrub,310.0,0.5395363228993852,0.4856667574958246,0.6364966447519228,54
grass/shrub,315.0,0.546719306475213,0.5044139176937477,0.6252977678281539,54
grass/shrub,320.0,0.5594536910692869,0.48436732142436517,0.6567306683405769,52
grass/shrub,325.0,0.5600775063206194,0.5107928057096498,0.6237566333117204,54
grass/shrub,330.0,0.5215643191492911,0.4780046803530968,0.6515882510310915,54
grass/shrub,335.0,0.555190323936777,0.4824476497932993,0.6362937235799353,54
grass/shrub,340.0,0.5561211232376017,0.49065928451376983,0.6290864042445147,54
grass/shrub,345.0,0.5229072601571342,0.460083428638678,0.6377482944384881,54
grass/shrub,350.0,0.5424631466942378,0.4653108417399633,0.6294694619896041,53
