site_id,year,dataset,n_units,max_gap_days,timing_ok,growth_annual,growth_pre,growth_post,frac_pre,rate_pre,rate_post,rate_max,doy_rate_max,doy_g10,doy_g50,doy_g90
AT-Zoe,1996,LTER Zoebelboden,3,144.0,False,0.09012428043670422,0.029192655975846377,0.06093162446085784,0.32391555121872917,0.00016972474404561844,0.0004786774108686644,,,,,
AT-Zoe,1997,LTER Zoebelboden,3,31.0,True,7.0530361923570295,0.07885178752111317,6.974184404835916,0.011179835941655926,0.001093454476271644,0.04761362489532791,0.21964233253983534,288.0,276.0,288.0,301.0
AT-Zoe,1998,LTER Zoebelboden,4,31.0,True,0.7752337630656566,0.3162908645418886,0.458942898523768,0.407994181382295,0.004392193166545887,0.003577083841208354,0.010818006707081015,162.0,147.0,179.0,238.0
AT-Zoe,1999,LTER Zoebelboden,4,31.0,True,1.0070995331081611,0.3547897144708676,0.6523098186372935,0.3522886296808199,0.00491578130656348,0.005066359821098848,0.011429986425343167,194.0,143.0,186.0,233.0
AT-Zoe,2000,LTER Zoebelboden,4,31.0,True,0.850566179040399,0.47703823414810004,0.37352794489229896,0.5608478751016062,0.0065214137224487035,0.0029367158995658896,0.012031855507143672,165.0,133.0,169.0,236.0
AT-Zoe,2001,LTER Zoebelboden,4,31.0,True,0.7940812071227712,0.22975198303085748,0.5643292240919138,0.2893305885720779,0.0031369967234208674,0.004404461172942029,0.009195349579890802,200.0,144.0,194.0,244.0
AT-Zoe,2002,LTER Zoebelboden,4,31.0,True,0.952930374268973,0.43589281710412664,0.5170375571648463,0.45742357350978097,0.006034616208317169,0.0040234784838284856,0.014421379202846089,162.0,142.0,175.0,240.0
AT-Zoe,2003,LTER Zoebelboden,4,31.0,True,0.6619712177270715,0.32854367575184573,0.3334275419752257,0.4963111189032137,0.004554637634549458,0.0025890760859034537,0.008021956270240285,170.0,133.0,173.0,252.0
AT-Zoe,2004,LTER Zoebelboden,4,31.0,True,0.7055922759750614,0.1622783862527179,0.5433138897223435,0.2299888927050181,0.002208311389749559,0.0042767430182744405,0.00893334021417709,198.0,157.0,198.0,237.0
AT-Zoe,2005,LTER Zoebelboden,4,31.0,True,0.5080859951416522,0.17013424548963804,0.33795174965201413,0.3348532475141444,0.002361412167037189,0.002638377315278503,0.006777801505507982,164.0,155.0,187.0,237.0
AT-Zoe,2006,LTER Zoebelboden,4,31.0,True,0.7579681220946055,0.3791131965583111,0.3788549255362944,0.5001703706359728,0.0052489482123380254,0.0029491759039344794,0.010950349086206772,162.0,136.0,172.0,222.0
AT-Zoe,2007,LTER Zoebelboden,4,31.0,True,1.153914005292303,0.6535822031903019,0.500331802102001,0.5664046022430763,0.00907490418755335,0.003863551893579789,0.014560873954252266,167.0,131.0,167.0,232.0
AT-Zoe,2008,LTER Zoebelboden,4,31.0,True,0.6556485843827146,0.2305274585115658,0.42512112587114875,0.35160216006354184,0.0031579103905693944,0.0033468103013747025,0.0076474374158887045,165.0,151.0,187.0,252.0
AT-Zoe,2009,LTER Zoebelboden,4,31.0,True,1.1502451743016737,0.462817818787396,0.6874273555142778,0.4023644950898209,0.0064087214284214294,0.005239588879670139,0.008979970237136339,165.0,133.0,186.0,277.0
AT-Zoe,2010,LTER Zoebelboden,4,31.0,True,0.5093757869072085,0.17274360581021742,0.3366321810969911,0.33912802738243547,0.0023729166296570727,0.002613968141866598,0.006786082404349076,162.0,155.0,185.0,229.0
AT-Zoe,2011,LTER Zoebelboden,4,31.0,True,0.9902409283912393,0.5988696460160924,0.39137128237514696,0.604771655913097,0.0073842901128137505,0.0030153255155658297,0.00958958277528368,162.0,105.0,162.0,213.0
AT-Zoe,2012,LTER Zoebelboden,4,31.0,True,0.7232825865085525,0.28792073956593,0.4353618469426225,0.3980750331012227,0.003915779276023899,0.00341033405159703,0.00907351021684507,163.0,144.0,182.0,228.0
AT-Zoe,2013,LTER Zoebelboden,4,31.0,True,1.0025130670476692,0.4063406012872158,0.5961724657604535,0.4053219999255076,0.005601415771845788,0.004647579026872333,0.01299341593938931,167.0,143.0,180.0,240.0
AT-Zoe,2014,LTER Zoebelboden,4,41.0,False,0.7613431495209076,0.3028137680340233,0.4585293814868843,0.39773624839807875,0.004001061392167527,0.0035683207622922886,,,,,
AT-Zoe,2015,LTER Zoebelboden,4,31.0,True,0.9776974982198116,0.512230081592821,0.46546741662699054,0.5239146898969138,0.0071117774242229065,0.003608592806531601,0.015830454778185985,163.0,137.0,171.0,226.0
AT-Zoe,2016,LTER Zoebelboden,4,31.0,True,0.7908327147358009,0.25679520497040126,0.5340375097653995,0.32471494942668205,0.0035127549941147097,0.004179870074133636,0.010162518621401426,163.0,156.0,188.0,239.0
AT-Zoe,2017,LTER Zoebelboden,4,31.0,True,0.7798557185611104,0.29859212573598665,0.4812635928251237,0.382881241528767,0.003950017446214308,0.0037320590771160425,0.010117833537041774,170.0,146.0,182.0,233.0
AT-Zoe,2018,LTER Zoebelboden,4,31.0,True,0.9089347960277683,0.5461439880178145,0.3627908080099538,0.6008615693937298,0.007571053800194564,0.0028139006809855477,0.013890651004746806,166.0,131.0,166.0,230.0
AT-Zoe,2019,LTER Zoebelboden,4,31.0,True,0.7252169679635895,0.32999363499191625,0.3952233329716732,0.4550274601524272,0.004570601807798464,0.003087682288841197,0.01348203280922893,162.0,153.0,175.0,211.0
CH-Dav,2016,DenDrought2018,9,1.0,True,1.0280541042973619,0.21873688820912593,0.8093172160882359,0.21276787602401992,0.002996395728892136,0.006301885813879171,0.02143553583457066,186.0,166.0,193.0,218.0
CH-Dav,2017,DenDrought2018,9,5.0,True,0.9671824146499581,0.3543641469889838,0.6128182676609744,0.3663881204015015,0.004899941556229793,0.004787642716101362,0.02292701186118394,172.0,156.0,176.0,219.0
CH-Dav,2018,DenDrought2018,8,1.0,True,1.0053589161842649,0.4453772438311411,0.5599816723531238,0.44300322667005737,0.006185795053210293,0.00437485681525878,0.0200414396306009,163.0,156.0,177.0,233.0
CZ-BK1,2016,DenDrought2018,3,1.0,True,1.0241457017558042,0.3438389699882438,0.6803067317675604,0.33573247380598614,0.004710122876551285,0.005356745919429609,0.01737859671516657,187.0,155.0,188.0,224.0
CZ-BK1,2017,DenDrought2018,8,1.0,True,1.03876581988492,0.36889700586662355,0.6698688140182963,0.3551300965096175,0.005123569525925327,0.005103375988297376,0.015217456402121814,159.0,155.0,183.0,247.0
CZ-BK1,2018,DenDrought2018,8,1.0,True,0.9521795419566534,0.5906360200486516,0.3615435219080019,0.620299002470628,0.008203278056231271,0.002783059754970645,0.015736384974715013,155.0,133.0,162.0,199.0
CZ-RAJ,2017,DenDrought2018,7,1.0,True,1.4284708892731597,0.22055142635075778,1.207919462922402,0.15439686451221954,0.003063214254871636,0.009374591116873093,0.0336234968826647,199.0,159.0,206.0,267.0
CZ-RAJ,2018,DenDrought2018,7,1.0,True,0.5715291107268401,0.3227160360860629,0.24881307464077718,0.5646537158459872,0.004482167167861985,0.0019438521456310717,0.015888843718281115,170.0,136.0,163.0,180.0
CZ-Stn,2018,DenDrought2018,7,1.0,True,1.0,0.7827312977274664,0.2172687022725336,0.7827312977274664,0.010871268023992589,0.0016706318043516718,0.01612718259198689,138.0,127.0,153.0,199.0
FR-Fon,2016,DenDrought2018,10,1.0,True,1.0366173156005654,0.7505036221073507,0.2861136934932147,0.7239929439848741,0.010271192104499288,0.0021817208820013216,0.018240698339781064,140.0,129.0,151.0,216.0
FR-Fon,2017,DenDrought2018,12,1.0,True,0.9734611251517965,0.4797605697216197,0.4937005554301768,0.49283998849651883,0.006647375648315215,0.0038570355892982564,0.013353383890718511,147.0,127.0,174.0,239.0
FR-Fon,2018,DenDrought2018,12,1.0,True,0.9960244451810657,0.8550984774090603,0.1409259677720054,0.858511537087439,0.011863283586790093,0.0010513421494109578,0.020761196553680156,153.0,117.0,148.0,185.0
US-Ha1,1999,Harvard Forest HF069,617,35.0,False,0.8035508796823172,0.297190016442517,0.5063608632398002,0.36984592258801424,0.004127639117257181,0.003955944244060939,,,,,
US-Ha1,2000,Harvard Forest HF069,634,33.0,False,1.3279916338646107,0.43546189618692827,0.8925297376776824,0.32791012012604576,0.00578500469165639,0.007027793210060492,,,,,
US-Ha1,2001,Harvard Forest HF069,634,31.0,True,1.0067628463388967,0.420096858884117,0.5866659874547797,0.41727489290233893,0.0058346785956127365,0.0045833280269904665,0.015557366361081727,173.0,140.0,179.0,221.0
US-Ha1,2002,Harvard Forest HF069,627,18.0,True,0.9621648793574549,0.3695665093685786,0.5925983699888763,0.38409893906684633,0.005132868185674703,0.004364133046267796,0.012406138410809184,165.0,141.0,183.0,270.0
US-Ha1,2003,Harvard Forest HF069,624,40.0,False,0.9124345389997816,0.33960989135419506,0.5728246476455865,0.37220192445419514,0.004716804046586042,0.004259535609428398,,,,,
US-Ha1,2004,Harvard Forest HF069,628,85.0,False,0.9281603925915196,0.3490892628013362,0.5790711297901834,0.3761087691176338,0.004782044695908714,0.004436851756685573,,,,,
US-Ha1,2005,Harvard Forest HF069,627,112.0,False,1.082667211321725,0.5495868937315443,0.5330803175901807,0.5076231070677814,0.007633151301827005,0.00402724814843037,,,,,
US-Ha1,2006,Harvard Forest HF069,623,87.0,False,0.9920747960481219,0.3330722039800039,0.659002592068118,0.33573295613070675,0.00462600283305561,0.004931148796164954,,,,,
US-Ha1,2007,Harvard Forest HF069,632,75.0,False,1.1099462519090222,0.36062766657226664,0.7493185853367555,0.32490552218363256,0.0050087175912814814,0.005494888109060947,,,,,
US-Ha1,2008,Harvard Forest HF069,628,73.0,False,1.1163134686471983,0.3903952555426527,0.7259182131045456,0.34971830628878126,0.005347880212913051,0.005455075458123842,,,,,
US-Ha1,2009,Harvard Forest HF069,624,75.0,False,1.2779467733628538,0.4821171656424668,0.795829607720387,0.3772591908298335,0.006696071745034261,0.005706168175325033,,,,,
US-Ha1,2010,Harvard Forest HF069,616,77.0,False,1.0123753653304974,0.3978076423409589,0.6145677229895385,0.3929448068020616,0.005525106143624429,0.004298225745850692,,,,,
US-Ha1,2011,Harvard Forest HF069,620,86.0,False,1.1639062741511805,0.3083361732045959,0.8555701009465846,0.26491495067286314,0.0042824468500638315,0.005616457178468736,,,,,
US-Ha1,2012,Harvard Forest HF069,615,79.0,False,0.8459141415210495,0.43448715504663793,0.41142698647441156,0.5136303245449719,0.005111613588783976,0.002808304365681542,,,,,
US-Ha1,2013,Harvard Forest HF069,620,90.0,False,1.0763847512132234,0.41916542312354693,0.6572193280896765,0.38941969648965563,0.005821741987827041,0.004475609651970408,,,,,
US-Ha1,2015,Harvard Forest HF069,619,66.0,False,1.058242970475051,0.484385094794409,0.5738578756806418,0.4577257853902549,0.006727570761033458,0.004425071095210408,,,,,
US-Ha1,2016,Harvard Forest HF069,613,73.0,False,0.910568518460045,0.4076716424582569,0.5028968760017882,0.4477111103596156,0.005584543047373382,0.0039598179212739235,,,,,
US-Ha1,2017,Harvard Forest HF069,612,74.0,False,1.0233570725787253,0.4404190702933321,0.5829380022853932,0.430366958019388,0.006116931531851835,0.004136629343493533,,,,,
US-Ha1,2018,Harvard Forest HF069,595,59.0,False,1.0258392703818098,0.36917470085625526,0.6566645695255545,0.3598757734424138,0.005127426400781323,0.004906173503318227,,,,,
US-Ha1,2019,Harvard Forest HF069,589,55.0,False,0.8296441538987277,0.3110040925201826,0.5186400613785451,0.3748644416509032,0.004319501285002535,0.004051875479519884,,,,,
US-Ha1,2020,Harvard Forest HF069,577,62.0,False,0.9779978682543948,0.33183751166268216,0.6461603565917127,0.33930289874247993,0.004545719337844961,0.004634279968557057,,,,,
US-Ha1,2021,Harvard Forest HF069,572,54.0,False,0.7743821365165813,0.4061390867239455,0.3682430497926358,0.5244685634806726,0.005640820648943687,0.002876898826504967,,,,,
US-Ha1,2023,Harvard Forest HF069,499,72.0,False,0.9601426231250613,0.3734924434244232,0.586650179700638,0.38899683695822634,0.005187395047561434,0.004344724540866994,,,,,
US-Ha1,2024,Harvard Forest HF069,431,146.0,False,0.6724485213875866,0.24945742009721408,0.42299110129037254,0.3709687985966015,0.003417224932838549,0.003197143336316018,,,,,
US-Ton,2023,Rao et al. (Dryad),5,1.0,True,1.0,0.9266306665922635,0.07336933340773655,0.9266306665922635,0.011799526708936406,0.0005731979172479418,0.016054006216115017,128.0,101.0,131.0,166.0
