site_id,year,cwb_growing_season,cwb_z,drought,leaf_habit
CA-Ca1,1997,32.9177923151599,1.850801213524161,False,evergreen
CA-Ca1,1998,-254.89861917215615,-0.7740065988205476,False,evergreen
CA-Ca1,1999,-109.83285231252293,0.5489539515847642,False,evergreen
CA-Ca1,2000,-123.25516063522018,0.4265461306997215,False,evergreen
CA-Ca1,2001,-134.7995981426914,0.3212639836458135,False,evergreen
CA-Ca1,2002,-232.74380216439948,-0.5719606610558422,False,evergreen
CA-Ca1,2003,-253.62014141747488,-0.7623472275530958,False,evergreen
CA-Ca1,2004,-103.91806887118244,0.6028951764959151,False,evergreen
CA-Ca1,2005,21.37482764602332,1.7455324983574305,False,evergreen
CA-Ca1,2006,-294.26826848375595,-1.13304715022049,True,evergreen
CA-Ca1,2007,-150.85355375725948,0.17485625137509644,False,evergreen
CA-Ca1,2008,-335.8741885513306,-1.5124818859564404,True,evergreen
CA-Ca1,2009,-237.262839790309,-0.6131730617089916,False,evergreen
CA-Ca1,2010,-203.3429256022754,-0.30383262036749287,False,evergreen
CA-Ca2,2000,-124.68513624454451,0.7940932546322864,False,evergreen
CA-Ca2,2001,-115.72309630474234,0.8805343395393848,False,evergreen
CA-Ca2,2002,-275.2178497195878,-0.6578318823002497,False,evergreen
CA-Ca2,2003,-317.5227603974773,-1.06587317652097,True,evergreen
CA-Ca2,2004,-118.87092576185574,0.8501727482941875,False,evergreen
CA-Ca2,2005,-64.09173677280795,1.378531532494026,False,evergreen
CA-Ca2,2006,-337.79339833164954,-1.2613884773406967,True,evergreen
CA-Ca2,2007,-101.79583279233275,1.014866230033761,False,evergreen
CA-Ca2,2008,-320.3348472565276,-1.0929964476268859,True,evergreen
CA-Ca2,2009,-215.13876474517147,-0.07835429457495612,False,evergreen
CA-Ca2,2010,-285.9922704328988,-0.7617538266298882,False,evergreen
CA-Cbo,1996,1631.3066566981686,1.6452876598243074,False,deciduous
CA-Cbo,1997,1027.3219910620192,-0.22574655058240495,False,deciduous
CA-Cbo,1998,1077.9816186859198,-0.0688122743273127,False,deciduous
CA-Cbo,1999,1044.887499292121,-0.1713318134349224,False,deciduous
CA-Cbo,2000,1790.96722484939,2.139886946958971,False,deciduous
CA-Cbo,2001,902.1806224809847,-0.6134116604335272,False,deciduous
CA-Cbo,2002,793.6817962540051,-0.9495212128934988,False,deciduous
CA-Cbo,2003,1003.46307380661,-0.299657119754083,False,deciduous
CA-Cbo,2004,1272.2059523837797,0.5328592473484772,False,deciduous
CA-Cbo,2005,865.2453232099075,-0.7278304734260856,False,deciduous
CA-Cbo,2006,856.4541991914962,-0.7550637704321467,False,deciduous
CA-Cbo,2007,462.65564357890753,-1.97497979062424,True,deciduous
CA-Cbo,2008,1388.2824663728024,0.892443092857975,False,deciduous
CA-Cbo,2009,1090.7573315577197,-0.02923544861387473,False,deciduous
CA-Cbo,2010,1446.9806744544444,1.07427942357781,False,deciduous
CA-Cbo,2011,1044.7367921997914,-0.17179867648880917,False,deciduous
CA-Cbo,2012,1066.0376630921673,-0.10581246786691485,False,deciduous
CA-Cbo,2013,1273.3286234412822,0.5363370772920704,False,deciduous
CA-Cbo,2014,1161.4061163615963,0.18962158669262483,False,deciduous
CA-Cbo,2015,878.4696363662072,-0.686863965942808,False,deciduous
CA-Cbo,2016,473.418461434689,-1.941638546128681,True,deciduous
CA-Cbo,2017,1874.9784018277292,2.4001382333346717,False,deciduous
CA-Cbo,2018,1008.1865327615137,-0.2850247063851636,False,deciduous
CA-Cbo,2019,1042.1647824681772,-0.17976629300483513,False,deciduous
CA-Cbo,2020,1089.385420336934,-0.03348537907366099,False,deciduous
CA-Cbo,2021,1308.5092256672674,0.6453201592353833,False,deciduous
CA-Cbo,2022,810.1550837992642,-0.8984899759951531,False,deciduous
CA-Cbo,2023,981.4488884565122,-0.3678530463193452,False,deciduous
CA-Cbo,2024,1239.0505112234691,0.430149744605176,False,deciduous
CA-Gro,2003,8.829402635111563,-0.06707457698724907,False,deciduous
CA-Gro,2004,-61.804800093825655,-0.8887560997617736,False,deciduous
CA-Gro,2005,-157.7612318189437,-2.005008904971161,True,deciduous
CA-Gro,2006,-17.03231044881081,-0.36792163078501927,False,deciduous
CA-Gro,2007,-16.89756381744406,-0.36635413496893343,False,deciduous
CA-Gro,2008,41.620620845201586,0.31438280586022765,False,deciduous
CA-Gro,2009,88.83327077199057,0.8636034466726934,False,deciduous
CA-Gro,2010,16.504843933296144,0.02221316252417944,False,deciduous
CA-Gro,2011,-61.5226008886427,-0.8854733010087342,False,deciduous
CA-Gro,2012,62.94657435610583,0.5624657639521392,False,deciduous
CA-Gro,2013,136.15759026661038,1.414123129832886,False,deciduous
CA-Gro,2014,135.27021232886884,1.4038003396407448,False,deciduous
CA-Man,1994,-254.32428486572854,-1.2680583101185545,True,evergreen
CA-Man,1995,-90.00065329607612,0.49598810524569115,False,evergreen
CA-Man,1996,-156.2902388112986,-0.21564359731038918,False,evergreen
CA-Man,1997,-97.05961880259179,0.4202087259865942,False,evergreen
CA-Man,1998,-135.4673002401122,0.007894732465880825,False,evergreen
CA-Man,1999,-237.09106354420913,-1.0830562991051893,True,evergreen
CA-Man,2000,-81.09383967054376,0.5916044964996653,False,evergreen
CA-Man,2001,-193.7918433728329,-0.6182306778493246,False,evergreen
CA-Man,2002,-75.2568575729384,0.6542656441840841,False,evergreen
CA-Man,2003,-215.717181281868,-0.8536034807421873,False,evergreen
CA-Man,2004,-133.49788420285876,0.029036799907380798,False,evergreen
CA-Man,2005,127.13854501299075,2.827019988811467,False,evergreen
CA-Man,2006,-166.16449765997146,-0.3216457027896413,False,evergreen
CA-Man,2007,-118.67504210011167,0.18816291723505013,False,evergreen
CA-Man,2008,-215.74883991892528,-0.8539433424205276,False,evergreen
CA-TP1,2002,-310.63546336577076,-0.47328743513589444,False,evergreen
CA-TP1,2003,38.98375842460564,1.8591283247958723,False,evergreen
CA-TP1,2004,-145.7392522633677,0.6267851511445066,False,evergreen
CA-TP1,2005,-215.96271482439997,0.15830315534470196,False,evergreen
CA-TP1,2006,-23.41538901956804,1.4428447058352434,False,evergreen
CA-TP1,2007,4.959800498013976,1.632144192525196,False,evergreen
CA-TP1,2008,-158.98735998687192,0.5384030104677505,False,evergreen
CA-TP1,2009,-197.1665604170879,0.2836979964556158,False,evergreen
CA-TP1,2010,-180.8525821222828,0.3925334886437504,False,evergreen
CA-TP1,2011,-91.46311168522466,0.9888777301064152,False,evergreen
CA-TP1,2012,-285.0219601729686,-0.3024119946837847,False,evergreen
CA-TP1,2013,-144.91524942994852,0.6322823237114303,False,evergreen
CA-TP1,2014,-200.36599989057135,0.262353566327644,False,evergreen
CA-TP1,2015,-283.85785878669446,-0.2946459216240713,False,evergreen
CA-TP1,2016,-436.6058694710099,-1.3136741821238203,True,evergreen
CA-TP1,2017,-406.43142901553847,-1.1123713472709298,True,evergreen
CA-TP1,2018,-407.3217535473782,-1.118310971982874,True,evergreen
CA-TP1,2019,-222.706997401057,0.11331000282101225,False,evergreen
CA-TP1,2020,-403.8393704207484,-1.0950789390154714,True,evergreen
CA-TP1,2021,-276.14559407879335,-0.24319506701328156,False,evergreen
CA-TP1,2022,-431.3137017367345,-1.2783685276909322,True,evergreen
CA-TP1,2023,-494.4124299064479,-1.6993192616380814,True,evergreen
CA-TP3,2002,-159.89283055546196,-0.6346874610096546,False,evergreen
CA-TP3,2003,155.5549460283648,1.8354965427602978,False,evergreen
CA-TP3,2004,140.981291471014,1.721374298013803,False,evergreen
CA-TP3,2005,-96.9154622300481,-0.14152916545379451,False,evergreen
CA-TP3,2006,135.03976229289032,1.6748478317547093,False,evergreen
CA-TP3,2007,-243.6236569658514,-1.2903603278825007,True,evergreen
CA-TP3,2008,-75.57261099711364,0.02560078005218231,False,evergreen
CA-TP3,2009,-148.13662738876783,-0.542627896279388,False,evergreen
CA-TP3,2010,-109.49628637041485,-0.2400461082020609,False,evergreen
CA-TP3,2011,-82.67390720637079,-0.030007500000087235,False,evergreen
CA-TP3,2012,-117.11027416723392,-0.2996691338080255,False,evergreen
CA-TP3,2013,-18.739320429437598,0.4706465076278729,False,evergreen
CA-TP3,2014,-102.7131123715328,-0.18692895490244316,False,evergreen
CA-TP3,2015,-161.53076529546817,-0.647513673442657,False,evergreen
CA-TP3,2016,-355.57847647699543,-2.1670474527571635,True,evergreen
CA-TP3,2017,-232.63352152625902,-1.2042996269444732,True,evergreen
CA-TP3,2018,93.86804543348285,1.3524435419060286,False,evergreen
CA-TP3,2019,-139.36503705479913,-0.4739400064320023,False,evergreen
CA-TP3,2020,-98.06047246138587,-0.15049542284268394,False,evergreen
CA-TP3,2021,-77.72437917425806,0.00875088055830872,False,evergreen
CA-TP3,2022,-11.253405256891769,0.5292666320524544,False,evergreen
CA-TP3,2023,-28.945376426014107,0.3907257152312773,False,evergreen
CA-TP4,2002,-105.61931904934686,-0.4503383465793347,False,evergreen
CA-TP4,2003,202.91480403759425,1.9403449734380427,False,evergreen
CA-TP4,2004,166.95022201808288,1.6616726324820486,False,evergreen
CA-TP4,2005,-65.18484854707008,-0.13703097812243153,False,evergreen
CA-TP4,2006,159.99397163272056,1.6077719760497486,False,evergreen
CA-TP4,2007,-224.35977264314295,-1.3704013171765754,True,evergreen
CA-TP4,2008,-66.59582952179652,-0.14796399469573884,False,evergreen
CA-TP4,2009,-113.37025239335681,-0.5103966210894432,False,evergreen
CA-TP4,2010,-65.36431222785006,-0.13842155633108155,False,evergreen
CA-TP4,2011,-67.86559421649159,-0.15780279387160526,False,evergreen
CA-TP4,2012,-94.1994294656827,-0.36185108536183586,False,evergreen
CA-TP4,2013,3.9009640061478734,0.3982819333583015,False,evergreen
CA-TP4,2014,-83.43533196269382,-0.27844524325280984,False,evergreen
CA-TP4,2015,-147.7872038658277,-0.7770771133081213,False,evergreen
CA-TP4,2016,-313.42010349262733,-2.0604872153159346,True,evergreen
CA-TP4,2017,-184.85444086065093,-1.064293400168178,True,evergreen
CA-TP4,2018,162.5782773063732,1.627796524407684,False,evergreen
CA-TP4,2019,-97.99660855332522,-0.39127360957769947,False,evergreen
CA-TP4,2020,-64.42350499356935,-0.1311316911458528,False,evergreen
CA-TP4,2021,-49.66767905780357,-0.0167958550160689,False,evergreen
CA-TP4,2022,-5.78450489013126,0.32323386831702605,False,evergreen
CA-TP4,2023,8.589210542992632,0.4346089129598598,False,evergreen
CA-TPD,2012,-142.84954215895732,0.21485303664507838,False,deciduous
CA-TPD,2013,-85.58078272292855,0.8259175543769607,False,deciduous
CA-TPD,2014,-33.05825597703402,1.3863392012242401,False,deciduous
CA-TPD,2015,-191.60768274829303,-0.30540215934894527,False,deciduous
CA-TPD,2016,-287.5802807614914,-1.329441267196565,True,deciduous
CA-TPD,2017,-363.25671352981135,-2.136917862615013,True,deciduous
CA-TPD,2018,-174.9170278108513,-0.12731087344690276,False,deciduous
CA-TPD,2019,-132.8610792885419,0.32143113100053833,False,deciduous
CA-TPD,2020,-182.2807189992739,-0.2058823397942099,False,deciduous
CA-TPD,2021,-39.349043650413414,1.3192157437992331,False,deciduous
CA-TPD,2022,-170.5494594625069,-0.08070839641187418,False,deciduous
CA-TPD,2023,-151.93536384475192,0.11790623176745989,False,deciduous
US-Aud,2002,-438.0533736808353,-0.5142371077813441,False,grass/shrub
US-Aud,2003,-454.47407111487365,-0.6980999651665244,False,grass/shrub
US-Aud,2004,-542.1243698351238,-1.6795220051320023,True,grass/shrub
US-Aud,2005,-390.03086080296765,0.023471870294010638,False,grass/shrub
US-Aud,2006,-203.23243716923963,2.1150573259245675,False,grass/shrub
US-Aud,2007,-350.3775426273387,0.4674708181987354,False,grass/shrub
US-Aud,2008,-327.75075930545887,0.7208233357582189,False,grass/shrub
US-Aud,2009,-395.1352057746275,-0.033681576162145586,False,grass/shrub
US-Aud,2010,-351.883935935453,0.4506037040527991,False,grass/shrub
US-Aud,2011,-434.189512117496,-0.4709733773320085,False,grass/shrub
US-Aud,2012,-305.35727371572295,0.9715636142318919,False,grass/shrub
US-Aud,2013,-403.3857695201173,-0.12606329328335728,False,grass/shrub
US-Aud,2014,-270.8098852171787,1.3583913717040732,False,grass/shrub
US-Aud,2015,-360.44433452430303,0.35475276037488784,False,grass/shrub
US-Aud,2016,-328.9529209597397,0.7073627091506798,False,grass/shrub
US-Aud,2017,-451.95406123681363,-0.6698833672613373,False,grass/shrub
US-Aud,2018,-421.3547206021778,-0.32726197582613975,False,grass/shrub
US-Aud,2019,-369.74055238318715,0.2506628345190879,False,grass/shrub
US-Aud,2020,-494.47346891409893,-1.1459739731125667,True,grass/shrub
US-Aud,2021,-318.8041351681635,0.8209988541515205,False,grass/shrub
US-Aud,2022,-317.1111173753918,0.8399556061551046,False,grass/shrub
US-Aud,2023,-573.8550111946149,-2.0348105920179025,True,grass/shrub
US-Aud,2024,-515.4284751659984,-1.3806075714402488,True,grass/shrub
US-Bar,2004,13.387753283524127,-0.5476220349577727,False,deciduous
US-Bar,2005,155.69014637053021,0.3870111385267261,False,deciduous
US-Bar,2006,248.77127833298147,0.9983621627108659,False,deciduous
US-Bar,2007,-49.968316071044306,-0.9637407162800148,False,deciduous
US-Bar,2008,237.78850891385406,0.9262280234798309,False,deciduous
US-Bar,2009,289.89189455828165,1.2684397854729235,False,deciduous
US-Bar,2010,57.63404707350688,-0.25701515841301587,False,deciduous
US-Bar,2011,225.89190159113252,0.8480918543365907,False,deciduous
US-Bar,2012,280.62934155400814,1.2076039195317272,False,deciduous
US-Bar,2013,255.1247108324721,1.0400911080272512,False,deciduous
US-Bar,2014,84.75211174374657,-0.07890541414464392,False,deciduous
US-Bar,2015,21.408981511895917,-0.49493911212215447,False,deciduous
US-Bar,2016,-169.32921927274265,-1.7476956261680767,True,deciduous
US-Bar,2017,100.23696552909179,0.022798132228549074,False,deciduous
US-Bar,2018,-98.89560246528383,-1.2850920580292255,True,deciduous
US-Bar,2019,16.98822430151303,-0.5239743676165466,False,deciduous
US-Bar,2020,-62.825366031757326,-1.0481850123016763,True,deciduous
US-Bar,2021,-13.368561015643662,-0.7233558255264947,False,deciduous
US-Bar,2022,-30.837552579439844,-0.8380910641170509,False,deciduous
US-Bar,2023,372.34555814733653,1.8099902653622073,False,deciduous
US-Ced,2005,-107.60656892689126,-1.0374162410291645,True,grass/shrub
US-Ced,2006,180.2302532517603,0.8659448311129782,False,grass/shrub
US-Ced,2007,-152.70194549661105,-1.3356156987869412,True,grass/shrub
US-Ced,2008,-30.73535078560194,-0.5290946056288663,False,grass/shrub
US-Ced,2009,215.38880582973172,1.0984356563772966,False,grass/shrub
US-Ced,2010,-150.16640462661758,-1.3188490816729723,True,grass/shrub
US-Ced,2011,256.37658030402145,1.369473023235395,False,grass/shrub
US-Ced,2012,110.9428113773034,0.40777197242883323,False,grass/shrub
US-Ced,2013,94.81389169307869,0.3011172448290183,False,grass/shrub
US-Ced,2014,76.23063911009545,0.1782328991344229,False,grass/shrub
US-ChR,2006,-53.65252455790029,-0.3545552541337036,False,deciduous
US-ChR,2007,-275.21315780156266,-1.8408481327276678,True,deciduous
US-ChR,2008,-133.73063659547262,-0.8917424155451853,False,deciduous
US-ChR,2009,299.34896341950594,2.013480935476255,False,deciduous
US-ChR,2010,8.32079839094153,0.06117973999934046,False,deciduous
US-ChR,2011,-32.67734812062548,-0.21384769742759716,False,deciduous
US-ChR,2012,23.044174319139632,0.1599484087405804,False,deciduous
US-ChR,2013,239.81841910269213,1.6141328076904105,False,deciduous
US-ChR,2014,-11.903269568540424,-0.07448916356134302,False,deciduous
US-ChR,2015,92.73355880688578,0.6274449777895705,False,deciduous
US-ChR,2016,-145.70160206327387,-0.9720471179835468,False,deciduous
US-ChR,2017,36.64282943180668,0.2511721245989145,False,deciduous
US-ChR,2018,43.64797136268819,0.298164644944164,False,deciduous
US-ChR,2019,-101.8672895542033,-0.6779938578601917,False,deciduous
US-CMW,2001,-469.3493263647982,-0.15579794984358458,False,deciduous
US-CMW,2002,-428.52503438871344,0.41238885623657306,False,deciduous
US-CMW,2003,-537.2194504360084,-1.1004048776716406,True,deciduous
US-CMW,2004,-538.9938689669802,-1.125100987486673,True,deciduous
US-CMW,2005,-470.973830339352,-0.178407569755841,False,deciduous
US-CMW,2006,-362.2060313477317,1.335407497744181,False,deciduous
US-CMW,2007,-447.60994515536385,0.14676772803230909,False,deciduous
US-CMW,2008,-387.173405302737,0.9879150667177284,False,deciduous
US-CMW,2009,-505.02780305922505,-0.6523660160010406,False,deciduous
US-CMW,2010,-460.88783205218454,-0.03803205127109337,False,deciduous
US-CMW,2011,-428.463102507802,0.41325081552371107,False,deciduous
US-CMW,2012,-389.0621775028625,0.9616273984727788,False,deciduous
US-CMW,2013,-506.95306348471235,-0.6791615222812468,False,deciduous
US-CMW,2014,-404.3443789027169,0.7489318492555705,False,deciduous
US-CMW,2015,-375.51309797106484,1.1502015990739292,False,deciduous
US-CMW,2016,-410.65869935867323,0.661050017170445,False,deciduous
US-CMW,2017,-363.9049460521878,1.3117622396636974,False,deciduous
US-CMW,2018,-492.06415557982365,-0.4719397771140292,False,deciduous
US-CMW,2019,-573.8864875110869,-1.61073158943228,True,deciduous
US-CMW,2020,-628.3439199756539,-2.3686625447932284,True,deciduous
US-CMW,2021,-440.0991579374638,0.2513018177597256,False,deciduous
US-EML,2008,1207.3250458771256,0.19615096144641936,False,grass/shrub
US-EML,2009,887.6193105416777,-0.7709966885090246,False,grass/shrub
US-EML,2010,955.7324463819571,-0.5649463992018809,False,grass/shrub
US-EML,2011,752.0563547713193,-1.181090658067471,True,grass/shrub
US-EML,2012,956.5805589508808,-0.5623807584038777,False,grass/shrub
US-EML,2013,741.9877796002638,-1.211549288422878,True,grass/shrub
US-EML,2014,1595.2592892048383,1.369697915109846,False,grass/shrub
US-EML,2015,1563.806591344872,1.274549785258163,False,grass/shrub
US-EML,2016,1556.4905114298995,1.2524177784950445,False,grass/shrub
US-EML,2017,827.4049366542273,-0.953152288994835,False,grass/shrub
US-EML,2018,1215.8717042697517,0.22200561360249477,False,grass/shrub
US-EML,2019,1668.2448322471657,1.59048781229466,False,grass/shrub
US-EML,2020,1475.4316554873822,1.0072051552350132,False,grass/shrub
US-EML,2021,1096.4395387379677,-0.13929080825230344,False,grass/shrub
US-EML,2022,967.0400539315367,-0.5307395494038323,False,grass/shrub
US-EML,2023,812.4579859333694,-0.9983685821855399,False,grass/shrub
US-GLE,2005,155.19652142327735,1.531109537249006,False,evergreen
US-GLE,2006,107.16525553541032,1.180456877589644,False,evergreen
US-GLE,2007,190.9386825427537,1.792045484425109,False,evergreen
US-GLE,2008,136.83764817039477,1.3970804290114367,False,evergreen
US-GLE,2009,-101.12920257477974,-0.34019856170607216,False,evergreen
US-GLE,2010,-40.344445175786475,0.103561069748701,False,evergreen
US-GLE,2011,-97.29287476531564,-0.3121914183412838,False,evergreen
US-GLE,2012,-226.06636697295653,-1.2523033787807814,True,evergreen
US-GLE,2013,-59.869295053990115,-0.03898026062608998,False,evergreen
US-GLE,2014,-2.5152730638731744,0.37973325818783527,False,evergreen
US-GLE,2015,-127.5443354910322,-0.5330424612186032,False,evergreen
US-GLE,2016,-221.63770027551863,-1.219971860393844,True,evergreen
US-GLE,2017,-83.6293276786359,-0.21244057817999093,False,evergreen
US-GLE,2018,-200.6932544027304,-1.067066757548326,True,evergreen
US-GLE,2019,-106.15208136989891,-0.3768681304983463,False,evergreen
US-GLE,2020,-195.7424336252377,-1.0309232489183946,True,evergreen
US-Ha1,1991,93.34822557817412,0.08593996389819603,False,deciduous
US-Ha1,1992,52.32931726065968,-0.18301089143390517,False,deciduous
US-Ha1,1993,-122.34168395092831,-1.3282855246330592,True,deciduous
US-Ha1,1994,104.79025534425989,0.16096252833368468,False,deciduous
US-Ha1,1995,-67.57119534378012,-0.9691689522507589,False,deciduous
US-Ha1,1996,133.90561646792315,0.3518647633931364,False,deciduous
US-Ha1,1997,-35.726477422940675,-0.7603709984797103,False,deciduous
US-Ha1,1998,41.46332928817736,-0.25425649203853207,False,deciduous
US-Ha1,1999,46.54214363554036,-0.22095596019056515,False,deciduous
US-Ha1,2000,140.05450565009008,0.392181511759157,False,deciduous
US-Ha1,2001,-38.587198617643004,-0.7791280411154194,False,deciduous
US-Ha1,2002,-9.584706745262118,-0.5889658618721321,False,deciduous
US-Ha1,2003,243.02875831786588,1.0673582648263968,False,deciduous
US-Ha1,2004,37.258017110206936,-0.2818296858068489,False,deciduous
US-Ha1,2005,93.07442171867613,0.08414469958654755,False,deciduous
US-Ha1,2006,5.698052045603713,-0.48876058539766004,False,deciduous
US-Ha1,2007,-47.596215834460594,-0.8381979429131262,False,deciduous
US-Ha1,2008,199.86137524370045,0.784320390917695,False,deciduous
US-Ha1,2009,345.06203112204906,1.7363652452316116,False,deciduous
US-Ha1,2010,-19.011698810998947,-0.65077632156704,False,deciduous
US-Ha1,2011,325.8336894275841,1.610289755720446,False,deciduous
US-Ha1,2012,42.34874896967658,-0.2484510137741237,False,deciduous
US-Ha1,2013,210.44371211576845,0.8537061612830137,False,deciduous
US-Ha1,2014,-86.4875427129759,-1.093198771994451,True,deciduous
US-Ha1,2015,86.10712944628976,0.03846188420047973,False,deciduous
US-Ha1,2016,-140.6926922049138,-1.4486085553658992,True,deciduous
US-Ha1,2017,115.52878401880979,0.23137240978816748,False,deciduous
US-Ha1,2018,480.59479798564684,2.6250201380271516,False,deciduous
US-Ha1,2019,-46.64938935479818,-0.8319898354329094,False,deciduous
US-Ha1,2020,-160.76409719996136,-1.5802118028084962,True,deciduous
US-Ha1,2021,261.9435233054318,1.1913777092843911,False,deciduous
US-Ha1,2022,-43.829312491850175,-0.8134992876464808,False,deciduous
US-Ha1,2023,317.86344645793895,1.5580308402149974,False,deciduous
US-Ha1,2024,261.16232093102207,1.186255558174015,False,deciduous
US-Ha1,2025,-10.960301932795502,-0.5979852999179723,False,deciduous
US-ICh,2007,-185.28391008777726,-1.1977722023997326,True,grass/shrub
US-ICh,2008,-48.38144311361694,0.20811075131360623,False,grass/shrub
US-ICh,2009,-20.49370438067595,0.4944963612212281,False,grass/shrub
US-ICh,2010,-102.07707300706886,-0.34330203491728595,False,grass/shrub
US-ICh,2011,-165.75623950388484,-0.9972380571326098,False,grass/shrub
US-ICh,2012,6.82137616348453,0.7750012123397273,False,grass/shrub
US-ICh,2013,-127.09100791773172,-0.6001758917107756,False,grass/shrub
US-ICh,2014,-51.60944651245209,0.17496164119707622,False,grass/shrub
US-ICh,2015,-125.00572964520993,-0.5787616890168203,False,grass/shrub
US-ICh,2016,-158.77517932239732,-0.9255479428131016,False,grass/shrub
US-ICh,2017,-62.67847098104113,0.06129128040246475,False,grass/shrub
US-ICh,2018,178.95175335380628,2.5426476869192984,False,grass/shrub
US-ICh,2019,67.36056457984641,1.3966920766998814,False,grass/shrub
US-ICh,2020,-98.35931835001138,-0.30512355636998545,False,grass/shrub
US-ICh,2021,-37.76045490669051,0.317180124581559,False,grass/shrub
US-ICh,2022,-52.22685709106655,0.16862130981298076,False,grass/shrub
US-ICh,2023,-17.96364770459583,0.5204780957468815,False,grass/shrub
US-ICh,2024,-263.11195922729115,-1.9970063581046014,True,grass/shrub
US-ICh,2025,-40.85055334749569,0.2854471922302074,False,grass/shrub
US-ICt,2007,-168.1216714943864,-1.269559509995824,True,grass/shrub
US-ICt,2008,-169.52817925641546,-1.2830534916991032,True,grass/shrub
US-ICt,2009,-157.348641026781,-1.1662034675030173,True,grass/shrub
US-ICt,2010,-66.1753484869019,-0.29149038409563205,False,grass/shrub
US-ICt,2011,-131.91277859200406,-0.922172775623396,False,grass/shrub
US-ICt,2012,135.6238578809342,1.6445634877546698,False,grass/shrub
US-ICt,2013,83.89664018631153,1.1482945385340666,False,grass/shrub
US-ICt,2014,45.05981906278373,0.7756955612640162,False,grass/shrub
US-ICt,2015,-80.79690310787912,-0.43176902020094,False,grass/shrub
US-ICt,2016,159.75398905182558,1.8760670438018852,False,grass/shrub
US-ICt,2017,-115.34917205948376,-0.7632621677162578,False,grass/shrub
US-ICt,2018,81.96865247892529,1.1297974981692942,False,grass/shrub
US-ICt,2019,65.16203454976396,0.9685554482122153,False,grass/shrub
US-ICt,2020,-121.95411437023154,-0.8266297317628786,False,grass/shrub
US-ICt,2021,-69.49520552495304,-0.32334096561274955,False,grass/shrub
US-ICt,2022,-27.84493775252294,0.07625011125913421,False,grass/shrub
US-ICt,2023,10.786286256401738,0.44687659767090515,False,grass/shrub
US-ICt,2024,-85.68063825524138,-0.4786233885174703,False,grass/shrub
US-ICt,2025,-68.10416582845812,-0.3099953839389175,False,grass/shrub
US-Jo1,2010,-525.2576964768832,0.4477913839030153,False,grass/shrub
US-Jo1,2011,-617.8271297769954,-0.8467340024152833,False,grass/shrub
US-Jo1,2012,-630.3627280924632,-1.022036471854104,True,grass/shrub
US-Jo1,2013,-445.19588429252497,1.5674055443493642,False,grass/shrub
US-Jo1,2014,-510.4248641348331,0.6552192284220082,False,grass/shrub
US-Jo1,2015,-645.9001852943196,-1.2393180524966947,True,grass/shrub
US-Jo1,2016,-568.3166082867797,-0.15436045453849975,False,grass/shrub
US-Jo1,2017,-500.97305484894133,0.7873968450609459,False,grass/shrub
US-Jo1,2018,-545.2835118512567,0.16774293313845515,False,grass/shrub
US-Jo1,2019,-584.6736371497334,-0.38310323012821534,False,grass/shrub
US-Jo1,2020,-680.8110309311134,-1.7275243029136356,True,grass/shrub
US-Jo1,2021,-467.7560478196506,1.2519158263700614,False,grass/shrub
US-Jo1,2022,-521.8386391623252,0.4956047531025787,False,grass/shrub
US-KFS,2007,-433.0765321730097,-1.1050845654329167,True,grass/shrub
US-KFS,2008,-182.97485507190285,0.093532309476714,False,grass/shrub
US-KFS,2009,-124.37894069664864,0.374354303895194,False,grass/shrub
US-KFS,2010,33.369775255062066,1.1303679185444404,False,grass/shrub
US-KFS,2011,-296.07359646684097,-0.44849548313265136,False,grass/shrub
US-KFS,2012,-582.7446005992856,-1.8223715286000648,True,grass/shrub
US-KFS,2013,-172.49033294511457,0.14377957407802852,False,grass/shrub
US-KFS,2014,-509.9710398311953,-1.4736029037953955,True,grass/shrub
US-KFS,2015,-174.57985081756576,0.13376552134805514,False,grass/shrub
US-KFS,2016,-175.1716286046252,0.13092941544909562,False,grass/shrub
US-KFS,2017,150.6649682902247,1.692507282611529,False,grass/shrub
US-KFS,2018,-123.30664851704432,0.3794932838340921,False,grass/shrub
US-KFS,2019,-41.65196094954793,0.7708248717238787,False,grass/shrub
US-Kon,2004,114.8259787599428,0.918304540544925,False,grass/shrub
US-Kon,2005,-8.478228562331807,0.4711337720762682,False,grass/shrub
US-Kon,2006,-247.55165552555832,-0.3958816394592383,False,grass/shrub
US-Kon,2007,-29.112062382326144,0.3963038248577954,False,grass/shrub
US-Kon,2008,279.02172495785726,1.5137711478984133,False,grass/shrub
US-Kon,2009,43.19519844484658,0.6585308331012476,False,grass/shrub
US-Kon,2010,-196.83556104648278,-0.21195640742994684,False,grass/shrub
US-Kon,2011,-595.8938178511225,-1.659167262877029,True,grass/shrub
US-Kon,2012,-574.5191243172806,-1.581650539474976,True,grass/shrub
US-Kon,2013,64.69357447401134,0.7364960991579323,False,grass/shrub
US-Kon,2014,-391.87299174529653,-0.9192723998014884,False,grass/shrub
US-Kon,2015,-29.824621151061763,0.3937196839017469,False,grass/shrub
US-Kon,2016,-497.3119696266338,-1.301653745820895,True,grass/shrub
US-Kon,2017,-369.64759228881564,-0.8386705357588327,False,grass/shrub
US-Kon,2018,110.97422850450823,0.9043359164478553,False,grass/shrub
US-Kon,2019,114.09585876009017,0.9156567126362221,False,grass/shrub
US-Me6,2010,-447.39662441342864,1.007976177431747,False,evergreen
US-Me6,2011,-442.7310256900215,1.127430465416735,False,evergreen
US-Me6,2012,-456.0249175474828,0.7870642057949057,False,evergreen
US-Me6,2013,-460.3254421289182,0.6769569864877647,False,evergreen
US-Me6,2014,-482.83002818589944,0.10076742043129366,False,evergreen
US-Me6,2015,-538.231440427674,-1.317686382614828,True,evergreen
US-Me6,2016,-542.3619624405102,-1.423440991037163,True,evergreen
US-Me6,2017,-497.75083199165203,-0.28125300190761715,False,evergreen
US-Me6,2018,-532.842671137415,-1.1797166092063731,True,evergreen
US-Me6,2019,-429.1929043122835,1.4740497839017728,False,evergreen
US-Me6,2020,-491.1931411062183,-0.11335508740950115,False,evergreen
US-Me6,2021,-498.6360395468091,-0.3039171538180072,False,evergreen
US-Me6,2022,-427.87400304357146,1.5078178855574245,False,evergreen
US-Me6,2023,-495.27817243633723,-0.21794498848427063,False,evergreen
US-Me6,2024,-514.4569300973,-0.7089826830320578,False,evergreen
US-Me6,2025,-531.1260665574866,-1.1357660275118195,True,evergreen
US-MMS,1999,-147.81241200093095,-1.0237866793276376,True,deciduous
US-MMS,2000,162.8620724909308,1.3429344516785284,False,deciduous
US-MMS,2001,1.4555426615580487,0.11333799655168215,False,deciduous
US-MMS,2002,16.946551948244604,0.2313486503051745,False,deciduous
US-MMS,2003,9.586199003265634,0.1752774126718776,False,deciduous
US-MMS,2004,-63.045215566266435,-0.37802938340356135,False,deciduous
US-MMS,2005,12.92369022533626,0.20070245204304313,False,deciduous
US-MMS,2006,75.00007972282863,0.6736009683166994,False,deciduous
US-MMS,2007,-215.12887720401127,-1.536604141377518,True,deciduous
US-MMS,2008,281.4313848303814,2.2461965829785284,False,deciduous
US-MMS,2009,131.57728352009866,1.1046066364495417,False,deciduous
US-MMS,2010,-170.37861194213264,-1.1956962017163397,True,deciduous
US-MMS,2011,-84.69514443980837,-0.542958744221844,False,deciduous
US-MMS,2012,-204.31384376287954,-1.454215115386118,True,deciduous
US-MMS,2013,-74.37411231542183,-0.46433302488563316,False,deciduous
US-MMS,2014,-20.523710311184768,-0.05410015833703441,False,deciduous
US-MMS,2015,-19.13916902450859,-0.04355270985478605,False,deciduous
US-MMS,2016,115.47262753416027,0.9819212163969536,False,deciduous
US-MMS,2017,-73.8008230817599,-0.45996570213717763,False,deciduous
US-MMS,2018,12.121047271979762,0.19458791051103078,False,deciduous
US-MMS,2019,-39.28717748779049,-0.1970404269286015,False,deciduous
US-MMS,2020,-97.96026365345111,-0.644012546562881,False,deciduous
US-MMS,2021,274.59333822508813,2.194104279930138,False,deciduous
US-MMS,2022,-70.74560892195213,-0.4366910520686564,False,deciduous
US-MMS,2023,-148.31726728735063,-1.0276326716254085,True,deciduous
US-MOz,2004,-122.15630083065315,-0.07563091573715992,False,deciduous
US-MOz,2005,-75.5187050614047,0.19891287758613657,False,deciduous
US-MOz,2006,-236.72278016957978,-0.7500549572556889,False,deciduous
US-MOz,2007,-343.0071706593083,-1.3757244253062886,True,deciduous
US-MOz,2008,306.7817396473373,2.4494194173921136,False,deciduous
US-MOz,2009,10.45512289727612,0.7050191736972296,False,deciduous
US-MOz,2010,67.3781166548601,1.0401105174030303,False,deciduous
US-MOz,2011,-169.32443885766543,-0.3532978778594113,False,deciduous
US-MOz,2012,-426.6744694203521,-1.8682527643017672,True,deciduous
US-MOz,2013,-165.30631217510143,-0.32964417694946724,False,deciduous
US-MOz,2014,-204.26954013127087,-0.5590108976555216,False,deciduous
US-MOz,2015,-25.168753853170728,0.495310373433599,False,deciduous
US-MOz,2016,63.0064548772856,1.0143756443302387,False,deciduous
US-MOz,2017,-134.37913084399725,-0.14758364103656277,False,deciduous
US-MOz,2018,-295.48335647559617,-1.0959636871296672,True,deciduous
US-MOz,2019,-128.63042299555133,-0.11374244417837442,False,deciduous
US-MOz,2020,-78.51576938401698,0.18126991391290112,False,deciduous
US-MOz,2021,-10.01989920186935,0.5844878696546605,False,deciduous
US-Mpj,2008,-324.89132184738526,1.2442119332653545,False,grass/shrub
US-Mpj,2009,-376.58250351516847,0.5468400494331178,False,grass/shrub
US-Mpj,2010,-498.5621719672474,-1.0988021748899384,True,grass/shrub
US-Mpj,2011,-489.08289825898987,-0.9709161651296113,False,grass/shrub
US-Mpj,2012,-521.7063592232763,-1.4110431596334214,True,grass/shrub
US-Mpj,2013,-357.6464037066685,0.80230922560247,False,grass/shrub
US-Mpj,2014,-314.12252636312684,1.389495034776302,False,grass/shrub
US-Mpj,2015,-350.2282325783556,0.9023886551575834,False,grass/shrub
US-Mpj,2016,-436.36158622760456,-0.2596466699625245,False,grass/shrub
US-Mpj,2017,-400.18445159221756,0.2284233589735008,False,grass/shrub
US-Mpj,2018,-450.9488882469886,-0.4564456975929542,False,grass/shrub
US-Mpj,2019,-491.1949569883144,-0.9994102008105823,False,grass/shrub
US-Mpj,2020,-516.58703494817,-1.3419777465688933,True,grass/shrub
US-Mpj,2021,-359.1982026075304,0.7813737219458117,False,grass/shrub
US-Mpj,2022,-369.8849255406971,0.6371978709893897,False,grass/shrub
US-Mpj,2023,-507.2341284101307,-1.2157965713413899,True,grass/shrub
US-Mpj,2024,-430.53488471877955,-0.1810379464504065,False,grass/shrub
US-Mpj,2025,-313.13362044313044,1.4028364822361994,False,grass/shrub
US-MtB,2009,-402.1932617681529,-0.8972118439990384,False,evergreen
US-MtB,2010,-287.8985510529432,-0.14929270180445953,False,evergreen
US-MtB,2011,-304.20717717144134,-0.2560127204351733,False,evergreen
US-MtB,2012,-270.67097407853777,-0.03655927335304332,False,evergreen
US-MtB,2013,-194.70236730791564,0.4605623769320378,False,evergreen
US-MtB,2014,-219.40206836164506,0.2989330319783739,False,evergreen
US-MtB,2015,-90.54859073946301,1.142121503683794,False,evergreen
US-MtB,2016,-165.90569290565332,0.6490014033946203,False,evergreen
US-MtB,2017,-243.2547707622625,0.14284625764859443,False,evergreen
US-MtB,2018,-296.12873201707816,-0.2031491737993864,False,evergreen
US-MtB,2019,-373.25810472179074,-0.7078666179430024,False,evergreen
US-MtB,2020,-519.9497772261204,-1.667784265750009,True,evergreen
US-MtB,2021,20.135233074594424,1.8664118058666888,False,evergreen
US-MtB,2022,-15.672365495006773,1.6320948524518,False,evergreen
US-MtB,2023,-443.01037881602315,-1.1643099710975513,True,evergreen
US-MtB,2024,-434.67798848718496,-1.1097846637742461,True,evergreen
US-NC2,2005,341.303464652323,1.1587889707768566,False,evergreen
US-NC2,2006,287.1668841605069,0.7906582167622962,False,evergreen
US-NC2,2007,-91.72705734223109,-1.785834629845138,True,evergreen
US-NC2,2008,-119.17699731359863,-1.9724952391320798,True,evergreen
US-NC2,2009,159.56217762210073,-0.07705851759796706,False,evergreen
US-NC2,2010,259.4106489555336,0.6019147885334486,False,evergreen
US-NC2,2011,291.72494948468227,0.8216532299196188,False,evergreen
US-NC2,2012,195.99034315041877,0.17065435827039702,False,evergreen
US-NC2,2013,171.28747378550992,0.0026739309325118795,False,evergreen
US-NC2,2014,106.32238612586434,-0.4390910732014805,False,evergreen
US-NC2,2015,151.6762203135267,-0.1306833196035325,False,evergreen
US-NC2,2016,157.02470647689526,-0.0943134154413189,False,evergreen
US-NC2,2017,234.55293162905673,0.43288138931718134,False,evergreen
US-NC2,2018,441.53509628630104,1.8403677811545085,False,evergreen
US-NC2,2019,197.08911934624138,0.17812607713011655,False,evergreen
US-NC2,2020,109.14053717388472,-0.41992754161507934,False,evergreen
US-NC2,2021,160.08995832933593,-0.07346958922562181,False,evergreen
US-NC2,2022,-132.67994901439693,-2.0643158112088202,True,evergreen
US-NC2,2023,332.6668643792537,1.100059768788785,False,evergreen
US-NC2,2024,233.73416128954534,0.4273137206593013,False,evergreen
US-NC2,2025,102.08534713777706,-0.4679030953739828,False,evergreen
US-NGB,2012,206.9093584601785,-1.1458779186647992,True,grass/shrub
US-NGB,2013,455.3043329563451,0.580893071052058,False,grass/shrub
US-NGB,2014,519.1283387226509,1.0245793486360644,False,grass/shrub
US-NGB,2015,340.0521449165559,-0.22030725601644086,False,grass/shrub
US-NGB,2016,245.29455334145757,-0.8790349960571052,False,grass/shrub
US-NGB,2017,346.0558736841737,-0.17857104663024423,False,grass/shrub
US-NGB,2018,360.2853281168134,-0.07965193941553961,False,grass/shrub
US-NGB,2019,683.5068863525087,2.1672921106585883,False,grass/shrub
US-NGB,2020,166.22117084112594,-1.4287305896870177,True,grass/shrub
US-NGB,2021,377.43804680640875,0.03958886683686109,False,grass/shrub
US-NGB,2022,295.67790435777374,-0.528784315357288,False,grass/shrub
US-NGB,2023,465.04460521233017,0.6486046646448606,False,grass/shrub
US-Oho,2004,-83.24265388553808,0.08004815037262981,False,deciduous
US-Oho,2005,-190.96951441696467,-1.0996936185936748,True,deciduous
US-Oho,2006,87.11170237930787,1.9456381120551787,False,deciduous
US-Oho,2007,-125.84102012549788,-0.38645641213937276,False,deciduous
US-Oho,2008,-67.43713395157243,0.2531380552890475,False,deciduous
US-Oho,2009,-116.43551663780016,-0.28345456777244954,False,deciduous
US-Oho,2010,-135.42381592923067,-0.49139982567030543,False,deciduous
US-Oho,2011,-8.427589822357355,0.8993652230861326,False,deciduous
US-Oho,2012,-228.93696391315117,-1.5154839406248548,True,deciduous
US-Oho,2013,-35.919146736307866,0.5982988239976683,False,deciduous
US-Prr,2010,-142.29359128028676,-0.5943287993487567,False,evergreen
US-Prr,2011,-115.5889928319155,-0.34214647227817124,False,evergreen
US-Prr,2012,-99.9619377472157,-0.19457386885038294,False,evergreen
US-Prr,2013,-235.45735151065927,-1.4741118786174263,True,evergreen
US-Prr,2014,161.07402881957833,2.270494371183334,False,evergreen
US-Prr,2015,-5.0738944521330325,0.701492312994335,False,evergreen
US-Prr,2016,53.78428554440991,1.2573139190508331,False,evergreen
US-Prr,2017,-142.88520624186455,-0.5999156587815583,False,evergreen
US-Prr,2018,-53.50015371980126,0.24418355483965404,False,evergreen
US-Prr,2019,-48.63848669404304,0.2900942434563862,False,evergreen
US-Prr,2020,-78.3218044073634,0.009782665261612195,False,evergreen
US-Prr,2021,-117.63940430068375,-0.3615093373160363,False,evergreen
US-Prr,2022,-207.1479822576394,-1.2067750515938223,True,evergreen
US-Rls,2014,-157.95342016908296,0.25614243240518325,False,grass/shrub
US-Rls,2015,-230.6547311853957,-0.31985130182200794,False,grass/shrub
US-Rls,2016,-380.4894546828228,-1.5069531669426635,True,grass/shrub
US-Rls,2017,-248.76662380039923,-0.4633471551347077,False,grass/shrub
US-Rls,2018,-282.2042878572182,-0.7282651423715536,False,grass/shrub
US-Rls,2019,-44.128511436602736,1.1579478237024543,False,grass/shrub
US-Rls,2020,31.948935833534904,1.7606898146105199,False,grass/shrub
US-Rls,2021,-290.69651879411697,-0.7955468975542963,False,grass/shrub
US-Rls,2022,-215.41307198111224,-0.19909556745947893,False,grass/shrub
US-Rls,2023,-84.47674705064769,0.8382791605665498,False,grass/shrub
US-Rms,2014,-96.61956590998435,-0.056331778504431114,False,grass/shrub
US-Rms,2015,-63.25873297485849,0.19811806984860042,False,grass/shrub
US-Rms,2016,-289.1218644089855,-1.5245859062095932,True,grass/shrub
US-Rms,2017,-122.54425812918903,-0.25406467134327004,False,grass/shrub
US-Rms,2018,-194.87789308645068,-0.8057679960621117,False,grass/shrub
US-Rms,2019,94.2111478455255,1.3991728328646815,False,grass/shrub
US-Rms,2020,88.73455316574118,1.3574017329502397,False,grass/shrub
US-Rms,2021,-215.88320070148725,-0.9659797434021267,False,grass/shrub
US-Rms,2022,-137.9609325337387,-0.37165077814024444,False,grass/shrub
US-Rms,2023,44.98149052746484,1.0236882379982557,False,grass/shrub
US-Ro4,2014,47.87027407600569,-0.08166078224128327,False,grass/shrub
US-Ro4,2015,274.5034086298011,1.4934824424181394,False,grass/shrub
US-Ro4,2016,117.24854050209674,0.4005313143152506,False,grass/shrub
US-Ro4,2017,78.81873479297579,0.13343688345509128,False,grass/shrub
US-Ro4,2018,181.53057376267262,0.84730362480321,False,grass/shrub
US-Ro4,2019,183.8062130255329,0.8631197488387381,False,grass/shrub
US-Ro4,2020,85.31932261117122,0.1786172004387211,False,grass/shrub
US-Ro4,2021,-157.92618143919012,-1.5119851397184116,True,grass/shrub
US-Ro4,2022,-131.72624406910026,-1.3298906109715465,True,grass/shrub
US-Ro4,2023,-154.04336736761812,-1.4849988462556738,True,grass/shrub
US-Ro4,2024,180.6735783082306,0.8413473440224406,False,grass/shrub
US-Ro4,2025,9.361626486986296,-0.34930317910467484,False,grass/shrub
US-Rpf,2008,-90.74419914803553,-0.13776058749747727,False,deciduous
US-Rpf,2009,-235.75255098878114,-1.438375102378571,True,deciduous
US-Rpf,2010,-227.76902194600473,-1.3667689250708435,True,deciduous
US-Rpf,2011,-131.79835098265144,-0.5059850731524491,False,deciduous
US-Rpf,2012,-115.2532020350439,-0.35758768362994103,False,deciduous
US-Rpf,2013,-145.36107113332628,-0.6276323470185148,False,deciduous
US-Rpf,2014,179.03237301620192,2.2819298722425274,False,deciduous
US-Rpf,2015,-13.229239586844471,0.5574895842748891,False,deciduous
US-Rpf,2016,75.72044701151168,1.3553005518183396,False,deciduous
US-Rpf,2017,-94.56669025953222,-0.17204542253978278,False,deciduous
US-Rpf,2018,13.837805852850465,0.8002603745565114,False,deciduous
US-Rpf,2019,-79.3341463949587,-0.03542110126906516,False,deciduous
US-Rpf,2020,-144.47540294371794,-0.6196885776552291,False,deciduous
US-Rpf,2021,-125.33901822101494,-0.44804977604999074,False,deciduous
US-Rpf,2022,-177.37800896589468,-0.9147999034970326,False,deciduous
US-Rpf,2023,-39.83508514435908,0.3188554058050055,False,deciduous
US-Rpf,2024,70.700863691265,1.3102787110616239,False,deciduous
US-Rwf,2014,-114.21292525174202,-0.21703244339512037,False,grass/shrub
US-Rwf,2015,-49.47097028127082,0.27248431802823014,False,grass/shrub
US-Rwf,2016,-287.63473936363295,-1.5282823870048674,True,grass/shrub
US-Rwf,2017,-118.00611285059422,-0.24571290121738174,False,grass/shrub
US-Rwf,2018,-190.91858824321795,-0.7970073259507091,False,grass/shrub
US-Rwf,2019,93.0669693090482,1.350219931666008,False,grass/shrub
US-Rwf,2020,103.33698835135186,1.4278719961369928,False,grass/shrub
US-Rwf,2021,-208.17534503846076,-0.927486421043382,False,grass/shrub
US-Rwf,2022,-130.46385642457093,-0.33990644683640203,False,grass/shrub
US-Rwf,2023,47.38964508955431,1.004851679616632,False,grass/shrub
US-Rws,2014,-162.31014315398457,0.3034810121201723,False,grass/shrub
US-Rws,2015,-243.99046475794538,-0.33828847033131515,False,grass/shrub
US-Rws,2016,-392.6128152519569,-1.5060273710145875,True,grass/shrub
US-Rws,2017,-262.125762031775,-0.48077909863664187,False,grass/shrub
US-Rws,2018,-292.25366541903537,-0.717496689661074,False,grass/shrub
US-Rws,2019,-51.48622882809937,1.1742342699859254,False,grass/shrub
US-Rws,2020,20.427670629065403,1.739268113259321,False,grass/shrub
US-Rws,2021,-299.4901037505271,-0.774354023123977,False,grass/shrub
US-Rws,2022,-232.22824151871478,-0.24587164615032622,False,grass/shrub
US-Rws,2023,-93.28293041427723,0.8458339035525017,False,grass/shrub
US-Seg,2007,-546.967051644817,-0.3434907746694429,False,grass/shrub
US-Seg,2008,-487.6703196762745,0.6389067218092559,False,grass/shrub
US-Seg,2009,-466.5442495706209,0.9889124926709268,False,grass/shrub
US-Seg,2010,-571.5460405967051,-0.750702713855607,False,grass/shrub
US-Seg,2011,-605.3203379692136,-1.3102577531060269,True,grass/shrub
US-Seg,2012,-567.0633126691505,-0.6764352028608854,False,grass/shrub
US-Seg,2013,-420.62623055453383,1.7496584128440038,False,grass/shrub
US-Seg,2014,-459.9987261936179,1.097355328645797,False,grass/shrub
US-Seg,2015,-488.88133691112654,0.6188432164487526,False,grass/shrub
US-Seg,2016,-537.8167434127923,-0.19189321438705864,False,grass/shrub
US-Seg,2017,-477.44887079290817,0.8082503847742102,False,grass/shrub
US-Seg,2018,-506.78919613305806,0.32215509413787113,False,grass/shrub
US-Seg,2019,-551.0914911230643,-0.4118223484896926,False,grass/shrub
US-Seg,2020,-545.348758691882,-0.31667973647637887,False,grass/shrub
US-Seg,2021,-474.26352535999655,0.8610235355841459,False,grass/shrub
US-Seg,2022,-497.0689758555745,0.48319466156103447,False,grass/shrub
US-Seg,2023,-651.0437716241324,-2.067779883951819,True,grass/shrub
US-Seg,2024,-626.6580027377879,-1.663769114583245,True,grass/shrub
US-Seg,2025,-516.303267561901,0.16453089390415104,False,grass/shrub
US-Ses,2007,-558.9951794988035,-0.30697420669076003,False,grass/shrub
US-Ses,2008,-444.011000054207,1.6137945936486073,False,grass/shrub
US-Ses,2009,-517.7273828560567,0.382389292122839,False,grass/shrub
US-Ses,2010,-583.9395494840634,-0.7236608138678353,False,grass/shrub
US-Ses,2011,-644.3531863084163,-1.7328485933324276,True,grass/shrub
US-Ses,2012,-620.9138705008255,-1.3413033675284318,True,grass/shrub
US-Ses,2013,-448.10156198050197,1.545463247877085,False,grass/shrub
US-Ses,2014,-509.1941609084307,0.5249336539867123,False,grass/shrub
US-Ses,2015,-512.5768026018911,0.4684278576336018,False,grass/shrub
US-Ses,2016,-571.1003877651343,-0.509187297847198,False,grass/shrub
US-Ses,2017,-539.902262378831,0.011966013508654403,False,grass/shrub
US-Ses,2018,-570.3312605859221,-0.4963393087024335,False,grass/shrub
US-Ses,2019,-595.2560807366167,-0.9126993430199539,False,grass/shrub
US-Ses,2020,-618.9531906222394,-1.30855092491909,True,grass/shrub
US-Ses,2021,-463.1387859063276,1.2942719039899948,False,grass/shrub
US-Ses,2022,-487.2892239982111,0.8908476396652805,False,grass/shrub
US-Ses,2023,-565.8212863685553,-0.42100183350457776,False,grass/shrub
US-Ses,2024,-546.202747245158,-0.09328128935253888,False,grass/shrub
US-Ses,2025,-473.9453149191316,1.1137527763324593,False,grass/shrub
US-Slt,2005,-138.7135428510647,-0.9942709368633752,False,deciduous
US-Slt,2006,106.62364257099412,0.7272972558230457,False,deciduous
US-Slt,2007,-190.68591966777706,-1.3589689775294942,True,deciduous
US-Slt,2008,-141.62124456274285,-1.0146747202198745,True,deciduous
US-Slt,2009,120.49392325415452,0.82462711638488,False,deciduous
US-Slt,2010,-207.03940442686746,-1.473723857236779,True,deciduous
US-Slt,2011,274.80112795746777,1.9074241455534202,False,deciduous
US-Slt,2012,36.28124202291495,0.23369397602487182,False,deciduous
US-Slt,2013,117.53792195808141,0.8038844075284762,False,deciduous
US-Slt,2014,-54.13896875533776,-0.40079833945534654,False,deciduous
US-Slt,2015,-121.16545661027298,-0.8711333576061016,False,deciduous
US-Slt,2016,-52.543417479445026,-0.38960211446543436,False,deciduous
US-Slt,2017,33.27420575955456,0.2125931470724646,False,deciduous
US-Slt,2018,221.19290662921895,1.531247136159438,False,deciduous
US-Slt,2019,88.9630121456586,0.6033699369751382,False,deciduous
US-Slt,2020,-6.480486680354654,-0.06637155164142797,False,deciduous
US-Slt,2021,108.77635561309239,0.7424031693227952,False,deciduous
US-Slt,2022,-141.95210753683114,-1.0169964358266959,True,deciduous
US-SRG,2008,-300.8195149151436,1.0060705987113496,False,grass/shrub
US-SRG,2009,-508.24387634466734,-0.7105369279757764,False,grass/shrub
US-SRG,2010,-396.33468880251786,0.21560382191664107,False,grass/shrub
US-SRG,2011,-487.2884458545169,-0.5371134715579855,False,grass/shrub
US-SRG,2012,-382.8829184347507,0.32692830714795595,False,grass/shrub
US-SRG,2013,-494.38117579412545,-0.5958116568395054,False,grass/shrub
US-SRG,2014,-417.12202895001695,0.04357145160546807,False,grass/shrub
US-SRG,2015,-266.3782623734752,1.291100346105066,False,grass/shrub
US-SRG,2016,-362.77903934243704,0.493304473995644,False,grass/shrub
US-SRG,2017,-418.67331618630953,0.0307332713284696,False,grass/shrub
US-SRG,2018,-363.13476771252635,0.4903605285817928,False,grass/shrub
US-SRG,2019,-431.62396610367534,-0.07644402920859199,False,grass/shrub
US-SRG,2020,-625.9969168199094,-1.6850403767366573,True,grass/shrub
US-SRG,2021,-267.94822624481833,1.2781076012818395,False,grass/shrub
US-SRG,2022,-184.48934866816563,1.9687985906602437,False,grass/shrub
US-SRG,2023,-561.8488633970085,-1.1541623710425484,True,grass/shrub
US-SRG,2024,-567.906986302053,-1.2042983305061554,True,grass/shrub
US-SRG,2025,-565.1125210265795,-1.1811718274672465,True,grass/shrub
US-SRM,2004,-562.1822266633485,-1.013820135574222,True,grass/shrub
US-SRM,2005,-453.82261646492464,0.17527807715879687,False,grass/shrub
US-SRM,2006,-422.9314183330281,0.5142666395996947,False,grass/shrub
US-SRM,2007,-460.6309360319119,0.10056610086066166,False,grass/shrub
US-SRM,2008,-388.35308282511346,0.8937164814406912,False,grass/shrub
US-SRM,2009,-541.3208749708715,-0.7848953916839919,False,grass/shrub
US-SRM,2010,-522.2501121152181,-0.575619906237086,False,grass/shrub
US-SRM,2011,-436.1627087047857,0.3690713615399234,False,grass/shrub
US-SRM,2012,-466.0726883700556,0.04085032698907505,False,grass/shrub
US-SRM,2013,-465.01997181594913,0.05240244839953613,False,grass/shrub
US-SRM,2014,-474.31179817488305,-0.04956261124032021,False,grass/shrub
US-SRM,2015,-337.4480717701002,1.452329211348345,False,grass/shrub
US-SRM,2016,-393.5231728290287,0.8369818293681438,False,grass/shrub
US-SRM,2017,-544.6975878315287,-0.8219501874715326,False,grass/shrub
US-SRM,2018,-353.5830025294847,1.2752704595364621,False,grass/shrub
US-SRM,2019,-480.31908894722875,-0.11548439434459098,False,grass/shrub
US-SRM,2020,-673.2287748664696,-2.232403810402013,True,grass/shrub
US-SRM,2021,-314.1454287426133,1.7080437817976142,False,grass/shrub
US-SRM,2022,-355.2028344699449,1.2574950240046991,False,grass/shrub
US-SRM,2023,-559.4088092039906,-0.983385679986516,False,grass/shrub
US-SRM,2024,-565.3681013128918,-1.0487807435426921,True,grass/shrub
US-SRM,2025,-565.5128244440234,-1.0503688815606733,True,grass/shrub
US-Ton,2001,-716.5119967096215,-1.0789843704713709,True,grass/shrub
US-Ton,2002,-688.2374487744531,-0.39899673666396795,False,grass/shrub
US-Ton,2003,-638.979061915892,0.7856409099546331,False,grass/shrub
US-Ton,2004,-702.1214786241218,-0.7329001690666732,False,grass/shrub
US-Ton,2005,-567.8271748536206,2.496805432738272,False,grass/shrub
US-Ton,2006,-680.8479663525573,-0.221283668407393,False,grass/shrub
US-Ton,2007,-683.4045695680702,-0.28276859736495646,False,grass/shrub
US-Ton,2008,-697.6637325396754,-0.6256937790997218,False,grass/shrub
US-Ton,2009,-644.1496646752712,0.6612907012874554,False,grass/shrub
US-Ton,2010,-646.0535479687104,0.6155033345461853,False,grass/shrub
US-Ton,2011,-592.8779938394846,1.8943467421097389,False,grass/shrub
US-Ton,2012,-707.795396150485,-0.8693548265210256,False,grass/shrub
US-Ton,2013,-653.3090150953727,0.44101326188652734,False,grass/shrub
US-Ton,2014,-684.2531925724384,-0.30317752309059426,False,grass/shrub
US-Ton,2015,-646.9906262770912,0.5929671064491288,False,grass/shrub
US-Ton,2016,-685.8813066899136,-0.3423327898290367,False,grass/shrub
US-Ton,2017,-680.163087655148,-0.20481270498247034,False,grass/shrub
US-Ton,2018,-699.6290970664506,-0.6729597363555281,False,grass/shrub
US-Ton,2019,-594.818458669166,1.8476796091445336,False,grass/shrub
US-Ton,2020,-661.8239385064978,0.23623394461297115,False,grass/shrub
US-Ton,2021,-722.1631733683838,-1.214892122320509,True,grass/shrub
US-Ton,2022,-707.4471976863035,-0.8609808411863347,False,grass/shrub
US-Ton,2023,-652.9807656811162,0.44890748332592156,False,grass/shrub
US-Ton,2024,-713.0700817619055,-0.9962081716642232,False,grass/shrub
US-Ton,2025,-722.1694257626457,-1.2150424890315705,True,grass/shrub
US-UMd,2007,582.9310106482337,-1.3623461503424183,True,deciduous
US-UMd,2008,1045.2036386473183,0.21323838203930326,False,deciduous
US-UMd,2009,1030.3493047146121,0.16260968943314902,False,deciduous
US-UMd,2010,1669.9596001483796,2.3426221478812472,False,deciduous
US-UMd,2011,1160.7713810281573,0.6071331019704305,False,deciduous
US-UMd,2012,683.0801071080673,-1.0210034928783227,True,deciduous
US-UMd,2013,739.1970329818512,-0.8297376574031567,False,deciduous
US-UMd,2014,962.3311094518274,-0.06921977630968433,False,deciduous
US-UMd,2015,1096.5694577512631,0.3883108072088363,False,deciduous
US-UMd,2016,615.9693464625149,-1.2497401085139639,True,deciduous
US-UMd,2017,1109.586930717667,0.43267884419458597,False,deciduous
US-UMd,2018,896.8617350394316,-0.2923619816255544,False,deciduous
US-UMd,2019,1465.2770557522222,1.6449934511638646,False,deciduous
US-UMd,2020,1154.4786941845541,0.5856854551547017,False,deciduous
US-UMd,2021,1106.4977028508126,0.4221496902944595,False,deciduous
US-UMd,2022,723.2594666706221,-0.884058379511389,False,deciduous
US-UMd,2023,561.6326117764604,-1.434938438516852,True,deciduous
US-UMd,2024,1158.8827107557731,0.6006958623682978,False,deciduous
US-UMd,2025,907.321514361739,-0.2567114466075338,False,deciduous
US-Var,2000,-671.6520190920138,0.2467249965863715,False,grass/shrub
US-Var,2001,-673.6741352244237,0.20096625905716134,False,grass/shrub
US-Var,2002,-641.3440298412058,0.932568555686524,False,grass/shrub
US-Var,2003,-651.788496766435,0.6962193109502703,False,grass/shrub
US-Var,2004,-694.7390837527704,-0.27571529019994323,False,grass/shrub
US-Var,2005,-588.2280678490363,2.134536793047135,False,grass/shrub
US-Var,2006,-676.2823754773956,0.1419440400876588,False,grass/shrub
US-Var,2007,-689.9951967117383,-0.16836523324742603,False,grass/shrub
US-Var,2008,-735.1621324186083,-1.1904538872488335,True,grass/shrub
US-Var,2009,-670.7195771791846,0.26782534985813694,False,grass/shrub
US-Var,2010,-677.0026661423824,0.1256444858950956,False,grass/shrub
US-Var,2011,-583.1548697152521,2.2493388749438106,False,grass/shrub
US-Var,2012,-732.9183910171996,-1.139679961743318,True,grass/shrub
US-Var,2013,-702.473128633234,-0.45073003047724597,False,grass/shrub
US-Var,2014,-719.799799111835,-0.8428175836982994,False,grass/shrub
US-Var,2015,-655.1157801437821,0.6209257685522468,False,grass/shrub
US-Var,2016,-721.9019743778747,-0.8903879901143087,False,grass/shrub
US-Var,2017,-719.3228513397596,-0.8320246685102239,False,grass/shrub
US-Var,2018,-716.0953895125086,-0.7589900013752974,False,grass/shrub
US-Var,2019,-595.7692754259782,1.96388579400915,False,grass/shrub
US-Var,2020,-689.6602179064905,-0.1607849528760331,False,grass/shrub
US-Var,2021,-727.2679659824042,-1.0118157347824563,True,grass/shrub
US-Var,2022,-715.3184061713703,-0.7414075410003104,False,grass/shrub
US-Var,2023,-651.221787493249,0.7090434512018877,False,grass/shrub
US-Var,2024,-719.2871706137265,-0.8312172445689223,False,grass/shrub
US-Var,2025,-726.5351860832609,-0.9952335600328689,False,grass/shrub
US-Vcm,2007,-167.28709819043257,0.6936423897047315,False,evergreen
US-Vcm,2008,-243.60479694220385,-0.11819289492769809,False,evergreen
US-Vcm,2009,-209.8206983312156,0.24118800570860618,False,evergreen
US-Vcm,2010,-329.15562379498374,-1.02824627709882,True,evergreen
US-Vcm,2011,-181.57891449160056,0.5416121143617683,False,evergreen
US-Vcm,2012,-332.71620113222934,-1.066122187448796,True,evergreen
US-Vcm,2013,-171.62393840637998,0.6475089243526029,False,evergreen
US-Vcm,2014,-261.3774206213299,-0.30725052165381184,False,evergreen
US-Vcm,2015,-110.39655209682707,1.2988198706324388,False,evergreen
US-Vcm,2016,-227.635647748468,0.051680135746374645,False,evergreen
US-Vcm,2017,-143.89802689178353,0.9424454021853225,False,evergreen
US-Vcm,2018,-266.4187646738502,-0.36087819977759467,False,evergreen
US-Vcm,2019,-302.4742098252208,-0.7444207207885879,False,evergreen
US-Vcm,2020,-393.45800660155237,-1.7122677308654994,True,evergreen
US-Vcm,2021,-214.32461270304256,0.19327727640445022,False,evergreen
US-Vcm,2022,2.797342464689848,2.502928473394383,False,evergreen
US-Vcm,2023,-360.6756137998367,-1.3635425514326585,True,evergreen
US-Vcm,2024,-256.8119435847342,-0.2586849148534432,False,evergreen
US-Vcm,2025,-246.92356996727153,-0.15349659364376717,False,evergreen
US-Vcp,2007,-211.0337703868547,0.5031207152526375,False,evergreen
US-Vcp,2008,-175.7187739960867,0.8842004194357893,False,evergreen
US-Vcp,2009,-202.7451448059269,0.5925622360590956,False,evergreen
US-Vcp,2010,-325.7036449059274,-0.7342675426114041,False,evergreen
US-Vcp,2011,-318.21044365952355,-0.6534093462019355,False,evergreen
US-Vcp,2012,-307.9931113632067,-0.5431553927273927,False,evergreen
US-Vcp,2013,-152.79227819480252,1.1315973649496678,False,evergreen
US-Vcp,2014,-298.34038489789134,-0.4389940300796287,False,evergreen
US-Vcp,2015,-127.69077467515909,1.4024645464147831,False,evergreen
US-Vcp,2016,-313.00450285998306,-0.5972326908815767,False,evergreen
US-Vcp,2017,-203.0797186691853,0.5889518913934155,False,evergreen
US-Vcp,2018,-318.92656591883474,-0.661136931834894,False,evergreen
US-Vcp,2019,-276.2748905553306,-0.20088804349891817,False,evergreen
US-Vcp,2020,-377.3289250542018,-1.2913494765747255,True,evergreen
US-Vcp,2021,-222.36276181339673,0.38087098729715896,False,evergreen
US-Vcp,2022,-38.19293763200831,2.368224499723223,False,evergreen
US-Vcp,2023,-354.88346111960294,-1.0491432857031733,True,evergreen
US-Vcp,2024,-277.20265793475767,-0.2108994651224884,False,evergreen
US-Vcp,2025,-394.02515981351723,-1.4715164552896287,True,evergreen
US-Wjs,2007,-364.12386569831045,0.6990271965215024,False,grass/shrub
US-Wjs,2008,-373.87418198800685,0.5772279165516654,False,grass/shrub
US-Wjs,2009,-443.75578275386204,-0.2957210631050551,False,grass/shrub
US-Wjs,2010,-518.5937917240318,-1.2305846445639808,True,grass/shrub
US-Wjs,2011,-549.4465504560866,-1.6159920187451096,True,grass/shrub
US-Wjs,2012,-478.4160958075801,-0.7286917532900661,False,grass/shrub
US-Wjs,2013,-356.49250874022783,0.7943567996923766,False,grass/shrub
US-Wjs,2014,-271.11979110537993,1.8608181562312485,False,grass/shrub
US-Wjs,2015,-272.36944300931236,1.8452077188270024,False,grass/shrub
US-Wjs,2016,-409.59995347882733,0.13094770218086,False,grass/shrub
US-Wjs,2017,-358.2310215237051,0.7726395959674415,False,grass/shrub
US-Wjs,2018,-433.306302762696,-0.16518795000715478,False,grass/shrub
US-Wjs,2019,-491.04521412782947,-0.8864525348234561,False,grass/shrub
US-Wjs,2020,-519.2483353982618,-1.238761091959259,True,grass/shrub
US-Wjs,2021,-358.58690174796936,0.7681940012007676,False,grass/shrub
US-Wjs,2022,-411.4415380124286,0.10794294381899462,False,grass/shrub
US-Wjs,2023,-487.3185912214712,-0.8399002001886099,False,grass/shrub
US-Wjs,2024,-482.8244794804675,-0.7837605265724135,False,grass/shrub
US-Wjs,2025,-401.7754745217866,0.2286897522632558,False,grass/shrub
US-Wkg,2004,-521.9103815649157,-0.7225666892032311,False,grass/shrub
US-Wkg,2005,-603.2069975815307,-1.674132130058251,True,grass/shrub
US-Wkg,2006,-432.74061233640384,0.3211529011611198,False,grass/shrub
US-Wkg,2007,-494.58650697215216,-0.40274458532357515,False,grass/shrub
US-Wkg,2008,-407.7736279014852,0.6133879376819301,False,grass/shrub
US-Wkg,2009,-480.6885641199143,-0.2400711215909054,False,grass/shrub
US-Wkg,2010,-488.16194424631794,-0.3275459834376154,False,grass/shrub
US-Wkg,2011,-462.2634894222349,-0.024408217197680153,False,grass/shrub
US-Wkg,2012,-425.45542717037733,0.40642496750154006,False,grass/shrub
US-Wkg,2013,-480.9089739018505,-0.2426509870464863,False,grass/shrub
US-Wkg,2014,-338.2832376773453,1.4267631683964146,False,grass/shrub
US-Wkg,2015,-421.9394895011603,0.447578522743538,False,grass/shrub
US-Wkg,2016,-404.71470287921045,0.6491922242560287,False,grass/shrub
US-Wkg,2017,-397.6897546231227,0.7314182542167548,False,grass/shrub
US-Wkg,2018,-462.5618872670094,-0.02790092194513257,False,grass/shrub
US-Wkg,2019,-462.1004521022983,-0.022499888329605196,False,grass/shrub
US-Wkg,2020,-627.9530920187767,-1.9637816802659185,True,grass/shrub
US-Wkg,2021,-420.6367666181847,0.46282671061641656,False,grass/shrub
US-Wkg,2022,-239.24382477818492,2.5860055479088797,False,grass/shrub
US-Wkg,2023,-562.711647977665,-1.20013976621244,True,grass/shrub
US-Wkg,2024,-552.6051874414906,-1.0818450690060606,True,grass/shrub
US-Wkg,2025,-435.78345937391686,0.2855368051342729,False,grass/shrub
CH-Oe1,2002,167.55822820938383,0.5230633133557373,False,grass/shrub
CH-Oe1,2003,-183.954045158702,-1.7159306568398338,True,grass/shrub
CH-Oe1,2004,72.2933640382516,-0.08373614319498988,False,grass/shrub
CH-Oe1,2005,-20.45285502160421,-0.6744928278584739,False,grass/shrub
CH-Oe1,2006,311.21342543408684,1.4380900271927168,False,grass/shrub
CH-Oe1,2007,335.5038249531807,1.5928102522812508,False,grass/shrub
CH-Oe1,2008,23.658295478669785,-0.393522268730709,False,grass/shrub
CH-Oe1,2009,3.0816401102592543,-0.5245874143520122,False,grass/shrub
CH-Oe1,2010,130.61879817445688,0.28777377334000126,False,grass/shrub
CH-Oe1,2011,14.875051375850987,-0.44946805519368765,False,grass/shrub
CH-Oe3,2002,166.11767268909523,0.5156877101812426,False,grass/shrub
CH-Oe3,2003,-184.3079385726211,-1.7187405261916977,True,grass/shrub
CH-Oe3,2004,72.00693622414957,-0.08439310624651597,False,grass/shrub
CH-Oe3,2005,-20.498162216661623,-0.6742358498188045,False,grass/shrub
CH-Oe3,2006,310.3746426178999,1.4355173018082907,False,grass/shrub
CH-Oe3,2007,335.6234346626773,1.5965118526233117,False,grass/shrub
CH-Oe3,2008,23.658295478669785,-0.3926798427181479,False,grass/shrub
CH-Oe3,2009,3.0816401102592543,-0.5238833229653529,False,grass/shrub
CH-Oe3,2010,130.61879817445688,0.28933528322998436,False,grass/shrub
CH-Oe3,2011,15.747838829015592,-0.44311949990231,False,grass/shrub
FR-LBr,1998,-242.03220513197695,-0.5466645475749321,False,evergreen
FR-LBr,1999,58.85053506862478,1.7791463619426857,False,evergreen
FR-LBr,2000,-102.34010989418135,0.5331494652223008,False,evergreen
FR-LBr,2001,-209.76046043424526,-0.297205320245675,False,evergreen
FR-LBr,2002,-104.99251852233073,0.5126464582378008,False,evergreen
FR-LBr,2003,-366.50478302932595,-1.5088323323286312,True,evergreen
FR-LBr,2004,-110.27530273085003,0.47181075880017304,False,evergreen
FR-LBr,2005,-314.2121961497576,-1.1046128381485703,True,evergreen
FR-LBr,2006,-292.7899200428449,-0.9390195460809104,False,evergreen
FR-LBr,2007,-23.939674206925616,1.1391815311054507,False,evergreen
FR-LBr,2008,-176.43488050094498,-0.039599990929692595,False,evergreen
NL-Vkp,2014,98.28163421123766,1.5028709579212998,False,grass/shrub
NL-Vkp,2015,-44.599401074683016,0.07576175797207904,False,grass/shrub
NL-Vkp,2016,72.5375402389106,1.2457365294175784,False,grass/shrub
NL-Vkp,2017,3.9438876968401217,0.5606166854507492,False,grass/shrub
NL-Vkp,2018,-213.89636148233234,-1.6151921831000626,True,grass/shrub
NL-Vkp,2019,-85.9411108601403,-0.33716312221508543,False,grass/shrub
NL-Vkp,2020,-169.66240960763378,-1.1733793172836164,True,grass/shrub
NL-Vkp,2021,2.5889412335729745,0.5470833529178644,False,grass/shrub
NL-Vkp,2022,-144.1398294734324,-0.9184573897998707,False,grass/shrub
NL-Vkp,2023,-102.36050323260386,-0.5011615553551327,False,grass/shrub
NL-Vkp,2024,9.216925679924579,0.6132842840741967,False,grass/shrub
RU-Fy2,2015,-185.8584253074251,-1.1539119096385444,True,evergreen
RU-Fy2,2016,-57.28895969204338,0.06453182926501748,False,evergreen
RU-Fy2,2017,56.493336079019485,1.1428386046471386,False,evergreen
RU-Fy2,2018,-131.30811513304135,-0.6369424754957516,False,evergreen
RU-Fy2,2019,19.053599652080297,0.7880248686075759,False,evergreen
RU-Fy2,2020,68.82312993115008,1.2596871895673112,False,evergreen
RU-Fy2,2021,3.7189943138434245,0.6426998976006458,False,evergreen
RU-Fy2,2022,-253.9304393476831,-1.7990255756627167,True,evergreen
RU-Fy2,2023,-64.03127847769755,0.0006353506512854187,False,evergreen
RU-Fy2,2024,-96.65504505993682,-0.3085377795419622,False,evergreen
BE-Dor,2011,-102.84886995627575,-0.03880962123066363,False,grass/shrub
BE-Dor,2012,-76.69400555241964,0.1946343007773161,False,grass/shrub
BE-Dor,2013,-82.34684295625757,0.14418018586969772,False,grass/shrub
BE-Dor,2014,-16.57560410881375,0.7312180582437254,False,grass/shrub
BE-Dor,2015,-116.25215721150974,-0.15843998506463117,False,grass/shrub
BE-Dor,2016,-58.36304134254031,0.3582463965338222,False,grass/shrub
BE-Dor,2017,-107.12237237463083,-0.07695255135055033,False,grass/shrub
BE-Dor,2018,-153.92447321258436,-0.49468233993297617,False,grass/shrub
BE-Dor,2019,-228.95862586162957,-1.1643958818757159,True,grass/shrub
BE-Dor,2020,-306.34984718029546,-1.8551473212505392,True,grass/shrub
BE-Dor,2021,93.7649240327151,1.716056872471824,False,grass/shrub
BE-Dor,2022,-204.17713716155998,-0.943209955387496,False,grass/shrub
BE-Dor,2023,-124.64382952352486,-0.23333943269601554,False,grass/shrub
BE-Dor,2024,105.48247418580848,1.8206412748922025,False,grass/shrub
BE-Maa,2016,13.071415360904538,0.8362046302454559,False,grass/shrub
BE-Maa,2017,-68.19715165087439,0.2911805802513749,False,grass/shrub
BE-Maa,2018,-266.0573133196803,-1.0357598422318504,True,grass/shrub
BE-Maa,2019,-188.61731704309585,-0.51641193252805,False,grass/shrub
BE-Maa,2020,-375.02937089068746,-1.7665761262808881,True,grass/shrub
BE-Maa,2021,104.91762562006625,1.452167176807903,False,grass/shrub
BE-Maa,2022,-160.96052865218388,-0.33093290449917645,False,grass/shrub
BE-Maa,2023,-48.95290199066761,0.4202412893861,False,grass/shrub
BE-Maa,2024,49.88682897314284,1.0831055732169386,False,grass/shrub
BE-Maa,2025,-176.2123313042689,-0.4332184443678077,False,grass/shrub
DE-Gri,2004,89.92645406900063,0.24409045300673363,False,grass/shrub
DE-Gri,2005,79.02600084176363,0.17494453320688896,False,grass/shrub
DE-Gri,2006,41.8609845082489,-0.06080797957266567,False,grass/shrub
DE-Gri,2007,243.0038000354234,1.2151210759279338,False,grass/shrub
DE-Gri,2008,-52.93212101519495,-0.6621184329512804,False,grass/shrub
DE-Gri,2009,153.71974645910808,0.648756734987791,False,grass/shrub
DE-Gri,2010,415.44186237411327,2.30896444008445,False,grass/shrub
DE-Gri,2011,158.5465979933519,0.679375378278569,False,grass/shrub
DE-Gri,2012,33.283067145579835,-0.11522112860822682,False,grass/shrub
DE-Gri,2013,304.2025898401397,1.6033293938271234,False,grass/shrub
DE-Gri,2014,157.14817697702745,0.6705046363538594,False,grass/shrub
DE-Gri,2015,-47.71921728139353,-0.6290509066762184,False,grass/shrub
DE-Gri,2016,26.81026216029318,-0.15628071072489755,False,grass/shrub
DE-Gri,2017,35.70270343391009,-0.099872411151266,False,grass/shrub
DE-Gri,2018,-229.46812896275225,-1.7819566995680767,True,grass/shrub
DE-Gri,2019,-111.34816123641366,-1.0326746610233435,True,grass/shrub
DE-Gri,2020,-59.426445075837584,-0.7033145191405537,False,grass/shrub
DE-Gri,2021,145.87101191182984,0.598969083206459,False,grass/shrub
DE-Gri,2022,-65.69545955547288,-0.7430813768478826,False,grass/shrub
DE-Gri,2023,-183.23919801919862,-1.4887081634917685,True,grass/shrub
DE-Gri,2024,-54.32732045368164,-0.6709687391236268,False,grass/shrub
DE-GsB,2015,-126.94257140058062,0.31929346844823336,False,grass/shrub
DE-GsB,2016,-195.8922063517961,-0.2045074278802922,False,grass/shrub
DE-GsB,2017,115.1776806085492,2.1586477320553246,False,grass/shrub
DE-GsB,2018,-416.8258827355702,-1.882910189560718,True,grass/shrub
DE-GsB,2019,-187.67701432194406,-0.1420977435970892,False,grass/shrub
DE-GsB,2020,-174.63231490036569,-0.04299895570367344,False,grass/shrub
DE-GsB,2021,-153.24549358781152,0.11947378517537602,False,grass/shrub
DE-GsB,2022,-264.4886628251937,-0.7256252758739598,False,grass/shrub
DE-GsB,2023,-150.9130798149712,0.1371928119068035,False,grass/shrub
DE-GsB,2024,-134.2826638926046,0.2635317950299948,False,grass/shrub
DE-Hai,2000,-115.56416275144868,-0.540715956636791,False,deciduous
DE-Hai,2001,-164.6850593088576,-0.9128424533331513,False,deciduous
DE-Hai,2002,55.71822585713572,0.756872639780701,False,deciduous
DE-Hai,2003,-192.40502709477516,-1.1228413585578074,True,deciduous
DE-Hai,2004,80.46321384734131,0.9443339105827669,False,deciduous
DE-Hai,2005,-14.342892815013426,0.22610873941857654,False,deciduous
DE-Hai,2006,-119.68766255508898,-0.5719544649621312,False,deciduous
DE-Hai,2007,278.27895595448706,2.4429319464653143,False,deciduous
DE-Hai,2008,-202.53698533316552,-1.1995983069884921,True,deciduous
DE-Hai,2009,84.71750149914362,0.9765632319257421,False,deciduous
DE-Hai,2010,71.23925590216163,0.8744557243855211,False,deciduous
DE-Hai,2011,-111.9240778627147,-0.5131396676792226,False,deciduous
DE-Hai,2012,-64.53888928907054,-0.15416242062107707,False,deciduous
DE-Hai,2013,29.551687987131125,0.558642095334973,False,deciduous
DE-Hai,2014,159.98706092200575,1.5467848569152693,False,deciduous
DE-Hai,2015,-148.9095769841867,-0.7933317077523139,False,deciduous
DE-Hai,2016,-117.75307118951528,-0.5572985291412412,False,deciduous
DE-Hai,2017,94.43963550701812,1.050215463914924,False,deciduous
DE-Hai,2018,-273.1100869392601,-1.734240850228292,True,deciduous
DE-Hai,2019,-103.26189886498895,-0.4475173653579862,False,deciduous
DE-Hai,2020,-80.27815398729624,-0.2733987913555198,False,deciduous
DE-Hai,2021,90.57981069680581,1.0209744853263654,False,deciduous
DE-Hai,2022,-162.85489732941042,-0.89897764602039,False,deciduous
DE-Hai,2023,-135.39853339731548,-0.6909757315982942,False,deciduous
DE-Hai,2024,-42.4585557014302,0.013112156182555143,False,deciduous
DE-HoH,2015,-151.19877640553457,0.5683237533444756,False,deciduous
DE-HoH,2016,-290.25514848214226,-0.829278446403449,False,deciduous
DE-HoH,2017,-40.76316132880065,1.6782697145171717,False,deciduous
DE-HoH,2018,-398.30905436823036,-1.9152867630489845,True,deciduous
DE-HoH,2019,-208.43627612872461,-0.006948377853736309,False,deciduous
DE-HoH,2020,-89.97445183749326,1.1836659301649344,False,deciduous
DE-HoH,2021,-180.0124338520303,0.27872874645172846,False,deciduous
DE-HoH,2022,-289.61813706261233,-0.8228760892305673,False,deciduous
DE-HoH,2023,-204.6936795534345,0.03066702321190414,False,deciduous
DE-HoH,2024,-175.31481190035427,0.3259427408570306,False,deciduous
DE-HoH,2025,-256.61838293532037,-0.491208232010507,False,deciduous
DE-RuR,2011,30.887691069996453,0.34034142601282613,False,grass/shrub
DE-RuR,2012,102.95312039276814,1.0045384083918074,False,grass/shrub
DE-RuR,2013,-119.07028776876483,-1.0417586733601145,True,grass/shrub
DE-RuR,2014,144.4846281645085,1.3873169805153298,False,grass/shrub
DE-RuR,2015,8.286165678897632,0.13203260022766958,False,grass/shrub
DE-RuR,2016,-56.54181769533932,-0.46545986371130593,False,grass/shrub
DE-RuR,2017,48.145569468985116,0.4994000878787264,False,grass/shrub
DE-RuR,2018,-149.04689476046383,-1.3180405479420474,True,grass/shrub
DE-RuR,2019,-128.6045767876052,-1.129632235690254,True,grass/shrub
DE-RuR,2020,-86.62697791086207,-0.7427422280477411,False,grass/shrub
DE-RuR,2021,194.54904855962346,1.848739846700638,False,grass/shrub
DE-RuR,2022,-97.25929589797767,-0.8407358650675995,False,grass/shrub
DE-RuR,2023,-49.67777833442916,-0.4021968779317087,False,grass/shrub
DE-RuR,2024,72.97004768718688,0.7281969420237729,False,grass/shrub
DE-RuW,2011,17.902932672049765,-0.184632992913667,False,evergreen
DE-RuW,2012,-13.061164834199158,-0.4161761117794113,False,evergreen
DE-RuW,2013,-49.943709817239046,-0.691976157149883,False,evergreen
DE-RuW,2014,309.8726838492047,1.9986564373166358,False,evergreen
DE-RuW,2015,55.528588541240595,0.09672388201425436,False,evergreen
DE-RuW,2016,142.4517954097246,0.7467176503157303,False,evergreen
DE-RuW,2017,73.39618214171351,0.23033405256885203,False,evergreen
DE-RuW,2018,-115.60960421283161,-1.183012138043421,True,evergreen
DE-RuW,2019,-87.4315329009467,-0.9723023470069321,False,evergreen
DE-RuW,2020,-106.97675477673829,-1.1184574749298577,True,evergreen
DE-RuW,2021,229.21988406040376,1.3955514766574515,False,evergreen
DE-RuW,2022,-78.3469661654078,-0.9043698353273597,False,evergreen
DE-RuW,2023,23.24605315743724,-0.14467824269327412,False,evergreen
DE-RuW,2024,196.06442390136996,1.147621800970882,False,evergreen
DE-Tha,1996,206.39644062003978,1.663717335570476,False,evergreen
DE-Tha,1997,-77.56815757711675,-0.3991072187256449,False,evergreen
DE-Tha,1998,60.62031001517819,0.6047452540111985,False,evergreen
DE-Tha,1999,2.8001128758181006,0.1847178169625028,False,evergreen
DE-Tha,2000,-94.80882493211416,-0.5243498446661075,False,evergreen
DE-Tha,2001,58.56610360458687,0.5898227339144567,False,evergreen
DE-Tha,2002,209.6903600312049,1.687645592417854,False,evergreen
DE-Tha,2003,-244.02181344247674,-1.6082885415080825,True,evergreen
DE-Tha,2004,16.090454723229303,0.2812638078074406,False,evergreen
DE-Tha,2005,21.57535100423699,0.3211081362838183,False,evergreen
DE-Tha,2006,-113.17105904148274,-0.6577399490418666,False,evergreen
DE-Tha,2007,117.47407737770119,1.0177521853830622,False,evergreen
DE-Tha,2008,-107.33402251493499,-0.6153375427287878,False,evergreen
DE-Tha,2009,2.756428720227916,0.18440047899376574,False,evergreen
DE-Tha,2010,246.9454517687804,1.9582804479482177,False,evergreen
DE-Tha,2011,33.713222237904354,0.4092821515542342,False,evergreen
DE-Tha,2012,-55.61367153534792,-0.23962165900644153,False,evergreen
DE-Tha,2013,168.97959050806014,1.391907406989801,False,evergreen
DE-Tha,2014,157.86945542231052,1.3111992496985918,False,evergreen
DE-Tha,2015,-127.1201767022131,-0.7590715326406858,False,evergreen
DE-Tha,2016,-60.7041320198978,-0.27660065901866476,False,evergreen
DE-Tha,2017,-74.95484045677718,-0.3801231102902122,False,evergreen
DE-Tha,2018,-273.6778433233693,-1.8237209827688439,True,evergreen
DE-Tha,2019,-157.6757433109508,-0.9810385435677752,False,evergreen
DE-Tha,2020,-136.73495650417843,-0.828916872466723,False,evergreen
DE-Tha,2021,7.293649439658868,0.21736053939469285,False,evergreen
DE-Tha,2022,-150.13125689106127,-0.9262325855881246,False,evergreen
DE-Tha,2023,-217.74488593822937,-1.4174031578674562,True,evergreen
DE-Tha,2024,-75.71579082454916,-0.3856509370446968,False,evergreen
DK-Sor,1996,-126.72328745854807,-0.7210309588563173,False,deciduous
DK-Sor,1997,-137.38645899671639,-0.8015426667752555,False,deciduous
DK-Sor,1998,-17.486412619369972,0.10375623785610445,False,deciduous
DK-Sor,1999,13.706210052393118,0.3392744715059438,False,deciduous
DK-Sor,2000,-88.4503522503058,-0.43205320306793316,False,deciduous
DK-Sor,2001,83.55669076449456,0.8666768002558928,False,deciduous
DK-Sor,2002,123.07742669308688,1.1650760088248369,False,deciduous
DK-Sor,2003,-132.36034315181467,-0.7635932471843759,False,deciduous
DK-Sor,2004,-35.38760461608014,-0.031405757454677066,False,deciduous
DK-Sor,2005,-102.902490133639,-0.5411732992702887,False,deciduous
DK-Sor,2006,-13.252668956981282,0.13572289354852962,False,deciduous
DK-Sor,2007,150.3460842724773,1.3709665533513813,False,deciduous
DK-Sor,2008,-86.83091335257133,-0.4198257160524367,False,deciduous
DK-Sor,2009,-9.876263842531273,0.16121626026569907,False,deciduous
DK-Sor,2010,147.7152531080905,1.3511026029748,False,deciduous
DK-Sor,2011,400.6708666003418,3.261030469843044,False,deciduous
DK-Sor,2012,-112.32936711020187,-0.6123504310465226,False,deciduous
DK-Sor,2013,-17.919448609935955,0.10048662270773692,False,deciduous
DK-Sor,2014,-37.11538240022729,-0.04445125145317097,False,deciduous
DK-Sor,2015,-13.717946871851623,0.13220983747050574,False,deciduous
DK-Sor,2016,-55.8137986159161,-0.18563264570493002,False,deciduous
DK-Sor,2017,90.42258578892418,0.9185173744068666,False,deciduous
DK-Sor,2018,-298.90732612005684,-2.0210973583695604,True,deciduous
DK-Sor,2019,-20.43015201519149,0.08152969056878905,False,deciduous
DK-Sor,2020,-169.3687122480522,-1.0430229639967872,True,deciduous
DK-Sor,2021,-91.40221980488941,-0.4543411215844209,False,deciduous
DK-Sor,2022,-175.24724083872206,-1.0874084805563793,True,deciduous
DK-Sor,2023,-169.0969968666658,-1.0409713915030916,True,deciduous
DK-Sor,2024,-3.1060141690633856,0.21233466929601713,False,deciduous
FI-Hyy,1997,-63.71025367859549,-0.744660519103223,False,evergreen
FI-Hyy,1998,150.19188268071883,1.3732150857878243,False,evergreen
FI-Hyy,1999,-174.0301369510308,-1.836953440968399,True,evergreen
FI-Hyy,2000,-4.352943783418851,-0.15695531550590278,False,evergreen
FI-Hyy,2001,63.95339944083428,0.5193555453213703,False,evergreen
FI-Hyy,2002,-45.31836743640899,-0.5625598264068832,False,evergreen
FI-Hyy,2003,-25.112832832900075,-0.36250194223189874,False,evergreen
FI-Hyy,2004,198.9971529008709,1.856443037357905,False,evergreen
FI-Hyy,2005,77.99323148753055,0.658365927800754,False,evergreen
FI-Hyy,2006,-173.43450215283235,-1.8310559757537006,True,evergreen
FI-Hyy,2007,-10.97977000810073,-0.22256846850186088,False,evergreen
FI-Hyy,2008,162.3082514583938,1.4931809837019803,False,evergreen
FI-Hyy,2009,-1.0926054831945287,-0.1246742403036524,False,evergreen
FI-Hyy,2010,103.85499125167041,0.9144269052003358,False,evergreen
FI-Hyy,2011,158.19791771458296,1.4524839822033395,False,evergreen
FI-Hyy,2012,176.65137157803045,1.6351942647118203,False,evergreen
FI-Hyy,2013,-11.856443448046402,-0.23124853745076557,False,evergreen
FI-Hyy,2014,86.81682548096038,0.7457295922512912,False,evergreen
FI-Hyy,2015,-38.20174586976334,-0.49209713977002756,False,evergreen
FI-Hyy,2016,72.34081105888525,0.6024005057709968,False,evergreen
FI-Hyy,2017,12.089116447870907,0.005839871352367734,False,evergreen
FI-Hyy,2018,-133.71693487757005,-1.4378066690866698,True,evergreen
FI-Hyy,2019,-52.760135986607175,-0.6362418397703924,False,evergreen
FI-Hyy,2020,-111.07248392775432,-1.2136007258033066,True,evergreen
FI-Hyy,2021,4.487313239972153,-0.0694266680156493,False,evergreen
FI-Hyy,2022,-71.17311299364236,-0.8185513551420068,False,evergreen
FI-Hyy,2023,41.97339276938318,0.3017283597442604,False,evergreen
FI-Hyy,2024,-43.42842080063534,-0.5438471948148021,False,evergreen
FI-Hyy,2025,-16.135309618208332,-0.27361420257510516,False,evergreen
FI-Let,2009,-62.97580111805892,0.08605249785030733,False,evergreen
FI-Let,2010,-91.81837252643753,-0.2780654093345955,False,evergreen
FI-Let,2011,6.83623228554501,0.9673820831818868,False,evergreen
FI-Let,2012,-20.838615086583715,0.6180059001736744,False,evergreen
FI-Let,2013,-177.58822617389197,-1.3608516549671283,True,evergreen
FI-Let,2014,103.6844103727582,2.1900246631545857,False,evergreen
FI-Let,2015,-65.0174991276773,0.060277444862144605,False,evergreen
FI-Let,2016,-197.9927055136599,-1.618444371275204,True,evergreen
FI-Let,2017,-39.93503038687783,0.3769266054247693,False,evergreen
FI-Let,2018,-187.21508183987285,-1.4823841802138131,True,evergreen
FI-Let,2019,-70.23414327882372,-0.005579150375130724,False,evergreen
FI-Let,2020,-77.40530824720989,-0.0961102456577079,False,evergreen
FI-Let,2021,-25.12475291764459,0.5638963162931415,False,evergreen
FI-Let,2022,-147.22793989238775,-0.977573626602969,False,evergreen
FI-Let,2023,-59.72410733173812,0.12710292707581447,False,evergreen
FI-Let,2024,-4.098365498921709,0.8293402004102245,False,evergreen
FR-Bil,2014,-157.2391083327534,0.3079169755399063,False,evergreen
FR-Bil,2015,-277.4545216807831,-0.6484749011277933,False,evergreen
FR-Bil,2016,-256.62638876536346,-0.4827735441080117,False,evergreen
FR-Bil,2017,-105.5455161901317,0.7191731549604874,False,evergreen
FR-Bil,2018,-307.00775070918166,-0.8835900779997753,False,evergreen
FR-Bil,2019,-287.06446212257276,-0.7249282336732632,False,evergreen
FR-Bil,2020,-107.73476828928882,0.7017562292493893,False,evergreen
FR-Bil,2021,-142.17990289329722,0.4277227587606482,False,evergreen
FR-Bil,2022,-398.7931667647847,-1.6138028175093762,True,evergreen
FR-Bil,2023,-104.6653267083972,0.726175635314834,False,evergreen
FR-Bil,2024,63.70962727441564,2.0657080108951837,False,evergreen
FR-Bil,2025,-270.7182142882833,-0.5948831903022284,False,evergreen
FR-FBn,2008,-377.8353584564511,1.0485897067687031,False,evergreen
FR-FBn,2009,-416.875845541495,0.4459141986197559,False,evergreen
FR-FBn,2010,-413.7553621338319,0.49408570117521866,False,evergreen
FR-FBn,2011,-525.8049706584811,-1.23564565715493,True,evergreen
FR-FBn,2012,-423.84217197693096,0.3383736775380861,False,evergreen
FR-FBn,2013,-462.6616508822316,-0.260890084831622,False,evergreen
FR-FBn,2014,-345.10955306612607,1.5537842590352768,False,evergreen
FR-FBn,2015,-525.2737961401481,-1.2274458139497264,True,evergreen
FR-FBn,2016,-419.60197099450187,0.4038304756608251,False,evergreen
FR-FBn,2017,-562.1212284503547,-1.7962667137290496,True,evergreen
FR-FBn,2018,-333.35287347023205,1.7352743832277635,False,evergreen
FR-FBn,2019,-509.55189048780284,-0.9847437324552857,False,evergreen
FR-FBn,2020,-435.02829163966936,0.16569139677477931,False,evergreen
FR-FBn,2021,-484.63601988225656,-0.6001126456181646,False,evergreen
FR-FBn,2022,-500.382894218215,-0.8432001734839989,False,evergreen
FR-FBn,2023,-409.1801845466578,0.5647135975745478,False,evergreen
FR-FBn,2024,-432.9323128268103,0.19804742484783044,False,evergreen
FR-Pue,2000,-154.52611644316977,1.156260943978645,False,evergreen
FR-Pue,2001,-250.56648455982688,0.371841514915718,False,evergreen
FR-Pue,2002,-235.4776969802835,0.49508071495731376,False,evergreen
FR-Pue,2003,-363.88882424639064,-0.5537301664530467,False,evergreen
FR-Pue,2004,-335.71133252713685,-0.3235876503394616,False,evergreen
FR-Pue,2005,-292.32882865275815,0.030743341802562843,False,evergreen
FR-Pue,2006,-309.1607680644649,-0.10673322729299876,False,evergreen
FR-Pue,2007,-264.1121231867761,0.2612061401622826,False,evergreen
FR-Pue,2008,-247.80789510596483,0.3943725735408689,False,evergreen
FR-Pue,2009,-444.41140492453223,-1.211406495697211,True,evergreen
FR-Pue,2010,-368.2492037892624,-0.5893440077844601,False,evergreen
FR-Pue,2011,-368.1407441108138,-0.5884581523810146,False,evergreen
FR-Pue,2012,-231.7874314774646,0.525221332028832,False,evergreen
FR-Pue,2013,-334.10888971298976,-0.31049953643456246,False,evergreen
FR-Pue,2014,148.96421128399555,3.635048918975736,False,evergreen
FR-Pue,2015,-347.2719729750358,-0.4180103515178618,False,evergreen
FR-Pue,2016,-193.32048033531638,0.8394040496134186,False,evergreen
FR-Pue,2017,-487.1327485084252,-1.5603373942353465,True,evergreen
FR-Pue,2018,-323.64532481322124,-0.22503731085594397,False,evergreen
FR-Pue,2019,-403.86808154653505,-0.8802647976786013,False,evergreen
FR-Pue,2020,-282.8107253474119,0.10848341409667075,False,evergreen
FR-Pue,2021,-250.78541275663474,0.37005339670549614,False,evergreen
FR-Pue,2022,-463.9215914753617,-1.3707579194289836,True,evergreen
FR-Pue,2023,-314.4271873162254,-0.14974723966802522,False,evergreen
FR-Pue,2024,-218.00918388001662,0.6377565640965575,False,evergreen
FR-Pue,2025,-361.90886576349953,-0.5375586551065761,False,evergreen
IT-Cp2,2012,-373.1428693865646,0.42575828174854546,False,deciduous
IT-Cp2,2013,-389.5799056270971,0.19017198211968533,False,deciduous
IT-Cp2,2014,-365.30439519591926,0.5381043946540334,False,deciduous
IT-Cp2,2015,-454.2098102314423,-0.7361458679047571,False,deciduous
IT-Cp2,2016,-361.6361217711714,0.590680476468113,False,deciduous
IT-Cp2,2017,-444.57400208770997,-0.5980391951873407,False,deciduous
IT-Cp2,2018,-502.6791731037468,-1.4308403175219555,True,deciduous
IT-Cp2,2019,-439.3858697109765,-0.5236795058410745,False,deciduous
IT-Cp2,2020,-488.79335636352715,-1.2318197559510062,True,deciduous
IT-Cp2,2021,-466.46239116809244,-0.9117578311278183,False,deciduous
IT-Cp2,2022,-376.96240337414827,0.3710142351166723,False,deciduous
IT-Cp2,2023,-248.77962798463068,2.208213185600671,False,deciduous
IT-Cp2,2024,-412.17469165484295,-0.13367119455083504,False,deciduous
IT-Cp2,2025,-316.19228533471176,1.2420111123770754,False,deciduous
IT-MBo,2003,710.5464942527377,-0.23282770723527949,False,grass/shrub
IT-MBo,2004,35.47891790719301,-0.5182708480975435,False,grass/shrub
IT-MBo,2005,27.134467513315045,-0.5217991854265144,False,grass/shrub
IT-MBo,2006,63.37865208582653,-0.5064738250553718,False,grass/shrub
IT-MBo,2007,236.26565666596255,-0.4333709071685819,False,grass/shrub
IT-MBo,2008,2014.9828948327452,0.31873547885682524,False,grass/shrub
IT-MBo,2009,-87.58176659220473,-0.5703053843884526,False,grass/shrub
IT-MBo,2010,370.6707369195609,-0.376539547465129,False,grass/shrub
IT-MBo,2011,59.86802628849054,-0.507958245414306,False,grass/shrub
IT-MBo,2012,30.218990236142762,-0.5204949369558186,False,grass/shrub
IT-MBo,2014,115.58382343492346,-0.4843995785631787,False,grass/shrub
IT-MBo,2015,692.8544836790254,-0.24030853321964563,False,grass/shrub
IT-MBo,2016,376.68525288863543,-0.3739963912106504,False,grass/shrub
IT-MBo,2017,23.486813583620375,-0.52334154626705,False,grass/shrub
IT-MBo,2018,5169.308467783914,1.6524991351110954,False,grass/shrub
IT-MBo,2019,190.9620991572624,-0.45252690013971864,False,grass/shrub
IT-MBo,2020,302.6393844463096,-0.4053056793421733,False,grass/shrub
IT-MBo,2021,7049.669314561614,2.447584138251456,False,grass/shrub
IT-MBo,2022,7911.228573291289,2.8118827499283423,False,grass/shrub
IT-MBo,2023,534.1410751784966,-0.3074183388254729,False,grass/shrub
IT-MBo,2024,657.2487167561728,-0.25536394737283025,False,grass/shrub
IT-Ren,1999,180.9204584022095,-0.007911188223911543,False,evergreen
IT-Ren,2000,485.27000469238,1.2564184114049006,False,evergreen
IT-Ren,2001,444.13306765452205,1.085527250997377,False,evergreen
IT-Ren,2002,840.9157604782246,2.733842844933375,False,evergreen
IT-Ren,2003,113.12712691582635,-0.2895384050227244,False,evergreen
IT-Ren,2004,413.1949824948943,0.9570041850031842,False,evergreen
IT-Ren,2005,-21.74266788895446,-0.8498148231941283,False,evergreen
IT-Ren,2006,-136.9330574328176,-1.3283390098351882,True,evergreen
IT-Ren,2007,57.006689675554185,-0.5226740571433887,False,evergreen
IT-Ren,2008,33.22154889652212,-0.6214823448008879,False,evergreen
IT-Ren,2009,-72.69962899969751,-1.061500350656758,True,evergreen
IT-Ren,2010,180.06389781100359,-0.01146951424258968,False,evergreen
IT-Ren,2011,710.4632225833346,2.1919166057861097,False,evergreen
IT-Ren,2012,270.07266941044134,0.3624451360224032,False,evergreen
IT-Ren,2013,28.480483971303943,-0.641177687842406,False,evergreen
IT-Ren,2014,380.5466322700212,0.8213763318602724,False,evergreen
IT-Ren,2015,178.63894469021216,-0.017389057841916675,False,evergreen
IT-Ren,2016,49.28605024397726,-0.5547471555934761,False,evergreen
IT-Ren,2017,276.2453562617866,0.38808772623002796,False,evergreen
IT-Ren,2018,276.4275711447581,0.3888446837245994,False,evergreen
IT-Ren,2019,115.22411070374478,-0.2808271100484935,False,evergreen
IT-Ren,2020,48.41602432263316,-0.5583614193182228,False,evergreen
IT-Ren,2021,68.34277334110892,-0.47558167176961613,False,evergreen
IT-Ren,2022,16.59971987686982,-0.6905327859324123,False,evergreen
IT-Ren,2023,1.382265194742784,-0.7537491718943606,False,evergreen
IT-Ren,2024,-174.3646013014251,-1.483837217240971,True,evergreen
IT-Ren,2025,174.03128576602393,-0.0365302053607989,False,evergreen
IT-SR2,2013,-397.1134765025047,-0.9076281508847361,False,evergreen
IT-SR2,2014,-145.32950906120942,1.570701092117545,False,evergreen
IT-SR2,2015,-351.4914875180126,-0.45856735256144077,False,evergreen
IT-SR2,2016,-390.12733706588403,-0.8388630351491392,False,evergreen
IT-SR2,2017,-276.69570147305984,0.27765340721258264,False,evergreen
IT-SR2,2018,-403.75715159569404,-0.9730223633589519,False,evergreen
IT-SR2,2019,-227.08643372301293,0.7659613016282079,False,evergreen
IT-SR2,2020,-287.26945860558317,0.1735750904863741,False,evergreen
IT-SR2,2021,-441.010752215921,-1.3397124618687501,True,evergreen
IT-SR2,2022,-419.7004698241113,-1.1299536890407207,True,evergreen
IT-SR2,2023,-257.0495569336498,0.4710319412752081,False,evergreen
IT-SR2,2024,-189.86556114284025,1.1323292554853623,False,evergreen
IT-SR2,2025,-177.25104070975559,1.2564949646584558,False,evergreen
IT-Tor,2008,12.359254995848403,0.12771725253259794,False,grass/shrub
IT-Tor,2009,-146.5455845011462,-1.5276090582761555,True,grass/shrub
IT-Tor,2010,-52.70062939570894,-0.5500175398904954,False,grass/shrub
IT-Tor,2011,51.75974662147939,0.5381557933168795,False,grass/shrub
IT-Tor,2012,-0.7060571841059158,-0.008385304688873553,False,grass/shrub
IT-Tor,2013,126.02413475921682,1.311774746834247,False,grass/shrub
IT-Tor,2014,120.29644277807752,1.252108853293179,False,grass/shrub
IT-Tor,2015,56.799309508623885,0.5906533828709306,False,grass/shrub
IT-Tor,2016,-64.57148912023979,-0.6736773761556302,False,grass/shrub
IT-Tor,2017,-88.21910720293478,-0.9200167861078501,False,grass/shrub
IT-Tor,2018,-3.6210699719438395,-0.03875126068698116,False,grass/shrub
IT-Tor,2019,-115.7062159484372,-1.2063525230087524,True,grass/shrub
IT-Tor,2020,22.561402261410137,0.23399395781663884,False,grass/shrub
IT-Tor,2021,76.76309604742391,0.7986179812157804,False,grass/shrub
IT-Tor,2022,-170.43989380333403,-1.776518273324083,True,grass/shrub
IT-Tor,2023,17.40303073693862,0.18025872777321492,False,grass/shrub
IT-Tor,2024,160.2249159631736,1.6680474264853529,False,grass/shrub
IT-TrF,2012,-38.65054883437,-0.28363492659467276,False,deciduous
IT-TrF,2013,102.10599956838777,1.1110705371887506,False,deciduous
IT-TrF,2014,108.69958165258707,1.1764039448567456,False,deciduous
IT-TrF,2015,36.522601034210794,0.4612284850280691,False,deciduous
IT-TrF,2016,-83.53417553998585,-0.7283704654458905,False,deciduous
IT-TrF,2017,-109.53477763947632,-0.986000978706669,False,deciduous
IT-TrF,2018,-27.10873847286296,-0.16927132393595193,False,deciduous
IT-TrF,2019,-126.25461194062385,-1.1516717380282089,True,deciduous
IT-TrF,2020,2.6813208243568596,0.12590754297814052,False,deciduous
IT-TrF,2021,63.068851728866804,0.7242656318388945,False,deciduous
IT-TrF,2022,-195.65268602136237,-1.8393120232922402,True,deciduous
IT-TrF,2023,-5.888966527774003,0.04098768147366014,False,deciduous
IT-TrF,2024,143.2142891071842,1.518397632639373,False,deciduous
NL-Loo,1997,20.33751190178094,-0.7143275618770787,False,evergreen
NL-Loo,1998,275.9259196697234,1.362024445914044,False,evergreen
NL-Loo,1999,64.13302582217119,-0.3585410688393768,False,evergreen
NL-Loo,2000,148.414490106211,0.32614564725233486,False,evergreen
NL-Loo,2001,299.42826346857396,1.5529530532038045,False,evergreen
NL-Loo,2002,121.270464366737,0.10563270288256346,False,evergreen
NL-Loo,2003,-11.919502652639222,-0.9763774628108818,False,evergreen
NL-Loo,2004,181.87699465978847,0.597988721522837,False,evergreen
NL-Loo,2005,133.42735289600282,0.20439297188956793,False,evergreen
NL-Loo,2006,113.38204875457731,0.04154870260399924,False,evergreen
NL-Loo,2007,393.66354075416155,2.3185026683269383,False,evergreen
NL-Loo,2008,157.09893044436035,0.3966964022342684,False,evergreen
NL-Loo,2009,56.7059273450599,-0.41887741574057874,False,evergreen
NL-Loo,2010,114.47794067503187,0.05045152182506448,False,evergreen
NL-Loo,2011,279.3702481997028,1.3900055211168296,False,evergreen
NL-Loo,2012,156.4859541821035,0.3917166987180555,False,evergreen
NL-Loo,2013,38.670134153383614,-0.5653967971659032,False,evergreen
NL-Loo,2014,184.81986547322356,0.6218960488367336,False,evergreen
NL-Loo,2015,142.68207424175296,0.27957658219337556,False,evergreen
NL-Loo,2016,69.4430663056023,-0.3154033016944961,False,evergreen
NL-Loo,2017,123.94221138287323,0.1273374716148807,False,evergreen
NL-Loo,2018,-164.39926983587713,-2.215094326002473,True,evergreen
NL-Loo,2019,93.29864147500608,-0.12160510938768411,False,evergreen
NL-Loo,2020,-10.837283778546153,-0.9675857208390284,False,evergreen
NL-Loo,2021,215.69697443951546,0.8727358570926492,False,evergreen
NL-Loo,2022,-65.63485379506449,-1.4127508420567967,True,evergreen
NL-Loo,2023,-34.687271289950175,-1.1613385200663655,True,evergreen
NL-Loo,2024,143.34463044240363,0.28495906377581304,False,evergreen
NL-Loo,2025,-100.65722201987151,-1.6972659545230941,True,evergreen
SE-Svb,2014,-181.64097188634886,-1.728969534075996,True,evergreen
SE-Svb,2015,72.59509194596104,1.454638996138929,False,evergreen
SE-Svb,2016,-26.708634328780214,0.21113252705310356,False,evergreen
SE-Svb,2017,28.275881812858927,0.8996625962321256,False,evergreen
SE-Svb,2018,-142.73224975069425,-1.2417446383486332,True,evergreen
SE-Svb,2019,-122.36881884619062,-0.9867485872188444,False,evergreen
SE-Svb,2020,-64.51102079733874,-0.26223855260286466,False,evergreen
SE-Svb,2021,-37.56906686350334,0.07513543388628359,False,evergreen
SE-Svb,2022,2.9094464843592434,0.582017653671094,False,evergreen
SE-Svb,2023,-48.03309317464114,-0.05589775991939413,False,evergreen
SE-Svb,2024,40.52202142453562,1.0530118651841966,False,evergreen
CN-HaM,2001,2168.7749554499237,0.5671955216525946,False,grass/shrub
CN-HaM,2002,1614.4293783728046,-2.267209656877528,True,grass/shrub
CN-HaM,2003,2309.782080572071,1.2881741714024395,False,grass/shrub
CN-HaM,2004,1819.8013380618609,-1.2171293998349808,True,grass/shrub
CN-HaM,2005,2165.793229176843,0.5519497602740319,False,grass/shrub
CN-HaM,2006,2080.135299955451,0.11397516787730426,False,grass/shrub
CN-HaM,2007,2082.1516411676294,0.12428485232290924,False,grass/shrub
CN-HaM,2008,1780.4322853447218,-1.4184259403136659,True,grass/shrub
CN-HaM,2009,2061.8972404731676,0.02072277734594963,False,grass/shrub
CN-HaM,2010,2037.21222182897,-0.10549333688037955,False,grass/shrub
CN-HaM,2011,2111.4946478529287,0.2743175639411459,False,grass/shrub
CN-HaM,2012,2251.0317597421954,0.987779939922281,False,grass/shrub
CN-HaM,2013,2075.251171314715,0.0890022988144679,False,grass/shrub
CN-HaM,2014,2251.6334223853864,0.9908562803534261,False,grass/shrub
JP-Api,2000,2370.348571500134,0.37189415387612423,False,deciduous
JP-Api,2001,2333.7745382735957,0.2954690522442869,False,deciduous
JP-Api,2002,2458.5709095671946,0.5562435558469501,False,deciduous
JP-Api,2003,1814.0475726423817,-0.7905524407408218,False,deciduous
JP-Api,2004,2460.2565872529794,0.5597659480222038,False,deciduous
JP-Api,2005,1940.5480216317342,-0.5262170963011679,False,deciduous
JP-Api,2006,1557.289188534545,-1.32707477282066,True,deciduous
JP-Api,2007,2012.3994486974877,-0.3760763507651162,False,deciduous
JP-Api,2008,1715.509060891905,-0.9964585197486959,False,deciduous
JP-Api,2009,1999.5271971762563,-0.40297420817797774,False,deciduous
JP-Api,2010,2697.5429546807727,1.0555995530882176,False,deciduous
JP-Api,2011,2432.720408907144,0.5022263483942937,False,deciduous
JP-Api,2012,1279.5416148992658,-1.9074561163709844,True,deciduous
JP-Api,2013,2842.7395596672495,1.3590023860204488,False,deciduous
JP-Api,2014,2128.70994518556,-0.13303393157410137,False,deciduous
JP-Api,2015,1688.0055086892885,-1.053929943786128,True,deciduous
JP-Api,2016,2247.6527965702307,0.11550905653851662,False,deciduous
JP-Api,2017,2085.1428050213817,-0.22407182980731732,False,deciduous
JP-Api,2018,2675.7677971408343,1.0100981828201026,False,deciduous
JP-Api,2019,1603.8690915419782,-1.2297414052017681,True,deciduous
JP-Api,2020,2852.4066975622345,1.3792028378420196,False,deciduous
JP-Api,2021,2012.5851448546466,-0.3756883200659695,False,deciduous
JP-Api,2022,3215.663304056897,2.1382638606675473,False,deciduous
JP-Fhk,2006,519.8697844856919,-0.1725331112681726,False,deciduous
JP-Fhk,2007,521.4610563526526,-0.1655172729079051,False,deciduous
JP-Fhk,2008,607.7768227608408,0.21504463963259238,False,deciduous
JP-Fhk,2009,440.2519922178321,-0.5235639896180454,False,deciduous
JP-Fhk,2010,399.9025565072346,-0.7014626408486757,False,deciduous
JP-Fhk,2011,1055.705531899755,2.189939995662595,False,deciduous
JP-Fhk,2012,399.9837011033321,-0.7011048783683291,False,deciduous
JP-Fhk,2013,318.7138669236751,-1.0594195271776736,True,deciduous
JP-Fhk,2014,434.57372950087597,-0.5485991669604229,False,deciduous
JP-Fhk,2015,898.792776766401,1.4981194780394878,False,deciduous
JP-Fhk,2016,334.5519463512241,-0.9895902242735801,False,deciduous
JP-Fhk,2017,218.2484574063833,-1.5023665110375994,True,deciduous
JP-Fhk,2018,983.2279880879645,1.870390116920672,False,deciduous
JP-Fhk,2019,478.78121537228293,-0.3536905648370256,False,deciduous
JP-Fhk,2020,643.6945456818287,0.3734040900285995,False,deciduous
JP-Fhk,2021,649.9023184095736,0.40077385062037046,False,deciduous
JP-Fhk,2022,573.3196675815511,0.0631247596222212,False,deciduous
JP-Fhk,2023,583.2826282650678,0.10705095677089443,False,deciduous
JP-Fmt,2014,1807.636534886923,-1.4374898403886518,True,deciduous
JP-Fmt,2015,3083.7556044647163,1.0543741774066624,False,deciduous
JP-Fmt,2016,2519.4541630660424,-0.04753119375640507,False,deciduous
JP-Fmt,2017,2062.5130918671202,-0.9397951217221244,False,deciduous
JP-Fmt,2018,2991.788153371309,0.8747903222231225,False,deciduous
JP-Fmt,2019,2652.404061394879,0.21207864651091632,False,deciduous
JP-Fmt,2020,2550.383022447305,0.012863258172848021,False,deciduous
JP-Fmt,2021,3201.498894874301,1.284290237516587,False,deciduous
JP-Fmt,2022,2791.6121228511583,0.48390873478372104,False,deciduous
JP-Fmt,2023,1776.909997286584,-1.497489220746671,True,deciduous
JP-NsC,2004,1459.5330727580406,0.2646467215145968,False,grass/shrub
JP-NsC,2005,1217.5613506914117,-0.1029021562548326,False,grass/shrub
JP-NsC,2006,1490.4515389732421,0.31161108355943173,False,grass/shrub
JP-NsC,2007,1603.9062292477151,0.48394586603694073,False,grass/shrub
JP-NsC,2008,1341.3477790282282,0.08512627297523528,False,grass/shrub
JP-NsC,2009,1102.3759962988536,-0.2778657734117213,False,grass/shrub
JP-NsC,2010,1836.403922327863,0.8371039352763663,False,grass/shrub
JP-NsC,2011,2836.99660226103,2.356978710199338,False,grass/shrub
JP-NsC,2012,948.950685284127,-0.5109149099110707,False,grass/shrub
JP-NsC,2013,448.84853502832766,-1.2705573281519238,True,grass/shrub
JP-NsC,2014,590.1358624722818,-1.0559454792898164,True,grass/shrub
JP-NsC,2015,547.1585360874057,-1.1212269425425434,True,grass/shrub
JP-NsM,2004,1459.4972487871253,0.2649088195126354,False,grass/shrub
JP-NsM,2005,1217.4473278461542,-0.1028227048017787,False,grass/shrub
JP-NsM,2006,1490.5066727739609,0.3120195258762698,False,grass/shrub
JP-NsM,2007,1601.3044058033474,0.4803476918144609,False,grass/shrub
JP-NsM,2008,1341.3477790282282,0.08541161314100212,False,grass/shrub
JP-NsM,2009,1102.3759962988536,-0.2776434855327819,False,grass/shrub
JP-NsM,2010,1836.6766114725724,0.8379341749478216,False,grass/shrub
JP-NsM,2011,2836.9957662118522,2.3576574045327185,False,grass/shrub
JP-NsM,2012,949.0709996512762,-0.5105503168305207,False,grass/shrub
JP-NsM,2013,448.84853502832766,-1.270507472350391,True,grass/shrub
JP-NsM,2014,590.1357177879963,-1.055858564884015,True,grass/shrub
JP-NsM,2015,547.3260294846979,-1.1208966854254219,True,grass/shrub
JP-Tef,2001,227.3482946456549,1.0664289601272579,False,deciduous
JP-Tef,2002,153.5969943370722,0.34533591692282767,False,deciduous
JP-Tef,2003,39.827851262817674,-0.7670259974965625,False,deciduous
JP-Tef,2004,243.6021856811453,1.2253491107097556,False,deciduous
JP-Tef,2005,117.81487243195832,-0.004518784877837028,False,deciduous
JP-Tef,2006,111.73132518984617,-0.06399981878419188,False,deciduous
JP-Tef,2007,108.47386747280038,-0.0958491568767564,False,deciduous
JP-Tef,2008,-43.97094231515284,-1.5863570035285544,True,deciduous
JP-Tef,2009,69.20593280368941,-0.4797859063635551,False,deciduous
JP-Tef,2010,237.16453166626752,1.16240584726542,False,deciduous
JP-Tef,2011,131.3177141341197,0.1275033648900924,False,deciduous
JP-Tef,2012,83.43353631811229,-0.34067749915182066,False,deciduous
JP-Tef,2013,56.49024767003738,-0.6041117426686734,False,deciduous
JP-Tef,2014,270.3917030247639,1.4872798767635134,False,deciduous
JP-Tef,2015,124.36477680727802,0.05952199079574999,False,deciduous
JP-Tef,2016,221.4285081277167,1.0085490738407803,False,deciduous
JP-Tef,2017,88.8145982430744,-0.28806491736808143,False,deciduous
JP-Tef,2018,249.14900367521892,1.2795823493199525,False,deciduous
JP-Tef,2019,34.2738432226724,-0.8213295357785061,False,deciduous
JP-Tef,2020,180.2054163755404,0.6054960489110902,False,deciduous
JP-Tef,2021,-164.2370682198116,-2.762242260603883,True,deciduous
JP-Tef,2022,52.54772476048189,-0.6426592100470039,False,deciduous
JP-Tef,2023,127.3970167969538,0.08916929399898625,False,deciduous
