vi_index,target,reduced,full,df_diff,chi2,p_value,test
GCC,EOS10,M0_env,M1_env+SOS,1,0.33958713942415214,0.5600676298438088,"Wald, cluster-robust"
GCC,EOS10,M0_env,M2_env+source,2,0.1525731056096784,0.9265506628237904,"Wald, cluster-robust"
GCC,EOS10,M0_env,M3_env+sink,2,0.06196194933273589,0.9694940178477103,"Wald, cluster-robust"
GCC,EOS10,M0_env,M4_env+source+sink,4,4.601712049347348,0.330656836734825,"Wald, cluster-robust"
GCC,EOS10,M0_env,M3d_env+sink_daily,2,2.5004897282250926,0.2864346507058551,"Wald, cluster-robust"
GCC,EOS10,M0_env,M4d_env+source+sink_daily,4,3.915089664446141,0.41761916233740437,"Wald, cluster-robust"
GCC,EOS10,M0_env,M5_env+SOS+source+sink,5,7.679642754883704,0.17479736385510558,"Wald, cluster-robust"
GCC,EOS10,M1_env+SOS,M5_env+SOS+source+sink,4,3.5452859925801103,0.4710260019185535,"Wald, cluster-robust"
GCC,EOS10,M2_env+source,M4_env+source+sink,2,3.2745659014605755,0.1945078122869962,"Wald, cluster-robust"
GCC,EOS10,M2_env+source,M4d_env+source+sink_daily,2,3.089355059859694,0.21338066900901018,"Wald, cluster-robust"
GCC,EOS10,M2_env+source,M5_env+SOS+source+sink,3,6.647156663872265,0.08403621012818972,"Wald, cluster-robust"
GCC,EOS10,M3_env+sink,M4_env+source+sink,2,1.9732877066485077,0.37282585190946765,"Wald, cluster-robust"
GCC,EOS10,M3_env+sink,M5_env+SOS+source+sink,3,6.512048821092024,0.08918853747938361,"Wald, cluster-robust"
GCC,EOS10,M4_env+source+sink,M5_env+SOS+source+sink,1,0.6440365889935581,0.42225285856715156,"Wald, cluster-robust"
GCC,EOS10,M3d_env+sink_daily,M4d_env+source+sink_daily,2,1.698792805065169,0.42767299639487444,"Wald, cluster-robust"
GCC,EOS50,M0_env,M1_env+SOS,1,0.2726212835758723,0.6015787887946087,"Wald, cluster-robust"
GCC,EOS50,M0_env,M2_env+source,2,1.7088023705657769,0.42553793318008104,"Wald, cluster-robust"
GCC,EOS50,M0_env,M3_env+sink,2,2.704627914525435,0.25864108326476043,"Wald, cluster-robust"
GCC,EOS50,M0_env,M4_env+source+sink,4,5.407242042337717,0.24800409379420615,"Wald, cluster-robust"
GCC,EOS50,M0_env,M3d_env+sink_daily,2,3.118163151054429,0.21032915396356572,"Wald, cluster-robust"
GCC,EOS50,M0_env,M4d_env+source+sink_daily,4,3.8256687055220038,0.4301128162959452,"Wald, cluster-robust"
GCC,EOS50,M0_env,M5_env+SOS+source+sink,5,12.230992429131161,0.03175613404801253,"Wald, cluster-robust"
GCC,EOS50,M1_env+SOS,M5_env+SOS+source+sink,4,11.961390453696096,0.017640697077247566,"Wald, cluster-robust"
GCC,EOS50,M2_env+source,M4_env+source+sink,2,4.407660436894561,0.11037956979738239,"Wald, cluster-robust"
GCC,EOS50,M2_env+source,M4d_env+source+sink_daily,2,1.890221830559274,0.3886364627891756,"Wald, cluster-robust"
GCC,EOS50,M2_env+source,M5_env+SOS+source+sink,3,7.836390304657845,0.049516855177163574,"Wald, cluster-robust"
GCC,EOS50,M3_env+sink,M4_env+source+sink,2,1.5491996121257126,0.460888188755913,"Wald, cluster-robust"
GCC,EOS50,M3_env+sink,M5_env+SOS+source+sink,3,4.95814841389958,0.17488750008302076,"Wald, cluster-robust"
GCC,EOS50,M4_env+source+sink,M5_env+SOS+source+sink,1,1.3358474138127332,0.24776761484883014,"Wald, cluster-robust"
GCC,EOS50,M3d_env+sink_daily,M4d_env+source+sink_daily,2,0.5233144317008508,0.7697748451037388,"Wald, cluster-robust"
NDVI,EOS10,M0_env,M1_env+SOS,1,1.9656645260978023,0.160908801006506,"Wald, cluster-robust"
NDVI,EOS10,M0_env,M2_env+source,2,0.5598254923918431,0.7558496893392882,"Wald, cluster-robust"
NDVI,EOS10,M0_env,M3_env+sink,2,0.08773565234452838,0.957080450099896,"Wald, cluster-robust"
NDVI,EOS10,M0_env,M4_env+source+sink,4,2.0677248439723046,0.7233039342838536,"Wald, cluster-robust"
NDVI,EOS10,M0_env,M3d_env+sink_daily,2,0.26540772718289196,0.8757243875884837,"Wald, cluster-robust"
NDVI,EOS10,M0_env,M4d_env+source+sink_daily,4,3.1721124442848927,0.5294470065215915,"Wald, cluster-robust"
NDVI,EOS10,M0_env,M5_env+SOS+source+sink,5,5.175392516762905,0.39485239870090066,"Wald, cluster-robust"
NDVI,EOS10,M1_env+SOS,M5_env+SOS+source+sink,4,1.8122231965632754,0.7702452997804421,"Wald, cluster-robust"
NDVI,EOS10,M2_env+source,M4_env+source+sink,2,1.1560281729950947,0.5610113811010655,"Wald, cluster-robust"
NDVI,EOS10,M2_env+source,M4d_env+source+sink_daily,2,2.4334686354079706,0.29619587083622856,"Wald, cluster-robust"
NDVI,EOS10,M2_env+source,M5_env+SOS+source+sink,3,3.9398482154706462,0.268033121464483,"Wald, cluster-robust"
NDVI,EOS10,M3_env+sink,M4_env+source+sink,2,1.8443144275465424,0.39766027692214206,"Wald, cluster-robust"
NDVI,EOS10,M3_env+sink,M5_env+SOS+source+sink,3,5.066179538489472,0.16701480110023859,"Wald, cluster-robust"
NDVI,EOS10,M4_env+source+sink,M5_env+SOS+source+sink,1,2.6032012546070034,0.10664809964510291,"Wald, cluster-robust"
NDVI,EOS10,M3d_env+sink_daily,M4d_env+source+sink_daily,2,2.4074599559983043,0.30007285674344497,"Wald, cluster-robust"
NDVI,EOS50,M0_env,M1_env+SOS,1,0.4954504102008892,0.48150602292903977,"Wald, cluster-robust"
NDVI,EOS50,M0_env,M2_env+source,2,6.0997002241378775,0.047366023454353846,"Wald, cluster-robust"
NDVI,EOS50,M0_env,M3_env+sink,2,6.786034092976097,0.03360712951792986,"Wald, cluster-robust"
NDVI,EOS50,M0_env,M4_env+source+sink,4,7.374127671828603,0.11738953710941434,"Wald, cluster-robust"
NDVI,EOS50,M0_env,M3d_env+sink_daily,2,4.891552896606734,0.08665882267704218,"Wald, cluster-robust"
NDVI,EOS50,M0_env,M4d_env+source+sink_daily,4,8.371870456815726,0.07886758034505617,"Wald, cluster-robust"
NDVI,EOS50,M0_env,M5_env+SOS+source+sink,5,7.591859785902057,0.18020993572995236,"Wald, cluster-robust"
NDVI,EOS50,M1_env+SOS,M5_env+SOS+source+sink,4,7.04783792869329,0.13338170235775093,"Wald, cluster-robust"
NDVI,EOS50,M2_env+source,M4_env+source+sink,2,2.972934005758263,0.22617030469898164,"Wald, cluster-robust"
NDVI,EOS50,M2_env+source,M4d_env+source+sink_daily,2,2.966872128603767,0.22685685291767596,"Wald, cluster-robust"
NDVI,EOS50,M2_env+source,M5_env+SOS+source+sink,3,3.0344217241187477,0.38634841166660056,"Wald, cluster-robust"
NDVI,EOS50,M3_env+sink,M4_env+source+sink,2,3.1761962355756688,0.2043138232770712,"Wald, cluster-robust"
NDVI,EOS50,M3_env+sink,M5_env+SOS+source+sink,3,3.3689701049025382,0.3381580716528848,"Wald, cluster-robust"
NDVI,EOS50,M4_env+source+sink,M5_env+SOS+source+sink,1,0.055358815511565955,0.8139878924091941,"Wald, cluster-robust"
NDVI,EOS50,M3d_env+sink_daily,M4d_env+source+sink_daily,2,7.681698045496113,0.02147536053313816,"Wald, cluster-robust"
NDVI_tower,EOS10,M0_env,M1_env+SOS,1,2.0396824221099066,0.1532416363679325,"Wald, cluster-robust"
NDVI_tower,EOS10,M0_env,M2_env+source,2,1.802282449314234,0.40610593707626597,"Wald, cluster-robust"
NDVI_tower,EOS10,M0_env,M3_env+sink,2,1.728883539791223,0.4212866618959278,"Wald, cluster-robust"
NDVI_tower,EOS10,M0_env,M4_env+source+sink,4,2.5153213359992828,0.6418943880245557,"Wald, cluster-robust"
NDVI_tower,EOS10,M0_env,M3d_env+sink_daily,2,0.3106341848911536,0.8561436577512592,"Wald, cluster-robust"
NDVI_tower,EOS10,M0_env,M4d_env+source+sink_daily,4,6.503946814979917,0.16454187183306607,"Wald, cluster-robust"
NDVI_tower,EOS10,M0_env,M5_env+SOS+source+sink,5,8.081188916193582,0.15181754487065938,"Wald, cluster-robust"
NDVI_tower,EOS10,M1_env+SOS,M5_env+SOS+source+sink,4,5.321298340464738,0.2558897299628925,"Wald, cluster-robust"
NDVI_tower,EOS10,M2_env+source,M4_env+source+sink,2,1.027127008242025,0.5983595185327304,"Wald, cluster-robust"
NDVI_tower,EOS10,M2_env+source,M4d_env+source+sink_daily,2,3.6362254878470095,0.1623318237449198,"Wald, cluster-robust"
NDVI_tower,EOS10,M2_env+source,M5_env+SOS+source+sink,3,6.888741705514135,0.0755297793095445,"Wald, cluster-robust"
NDVI_tower,EOS10,M3_env+sink,M4_env+source+sink,2,1.6657383360080016,0.434799980751875,"Wald, cluster-robust"
NDVI_tower,EOS10,M3_env+sink,M5_env+SOS+source+sink,3,7.738774045526334,0.05173052523113796,"Wald, cluster-robust"
NDVI_tower,EOS10,M4_env+source+sink,M5_env+SOS+source+sink,1,5.1770558661920685,0.02288707296064991,"Wald, cluster-robust"
NDVI_tower,EOS10,M3d_env+sink_daily,M4d_env+source+sink_daily,2,5.223677445100526,0.07339945836955548,"Wald, cluster-robust"
NDVI_tower,EOS50,M0_env,M1_env+SOS,1,0.012066599902840468,0.9125298622138941,"Wald, cluster-robust"
NDVI_tower,EOS50,M0_env,M2_env+source,2,3.1969195658912573,0.20220772205426735,"Wald, cluster-robust"
NDVI_tower,EOS50,M0_env,M3_env+sink,2,2.452895396349227,0.29333273552160105,"Wald, cluster-robust"
NDVI_tower,EOS50,M0_env,M4_env+source+sink,4,4.429915550919988,0.3509387572666363,"Wald, cluster-robust"
NDVI_tower,EOS50,M0_env,M3d_env+sink_daily,2,0.4515178916257501,0.7979104181326397,"Wald, cluster-robust"
NDVI_tower,EOS50,M0_env,M4d_env+source+sink_daily,4,11.674586892318096,0.019942513128959474,"Wald, cluster-robust"
NDVI_tower,EOS50,M0_env,M5_env+SOS+source+sink,5,4.429864850122843,0.48932176070126643,"Wald, cluster-robust"
NDVI_tower,EOS50,M1_env+SOS,M5_env+SOS+source+sink,4,4.362196572504335,0.35920149661054457,"Wald, cluster-robust"
NDVI_tower,EOS50,M2_env+source,M4_env+source+sink,2,1.2432397997997122,0.5370737268765902,"Wald, cluster-robust"
NDVI_tower,EOS50,M2_env+source,M4d_env+source+sink_daily,2,1.7072285659980762,0.4258729217359092,"Wald, cluster-robust"
NDVI_tower,EOS50,M2_env+source,M5_env+SOS+source+sink,3,2.2534321398792647,0.521500723652325,"Wald, cluster-robust"
NDVI_tower,EOS50,M3_env+sink,M4_env+source+sink,2,3.696116150497632,0.15754280572701998,"Wald, cluster-robust"
NDVI_tower,EOS50,M3_env+sink,M5_env+SOS+source+sink,3,3.865022094609139,0.2764130208055393,"Wald, cluster-robust"
NDVI_tower,EOS50,M4_env+source+sink,M5_env+SOS+source+sink,1,0.8101460863317493,0.3680770637534374,"Wald, cluster-robust"
NDVI_tower,EOS50,M3d_env+sink_daily,M4d_env+source+sink_daily,2,9.46993587828319,0.008782730409123128,"Wald, cluster-robust"
NIRv,EOS10,M0_env,M1_env+SOS,1,1.4896689710246853,0.2222678279578274,"Wald, cluster-robust"
NIRv,EOS10,M0_env,M2_env+source,2,4.664139589962942,0.09709457310675841,"Wald, cluster-robust"
NIRv,EOS10,M0_env,M3_env+sink,2,1.724432335317267,0.4222253225882644,"Wald, cluster-robust"
NIRv,EOS10,M0_env,M4_env+source+sink,4,5.5231912339416755,0.23769846000486003,"Wald, cluster-robust"
NIRv,EOS10,M0_env,M3d_env+sink_daily,2,0.6233076946682161,0.732234949444377,"Wald, cluster-robust"
NIRv,EOS10,M0_env,M4d_env+source+sink_daily,4,8.353099488707166,0.07946719511646434,"Wald, cluster-robust"
NIRv,EOS10,M0_env,M5_env+SOS+source+sink,5,9.070385592591911,0.10628943335393329,"Wald, cluster-robust"
NIRv,EOS10,M1_env+SOS,M5_env+SOS+source+sink,4,6.818809101365076,0.14577879734430016,"Wald, cluster-robust"
NIRv,EOS10,M2_env+source,M4_env+source+sink,2,0.6743808086210484,0.7137729215224147,"Wald, cluster-robust"
NIRv,EOS10,M2_env+source,M4d_env+source+sink_daily,2,1.9039473755543912,0.38597847019213594,"Wald, cluster-robust"
NIRv,EOS10,M2_env+source,M5_env+SOS+source+sink,3,2.510345239564921,0.4734243677977674,"Wald, cluster-robust"
NIRv,EOS10,M3_env+sink,M4_env+source+sink,2,5.185099186009626,0.07482901313986622,"Wald, cluster-robust"
NIRv,EOS10,M3_env+sink,M5_env+SOS+source+sink,3,8.234232867444307,0.04141091358028046,"Wald, cluster-robust"
NIRv,EOS10,M4_env+source+sink,M5_env+SOS+source+sink,1,1.7749746136200375,0.18276762773377378,"Wald, cluster-robust"
NIRv,EOS10,M3d_env+sink_daily,M4d_env+source+sink_daily,2,8.087043088337925,0.017535611126810003,"Wald, cluster-robust"
NIRv,EOS50,M0_env,M1_env+SOS,1,0.38853883329030586,0.5330684545533173,"Wald, cluster-robust"
NIRv,EOS50,M0_env,M2_env+source,2,13.755055897213857,0.001030688814197854,"Wald, cluster-robust"
NIRv,EOS50,M0_env,M3_env+sink,2,13.549543900681346,0.0011422309556303686,"Wald, cluster-robust"
NIRv,EOS50,M0_env,M4_env+source+sink,4,15.060996772724156,0.004576363466960694,"Wald, cluster-robust"
NIRv,EOS50,M0_env,M3d_env+sink_daily,2,9.453520692687288,0.00885511211743951,"Wald, cluster-robust"
NIRv,EOS50,M0_env,M4d_env+source+sink_daily,4,13.957095425044468,0.00743325588322996,"Wald, cluster-robust"
NIRv,EOS50,M0_env,M5_env+SOS+source+sink,5,19.984383009040872,0.001258191692286447,"Wald, cluster-robust"
NIRv,EOS50,M1_env+SOS,M5_env+SOS+source+sink,4,19.813291619084485,0.0005436127078213814,"Wald, cluster-robust"
NIRv,EOS50,M2_env+source,M4_env+source+sink,2,1.3398526255548373,0.511746285559684,"Wald, cluster-robust"
NIRv,EOS50,M2_env+source,M4d_env+source+sink_daily,2,0.8767594566207595,0.6450807809081578,"Wald, cluster-robust"
NIRv,EOS50,M2_env+source,M5_env+SOS+source+sink,3,5.3883616340954426,0.14547041085640702,"Wald, cluster-robust"
NIRv,EOS50,M3_env+sink,M4_env+source+sink,2,2.6374688340395704,0.2674735978830564,"Wald, cluster-robust"
NIRv,EOS50,M3_env+sink,M5_env+SOS+source+sink,3,8.113968113102526,0.043714123346550636,"Wald, cluster-robust"
NIRv,EOS50,M4_env+source+sink,M5_env+SOS+source+sink,1,4.348444875609921,0.037042756388452426,"Wald, cluster-robust"
NIRv,EOS50,M3d_env+sink_daily,M4d_env+source+sink_daily,2,7.50745765780589,0.023430215499809826,"Wald, cluster-robust"
