vi_index,target,carbon,equation,predictor,std_coef,n_obs,n_sites
EVI,EOS10,GPP,C_pre,SOS,-0.778814779166966,255,40
EVI,EOS10,GPP,C_pre,TA_pre,0.30948287335121305,255,40
EVI,EOS10,GPP,C_pre,SW_pre,-0.05454429486816176,255,40
EVI,EOS10,GPP,C_pre,P_pre,0.12597140048489383,255,40
EVI,EOS10,GPP,C_post,C_pre,0.10271560407705081,255,40
EVI,EOS10,GPP,C_post,TA_post,-0.08474067897999535,255,40
EVI,EOS10,GPP,C_post,SW_post,-0.08950066258405162,255,40
EVI,EOS10,GPP,C_post,P_post,0.28221447631270247,255,40
EVI,EOS10,GPP,EOS,C_pre,-0.09044568330502746,255,40
EVI,EOS10,GPP,EOS,C_post,0.01097104468182769,255,40
EVI,EOS10,GPP,EOS,SOS,0.026952416385210537,255,40
EVI,EOS10,GPP,EOS,TA_pre,-0.2142716555401182,255,40
EVI,EOS10,GPP,EOS,SW_pre,0.1655593711598997,255,40
EVI,EOS10,GPP,EOS,P_pre,0.11533986168685485,255,40
EVI,EOS10,GPP,EOS,TA_post,0.032667448356100456,255,40
EVI,EOS10,GPP,EOS,SW_post,-0.007405012056531306,255,40
EVI,EOS10,GPP,EOS,P_post,-0.015581359370535553,255,40
EVI,EOS50,GPP,C_pre,SOS,-0.778814779166966,255,40
EVI,EOS50,GPP,C_pre,TA_pre,0.30948287335121305,255,40
EVI,EOS50,GPP,C_pre,SW_pre,-0.05454429486816176,255,40
EVI,EOS50,GPP,C_pre,P_pre,0.12597140048489383,255,40
EVI,EOS50,GPP,C_post,C_pre,0.10271560407705081,255,40
EVI,EOS50,GPP,C_post,TA_post,-0.08474067897999535,255,40
EVI,EOS50,GPP,C_post,SW_post,-0.08950066258405162,255,40
EVI,EOS50,GPP,C_post,P_post,0.28221447631270247,255,40
EVI,EOS50,GPP,EOS,C_pre,-0.13420063566869647,255,40
EVI,EOS50,GPP,EOS,C_post,0.08543323597111548,255,40
EVI,EOS50,GPP,EOS,SOS,0.23200284156557965,255,40
EVI,EOS50,GPP,EOS,TA_pre,-0.3672762445372787,255,40
EVI,EOS50,GPP,EOS,SW_pre,0.2388702886780756,255,40
EVI,EOS50,GPP,EOS,P_pre,0.12374142114145882,255,40
EVI,EOS50,GPP,EOS,TA_post,-0.02089325481483672,255,40
EVI,EOS50,GPP,EOS,SW_post,-0.059299477412056045,255,40
EVI,EOS50,GPP,EOS,P_post,-0.0514186675239437,255,40
NDVI,EOS10,GPP,C_pre,SOS,-0.6268437293972832,189,31
NDVI,EOS10,GPP,C_pre,TA_pre,0.27166037855402564,189,31
NDVI,EOS10,GPP,C_pre,SW_pre,0.0020092112984563815,189,31
NDVI,EOS10,GPP,C_pre,P_pre,0.23682114090706888,189,31
NDVI,EOS10,GPP,C_post,C_pre,0.15553347220320124,189,31
NDVI,EOS10,GPP,C_post,TA_post,-0.04335736466376297,189,31
NDVI,EOS10,GPP,C_post,SW_post,-0.07187523740136753,189,31
NDVI,EOS10,GPP,C_post,P_post,0.2830509889029476,189,31
NDVI,EOS10,GPP,EOS,C_pre,-0.18225015726490146,189,31
NDVI,EOS10,GPP,EOS,C_post,0.09711194398526804,189,31
NDVI,EOS10,GPP,EOS,SOS,-0.023515362732969322,189,31
NDVI,EOS10,GPP,EOS,TA_pre,-0.1132292078964731,189,31
NDVI,EOS10,GPP,EOS,SW_pre,0.10494137347418091,189,31
NDVI,EOS10,GPP,EOS,P_pre,0.024920217316311822,189,31
NDVI,EOS10,GPP,EOS,TA_post,-0.07950348229564011,189,31
NDVI,EOS10,GPP,EOS,SW_post,-0.0832451575824932,189,31
NDVI,EOS10,GPP,EOS,P_post,-0.013847698940028835,189,31
NDVI,EOS50,GPP,C_pre,SOS,-0.6268437293972832,189,31
NDVI,EOS50,GPP,C_pre,TA_pre,0.27166037855402564,189,31
NDVI,EOS50,GPP,C_pre,SW_pre,0.0020092112984563815,189,31
NDVI,EOS50,GPP,C_pre,P_pre,0.23682114090706888,189,31
NDVI,EOS50,GPP,C_post,C_pre,0.15553347220320124,189,31
NDVI,EOS50,GPP,C_post,TA_post,-0.04335736466376297,189,31
NDVI,EOS50,GPP,C_post,SW_post,-0.07187523740136753,189,31
NDVI,EOS50,GPP,C_post,P_post,0.2830509889029476,189,31
NDVI,EOS50,GPP,EOS,C_pre,-0.08106269294341238,189,31
NDVI,EOS50,GPP,EOS,C_post,0.11083750448918826,189,31
NDVI,EOS50,GPP,EOS,SOS,0.4661191568824422,189,31
NDVI,EOS50,GPP,EOS,TA_pre,-0.44406779083339026,189,31
NDVI,EOS50,GPP,EOS,SW_pre,0.26836390720067715,189,31
NDVI,EOS50,GPP,EOS,P_pre,-0.04465448843790935,189,31
NDVI,EOS50,GPP,EOS,TA_post,-0.08593937996544691,189,31
NDVI,EOS50,GPP,EOS,SW_post,-0.08215467775003503,189,31
NDVI,EOS50,GPP,EOS,P_post,-0.0031939144822134818,189,31
NIRv,EOS10,GPP,C_pre,SOS,-0.8332603267007224,255,39
NIRv,EOS10,GPP,C_pre,TA_pre,0.29175343597715353,255,39
NIRv,EOS10,GPP,C_pre,SW_pre,0.0513876778846033,255,39
NIRv,EOS10,GPP,C_pre,P_pre,0.1588416429901861,255,39
NIRv,EOS10,GPP,C_post,C_pre,0.07773802858441378,255,39
NIRv,EOS10,GPP,C_post,TA_post,-0.12672411948897686,255,39
NIRv,EOS10,GPP,C_post,SW_post,-0.08793571208921133,255,39
NIRv,EOS10,GPP,C_post,P_post,0.29031581417174307,255,39
NIRv,EOS10,GPP,EOS,C_pre,-0.2650940444665281,255,39
NIRv,EOS10,GPP,EOS,C_post,0.13365788257004066,255,39
NIRv,EOS10,GPP,EOS,SOS,-0.012491570794681273,255,39
NIRv,EOS10,GPP,EOS,TA_pre,-0.3374560510317975,255,39
NIRv,EOS10,GPP,EOS,SW_pre,0.16372209344021543,255,39
NIRv,EOS10,GPP,EOS,P_pre,0.04573618278987321,255,39
NIRv,EOS10,GPP,EOS,TA_post,-0.05136883809248709,255,39
NIRv,EOS10,GPP,EOS,SW_post,0.13072979548261246,255,39
NIRv,EOS10,GPP,EOS,P_post,0.004194053639013297,255,39
NIRv,EOS50,GPP,C_pre,SOS,-0.8332603267007224,255,39
NIRv,EOS50,GPP,C_pre,TA_pre,0.29175343597715353,255,39
NIRv,EOS50,GPP,C_pre,SW_pre,0.0513876778846033,255,39
NIRv,EOS50,GPP,C_pre,P_pre,0.1588416429901861,255,39
NIRv,EOS50,GPP,C_post,C_pre,0.07773802858441378,255,39
NIRv,EOS50,GPP,C_post,TA_post,-0.12672411948897686,255,39
NIRv,EOS50,GPP,C_post,SW_post,-0.08793571208921133,255,39
NIRv,EOS50,GPP,C_post,P_post,0.29031581417174307,255,39
NIRv,EOS50,GPP,EOS,C_pre,-0.3047769065702312,255,39
NIRv,EOS50,GPP,EOS,C_post,0.1696913446511532,255,39
NIRv,EOS50,GPP,EOS,SOS,0.023398540951852315,255,39
NIRv,EOS50,GPP,EOS,TA_pre,-0.4082541463716616,255,39
NIRv,EOS50,GPP,EOS,SW_pre,0.2574739014002446,255,39
NIRv,EOS50,GPP,EOS,P_pre,0.00987135308896614,255,39
NIRv,EOS50,GPP,EOS,TA_post,-0.03697661081056925,255,39
NIRv,EOS50,GPP,EOS,SW_post,0.02803704683063107,255,39
NIRv,EOS50,GPP,EOS,P_post,-0.008457446856900277,255,39
