anchor,group,vi_index,target,carbon,window,n_obs,n_sites,aic_R_rate,r2m_R_rate,loso_r2_R_rate,beta_rate,p_rate,aic_C_cum,r2m_C_cum,loso_r2_C_cum,beta_cum,p_cum,aic_RD_rate+duration,r2m_RD_rate+duration,loso_r2_RD_rate+duration,beta_rate_in_RD,p_rate_in_RD,beta_duration_in_RD,p_duration_in_RD,rate_negative,rate_beats_cum_loso,rate_over_duration_ratio
fixed,ALL,EVI,EOS10,GPP,SOS_to_SOL,279,55,2778.9141846793054,0.016718033134915263,7.67016256927322e-05,-5.84297578992959,0.10245854991592851,2772.401574293016,0.054131960905007916,0.1190096169951731,-10.230160110776545,0.002210632917895892,2780.3555209883725,0.020256757550120345,0.020092049057214623,-6.465815704968509,0.07738150190095457,-1.7507517843251164,0.47099279908080594,True,False,3.6931652806859576
fixed,ALL,EVI,EOS10,GPP,SOS_to_EOS90,290,41,2861.833990320195,0.026312887247363876,0.011495577175455463,-7.641736556924822,0.0373420601213975,2865.360334132529,0.004612480226615947,-0.04631028525141656,-3.2502383352074613,0.3634982673361824,2860.593381871591,0.024393956746111015,0.042611886237202135,-5.115764998064258,0.19190085457066208,3.922721661851433,0.07492112705351048,True,True,1.3041366273358628
fixed,ALL,EVI,EOS10,GPP,SOS_to_EOS50,290,41,2862.889026707514,0.022766945860894033,0.01666152949258859,-7.0804368335487355,0.0709094779299325,2865.4486501351967,0.004920757371350781,-0.04335215980704432,-3.354358348991141,0.3923751826200981,2860.19055623052,0.025013688605192808,0.06217901916534141,-4.481565502169986,0.2717430668286742,4.701038187240831,0.03217076557463299,True,True,0.9533139965409089
fixed,ALL,EVI,EOS10,GPP,SOS_to_EOS10,288,41,2838.1656925494867,0.015515554272933678,-0.00483656197474347,-5.823607033324776,0.14783399863822294,2839.9177575753342,0.002762515151565405,-0.04530060622854415,-2.49143005566728,0.5379424632825148,2832.910929634329,0.024667105705023493,0.059816314971905316,-3.313108382093211,0.41617996373616073,5.636127986794416,0.0076492178821514776,True,True,0.5878341282979918
fixed,ALL,NDVI,EOS10,GPP,SOS_to_SOL,222,52,2320.2040837294153,0.0015368761566817368,-0.03637098807795991,-2.115276682011469,0.6290106893297935,2306.860446706589,0.08561683633174641,0.06181060843902475,-15.726892230451245,0.0001841299785904764,2318.019332339846,0.01922948969803132,0.002363238575982418,-6.431015198884506,0.17939732409247144,-7.311941404478703,0.042728377108802236,True,False,0.8795222558738486
fixed,ALL,NDVI,EOS10,GPP,SOS_to_EOS90,244,35,2501.657139424532,0.003871341782406272,-0.03663315628878028,-3.275846497278885,0.45542438801088936,2500.2135300375667,0.015903881020647496,-0.06311182208571786,-6.768766424028924,0.153840237590077,2502.8000354137957,0.009638419817364128,-0.062355071566741804,-4.912460052072193,0.29999729399449515,-2.7997656281874184,0.34382884228744603,True,True,1.7545968857588066
fixed,ALL,NDVI,EOS10,GPP,SOS_to_EOS50,245,35,2511.2722650995706,0.0019323144025991553,-0.036990212906282904,-2.313789247172633,0.6101106401804856,2510.620212583178,0.007647405768880032,-0.05357112477513115,-4.652725365963212,0.3321860575143686,2512.6093659716435,0.005785219772588267,-0.05982326008677519,-3.6827245166441833,0.4466622601556195,-2.4711779095197146,0.40470038321287716,True,True,1.490270895696028
fixed,ALL,NDVI,EOS10,GPP,SOS_to_EOS10,243,35,2491.7834946442154,0.00022170553560279656,-0.04488800358438749,-0.7859112501197164,0.8678507002270367,2491.2441485255667,0.004772207276292761,-0.05000761144918986,-3.6612586381514007,0.44851768104883305,2493.3928122317598,0.0019055793857014232,-0.06333446407679943,-1.700488863667958,0.7309587150445198,-1.8976378081703802,0.5212575486349418,True,True,0.8961082332710768
fixed,ALL,NIRv,EOS10,GPP,SOS_to_SOL,293,56,2844.8697159368417,0.004632342085389827,-0.012103160893205622,-3.0548628383516117,0.37542582922584744,2826.907280960608,0.09310569848567725,0.17851513222894444,-13.064964064541668,1.0276533868483944e-05,2845.7052867192,0.00920250017477022,0.024493671372843195,-4.0580856814463315,0.25294223857295217,-2.1707682945112197,0.29356686659435993,True,False,1.8694236928497563
fixed,ALL,NIRv,EOS10,GPP,SOS_to_EOS90,294,41,2836.6538853881566,0.019368097244825872,0.0038538035481603394,-6.521227899219751,0.05392136200060688,2836.5795120300127,0.017434469658391027,-0.04477377293182472,-6.323271906679794,0.05029179332910348,2833.629862738577,0.018596879765003547,0.03626248925891895,-3.017630052626659,0.4172441390989403,4.500582183142412,0.025574737770311964,True,True,0.6704977111471563
fixed,ALL,NIRv,EOS10,GPP,SOS_to_EOS50,294,41,2837.0377296870956,0.020714193247947398,0.016339640313305703,-6.714939688911932,0.06827554653189581,2837.7543575942273,0.015271106765149462,-0.03619339004559685,-5.908369602479415,0.10392554652208136,2832.788054866084,0.021094976963840648,0.059918676927013914,-3.0195491043781253,0.445995235937111,4.960756801037811,0.012842035534355927,True,True,0.60868718735545
fixed,ALL,NIRv,EOS10,GPP,SOS_to_EOS10,293,41,2826.0654294905903,0.007450844661235552,-0.012943538176688918,-4.019242035894277,0.30356678358506206,2826.459583816382,0.004609462985033806,-0.039524091099005565,-3.207026959132961,0.40022620650910556,2818.796688224503,0.0164275401152048,0.04264343538481219,-0.24499135388070056,0.9523031885066816,5.757142771851342,0.0023728347694041045,True,True,0.04255433008862449
fixed,IGBP:CSH,EVI,EOS10,GPP,SOS_to_SOL,31,5,285.36233243696563,0.0009688613012439845,,-0.927152260050868,0.8196855201700302,285.2074725943656,0.0038419435106984133,,-1.8298759190110887,0.6766542576332397,287.1519673100901,0.0035368876190492006,,-3.089082554469518,0.623994803797492,-2.8739765426560693,0.6497541363469674,True,,1.0748461264804383
fixed,IGBP:CSH,NDVI,EOS10,GPP,SOS_to_SOL,30,5,282.4531580669572,0.003008445233894884,,-1.9000885998467771,0.7110950067350061,282.61802725640365,7.560669128308693e-05,,-0.3024564005584641,0.9516436375257439,283.4825129660676,0.017536514675586406,,5.455210104344488,0.5615484180412658,8.750743073793599,0.34959450779834655,True,,0.6233996425608185
fixed,IGBP:CSH,NIRv,EOS10,GPP,SOS_to_SOL,31,5,278.89038996281954,0.0006683802899670945,,-0.7916615432637839,0.8207289065513659,278.9334232551396,0.00011667370003545022,,0.3303779660879716,0.929936289493957,280.7590283247912,0.0019072758414026732,,0.5827303517799859,0.9122587521983813,1.7533050800978314,0.7273976386209327,True,,0.33236106961343576
fixed,IGBP:DBF,EVI,EOS10,GPP,SOS_to_SOL,49,11,420.1611471283941,0.007112967381498293,,1.8362052361281591,0.5897279621949797,420.3648800673375,0.0026661448146956526,,1.1236844040862355,0.8175110758291435,422.1599564656967,0.007026814854939532,,1.855386008871144,0.6565910344530733,0.03564026042805879,0.9899843751876448,False,,52.058710755391665
fixed,IGBP:DBF,EVI,EOS10,GPP,SOS_to_EOS90,43,8,371.1481175532467,0.00047468039737171035,,0.4733970797307152,0.9137832520209132,370.56155816911667,0.01255590495995332,,2.4837058484905463,0.40151173943118657,372.0879170594651,0.015379481463733503,,1.939926170201973,0.6862358687498797,3.681196095524662,0.38017432627620606,False,,0.5269825675845952
fixed,IGBP:DBF,EVI,EOS10,GPP,SOS_to_EOS50,43,8,370.6311781750711,0.011225785271504548,,-2.1681784232915486,0.6385932719266176,371.1158506733045,0.00010101724351934842,,-0.2145573986879775,0.9556226514502802,372.27702697903544,0.022507686870285173,,-1.6502515022305162,0.7361496778980294,1.6913971458355626,0.6550459753839626,True,,0.9756735763056286
fixed,IGBP:DBF,EVI,EOS10,GPP,SOS_to_EOS10,43,8,369.79282672478655,0.04415371625857745,,-4.151060258708846,0.3812130147853132,370.5580210577999,0.013922326411188108,,-2.4189083161779403,0.5672698027119805,371.28794615715344,0.06534247853689477,,-3.888093776526205,0.42638803137160985,1.6546746815053643,0.679700769943691,True,,2.3497632616152413
fixed,IGBP:DBF,NDVI,EOS10,GPP,SOS_to_SOL,49,11,454.11082439186873,0.018524158197415447,,3.6719501752557404,0.38545661496039907,453.7062574541193,0.02769893070663317,,-4.270365228530292,0.38268750908626015,455.24155215822316,0.02193398118855583,,0.6775997844669905,0.9014107244865024,-3.61137559019869,0.40391155233260867,False,,0.18762927520084124
fixed,IGBP:DBF,NDVI,EOS10,GPP,SOS_to_EOS90,44,8,410.2562930486541,0.00850588360460781,,2.5634250969425896,0.6144440155818714,409.51592974475994,0.021682741902151935,,-3.8272510667008266,0.4708307497624371,411.3486385093291,0.018947701508141776,,-0.735815367496586,0.9066437261487533,-4.126465245640877,0.3857801646733292,False,,0.17831614316245314
fixed,IGBP:DBF,NDVI,EOS10,GPP,SOS_to_EOS50,44,8,410.3683344813192,0.0016686795876047057,,1.1136794353636092,0.836395148995493,409.6374462009008,0.017842123305873772,,-3.4861618485640893,0.506392074353053,411.47329605298484,0.016823961685796758,,-1.747689079732391,0.7742136137770026,-4.1105861511061725,0.37020363926047173,False,,0.42516785088230835
fixed,IGBP:DBF,NDVI,EOS10,GPP,SOS_to_EOS10,44,8,410.19950080982943,0.001096117073917792,,-0.8798326636537979,0.8851492688455833,409.50250104289336,0.0226009820599695,,-3.9172766738500613,0.46138070163148615,411.493170642875,0.017237809898831596,,-2.830410488055182,0.6448241386444362,-3.868151556546093,0.3942714461037554,True,,0.7317217142811439
fixed,IGBP:DBF,NIRv,EOS10,GPP,SOS_to_SOL,50,11,428.15601822663916,0.002588581763063892,,1.0812452674531783,0.7744382660552804,428.17470224607564,0.003949675353158873,,1.35396161320669,0.7714985199041903,430.1435710908987,0.002144469962223128,,0.9229032272355082,0.8312220752175903,-0.16396632244534745,0.9503031290347086,False,,5.628614543959943
fixed,IGBP:DBF,NIRv,EOS10,GPP,SOS_to_EOS90,44,8,379.0881407308483,0.00013990451051948974,,0.25258878614000413,0.9592465753024277,377.9345224224302,0.020267749114892174,,3.1048471484735565,0.2518888662497951,378.4234944319491,0.08003960741961547,,0.8235816123732542,0.8714921195861367,6.081189751019493,0.2173220243472641,False,,0.13543100052669518
fixed,IGBP:DBF,NIRv,EOS10,GPP,SOS_to_EOS50,44,8,378.2258975315414,0.02622296672762945,,-3.209357846850207,0.5304499392772795,379.13793754757694,0.00042940377153683965,,0.44207467758232066,0.9057957038647564,378.8617386919507,0.09454820570073035,,-3.1468519785793196,0.5341275349846554,3.3540364608562667,0.41643514780416524,True,,0.9382283154357678
fixed,IGBP:DBF,NIRv,EOS10,GPP,SOS_to_EOS10,44,8,377.1397834419907,0.07855376585903301,,-5.389350485169063,0.28051587515815324,378.6650424973085,0.009672064718316269,,-1.9993596968016052,0.6361292873136204,377.24024624471014,0.19073704931695584,,-5.7951655978622805,0.22056120004403956,3.5641366892427127,0.40224219327063115,True,,1.6259661464032134
fixed,IGBP:ENF,EVI,EOS10,GPP,SOS_to_SOL,61,16,603.1310672980856,0.08336662340490027,,-10.315474180927408,0.04919739691835344,603.8481459920376,0.059975886738329355,,-8.715852356463811,0.07538788869552505,604.4016684706532,0.1011765455147452,,-10.764424963831267,0.043396685154080114,-3.6450667672419867,0.38637645730655656,True,,2.9531489136414617
fixed,IGBP:ENF,EVI,EOS10,GPP,SOS_to_EOS90,53,10,524.6983637686103,0.17909364755266804,,-16.086554025644865,0.009063716610214385,527.8295817797982,0.09019371434316917,,-11.641479798860596,0.050771984798394086,526.6358349738039,0.1787627290236395,,-16.51546487900625,0.009809230584940116,-1.7966921700525371,0.7149236713493441,True,,9.192150527668476
fixed,IGBP:ENF,EVI,EOS10,GPP,SOS_to_EOS50,53,10,524.2762945593392,0.1887731751446339,,-16.43250482025997,0.007382375684008339,527.9163226920377,0.10137121666946936,,-12.571585809381236,0.05543260922342391,525.9706548132258,0.18545976720588128,,-16.132341531928123,0.01076157517520131,1.0189498710449918,0.8514626493855192,True,,15.832321088949623
fixed,IGBP:ENF,EVI,EOS10,GPP,SOS_to_EOS10,53,10,525.4559602872923,0.15952774678205126,,-14.87089582224604,0.012892640985652747,529.0275175220297,0.07663179478535115,,-10.837060897902367,0.1091801691983086,526.2390271563079,0.18245282825249687,,-12.678982177423679,0.3085980492293149,7.249504550114952,0.7551422678193683,True,,1.7489446471514574
fixed,IGBP:ENF,NDVI,EOS10,GPP,SOS_to_SOL,48,15,482.79420111046295,0.019250547499369466,,-4.934940527923072,0.3793738574682498,478.8927777305828,0.10185879915384899,,-11.457873159215621,0.03003130749796877,481.4668805488235,0.09848881908574397,,-7.362021211999062,0.21133992247157685,-10.385845062438676,0.05979600057779179,True,,0.7088514384471669
fixed,IGBP:ENF,NDVI,EOS10,GPP,SOS_to_EOS90,42,8,425.2643803320605,0.08702110148254552,,-11.145875881748886,0.05071849162486594,422.06960291909576,0.16982545521700484,,-15.730610434029987,0.007299790402394821,423.8791175078898,0.16323778484239757,,-10.499076716028995,0.07420145556111651,-10.645808097364709,0.06383569480897196,True,,0.9862169804308198
fixed,IGBP:ENF,NDVI,EOS10,GPP,SOS_to_EOS50,43,8,435.28688208742665,0.07749083393191525,,-10.48187878848948,0.07215730220402634,432.32393186184026,0.15280230291592145,,-14.866111889337738,0.011634629596915103,433.50478702764076,0.16678121251678718,,-8.43714068955723,0.20675519652227758,-12.501061870351359,0.030306010897836053,True,,0.6749139214779435
fixed,IGBP:ENF,NDVI,EOS10,GPP,SOS_to_EOS10,43,8,435.5469356779139,0.07225443662583678,,-10.128489030564563,0.08638866512765424,433.19084330766077,0.13549487846485025,,-14.267460193043547,0.02471024759040329,434.47129043517566,0.14991825748967916,,-7.912335446235879,0.23229239593223705,-11.62018669233493,0.061249681200406775,True,,0.6809129367478343
fixed,IGBP:ENF,NIRv,EOS10,GPP,SOS_to_SOL,62,17,600.2656653601744,0.08424209602000013,,-9.397824080438127,0.043972864967920786,597.9108434810536,0.11357338685147175,,-10.882176093696561,0.010546296306627546,598.1400463278188,0.16442295261165796,,-10.840144153654085,0.02148570053241251,-7.784311124392964,0.041750146175800334,True,,1.3925630644033926
fixed,IGBP:ENF,NIRv,EOS10,GPP,SOS_to_EOS90,53,10,513.4550680851751,0.09285678355010539,,-9.782924060779468,0.065101691701577,508.82884492817817,0.18159370471017078,,-13.953200921762132,0.0038448595862325425,511.56204915739517,0.16557590082350274,,-12.086444874235214,0.02405236287011155,-8.256191187741297,0.04818664674687207,True,,1.4639250229792444
fixed,IGBP:ENF,NIRv,EOS10,GPP,SOS_to_EOS50,53,10,512.374840956468,0.1191645149455129,,-11.044336441164218,0.032540613036407054,509.2837901039665,0.1914913845962784,,-14.659332350703012,0.005989473784063903,512.1021153723223,0.1662801826306885,,-12.590632548053426,0.021820151646893816,-6.575814981106932,0.1101159461393187,True,,1.9146877739455492
fixed,IGBP:ENF,NIRv,EOS10,GPP,SOS_to_EOS10,53,10,512.9429632399344,0.10601166518720977,,-10.372696217253091,0.04617099704733562,511.27503690179157,0.15549813960569003,,-13.194225594954005,0.018963999440337834,513.9185849801925,0.1333174574665273,,-11.394860384731503,0.044895488461106886,-5.300774994965436,0.2299092861198695,True,,2.1496593225620972
fixed,IGBP:GRA,EVI,EOS10,GPP,SOS_to_SOL,66,13,701.1167966006019,0.08097639828684554,,-17.075043896613376,0.12501693113512113,702.0356501557787,0.05983882941238585,,-14.343483779535934,0.2835815983188106,702.3328353085119,0.0809671572971667,,-17.85173282403738,0.11830840746128247,6.580203105865236,0.3342983281624523,True,,2.7129455636597775
fixed,IGBP:GRA,EVI,EOS10,GPP,SOS_to_EOS90,79,10,817.4277956909337,0.06300186347140545,,-14.991334075207188,0.09100122400480057,819.7329487393353,0.018078122394802887,,9.468476720978096,0.3121313505441933,816.5287430635163,0.04406450220344978,,-5.799896372528912,0.5864737214577471,9.126988048033821,0.08242156327476932,True,,0.6354666338999264
fixed,IGBP:GRA,EVI,EOS10,GPP,SOS_to_EOS50,79,10,819.035550200335,0.032790066347561465,,-11.007962033150898,0.26470723045305855,819.6423249447572,0.02327548504018531,,10.841987000349972,0.2894362360236675,816.3652758652894,0.037992433920068354,,-2.089442857479485,0.8493178128209964,10.976177378085817,0.02874957336304634,True,,0.19036161547927466
fixed,IGBP:GRA,EVI,EOS10,GPP,SOS_to_EOS10,79,10,819.2869171854478,0.027118881944984713,,-10.116436151451216,0.3130042289268081,820.4208236677242,0.0059289322434460156,,5.2295792620842265,0.630761687657726,816.2546547335834,0.04340105836631185,,-4.479797954299575,0.6693460787879089,10.635517481719917,0.024628374292189024,True,,0.4212110940534251
fixed,IGBP:GRA,NDVI,EOS10,GPP,SOS_to_SOL,42,11,455.0261817016889,0.05845946809545021,,-15.754030972477121,0.20046406156245467,449.47437788791154,0.2825596475995069,,-33.9369104622431,0.003941102980064466,456.7775001776868,0.0669121949781342,,-16.776885852147572,0.17813976486954963,-3.6485204774505076,0.6985467803623124,True,,4.598270985687554
fixed,IGBP:GRA,NDVI,EOS10,GPP,SOS_to_EOS90,68,8,688.282006246309,0.02019873327612181,,-8.255389130157429,0.2775333323361968,688.3710098351503,0.026963211366162816,,-9.455224365385472,0.30659893320547316,690.0204899668267,0.013923475233612452,,-5.896723038679355,0.5095205700765629,2.446058108972895,0.6081951966425732,True,,2.4107043970248943
fixed,IGBP:GRA,NDVI,EOS10,GPP,SOS_to_EOS50,68,8,689.1020174235732,0.007041510778239679,,-4.878769016470332,0.5425179386603173,689.3427326721776,0.003725045683974526,,-3.570416247938006,0.7093762152598475,690.3612618119887,0.005718778621125135,,-1.297915953375582,0.8868023879317719,4.030084638953659,0.39072373226469537,True,,0.3220567480966263
fixed,IGBP:GRA,NDVI,EOS10,GPP,SOS_to_EOS10,68,8,689.4416702247593,0.0011784237587495194,,-2.0131431377358338,0.8068422011390288,689.4777889592065,0.0006638620622939174,,-1.5182365319694064,0.8735055411401931,690.409956649446,0.006194702474103836,,1.2826318021669232,0.8859745810928326,4.569237470760127,0.31118029911903045,True,,0.28071025206609534
fixed,IGBP:GRA,NIRv,EOS10,GPP,SOS_to_SOL,70,13,703.6068889905396,0.0033470028769669326,,-3.589121684613165,0.765489478707277,700.6303505162109,0.14916815329084082,,-20.95767810463026,0.10867199735900791,704.185894474145,0.0068442712796321905,,-1.712012379911456,0.8862765583219383,5.432521220582883,0.209653105552568,True,,0.31514140679744373
fixed,IGBP:GRA,NIRv,EOS10,GPP,SOS_to_EOS90,79,10,774.7651106271734,0.03973370611661222,,-12.190652253501668,0.06912016385293622,778.351058827254,0.0001850497514896952,,0.9247598033863161,0.9007524792112729,769.4859642164766,0.02462921934817305,,2.1759687190131713,0.791594726855225,11.369563051722647,0.0051900155265716735,True,,0.19138543047909673
fixed,IGBP:GRA,NIRv,EOS10,GPP,SOS_to_EOS50,79,10,775.152648487954,0.050286954542384237,,-13.599821132880399,0.0895165705704314,778.3430904427768,0.0004991611655580626,,1.5288659963025026,0.853808312832492,769.0524181908098,0.02585567102643562,,3.6609886673233203,0.7087270077788553,12.174708811421446,0.003027736411294788,True,,0.30070441306069196
fixed,IGBP:GRA,NIRv,EOS10,GPP,SOS_to_EOS10,79,10,776.8480364452854,0.027124762766161336,,-10.170809661856367,0.2709874255792969,778.064504105749,0.006494347148417449,,5.758183533420345,0.5254884918885883,768.2842410082391,0.02837758799797682,,8.741440320904983,0.4154260229913094,13.417334240623868,0.0006262987962832622,True,,0.651503507637038
year,ALL,EVI,EOS10,GPP,SOS_to_SOL,279,55,2778.9141846793054,0.016718033134915263,,-5.84297578992959,0.10245854991592851,2772.401574293016,0.054131960905007916,,-10.230160110776545,0.002210632917895892,2780.3555209883725,0.020256757550120345,,-6.465815704968509,0.07738150190095457,-1.7507517843251164,0.47099279908080594,True,,3.6931652806859576
year,ALL,EVI,EOS10,GPP,SOS_to_EOS90,311,56,3070.272615351947,0.027212889672158173,,-7.370367240698521,0.02968329342480722,3068.3598753513897,0.03187410341164036,,8.241497566810278,0.009921208415255648,3043.8036377923636,0.06619045941425795,,-1.3446233299964994,0.6970084204045811,10.676117147208558,6.291619960951652e-08,True,,0.12594685047532217
year,ALL,EVI,EOS10,GPP,SOS_to_EOS50,310,56,3055.969480201361,0.06241015816650293,,-11.250721597782713,0.0013693162381823872,3048.490326910398,0.10087083992537,,15.779260460297175,3.471758237788406e-05,2996.595507255445,0.14328145825872243,,-2.3309762017358246,0.4917877794619332,15.157061927704255,3.878217846841829e-16,True,,0.15378812944448284
year,ALL,EVI,EOS10,GPP,SOS_to_EOS10,310,56,3040.20675322413,0.14796589280620545,,-18.149081234195055,3.5731257076711244e-07,3042.8092530538106,0.1334782246579431,,19.170668151351617,1.972123249823411e-06,2924.6808492459304,0.2483993875009641,,-6.275450157375114,0.0418480396501219,18.509095655456605,2.5970216298452025e-32,True,,0.3390468272567963
year,ALL,EVI,EOS10,GPP,SOL_to_EOS90,249,50,2311.119925162462,0.19480326984618318,,-12.578170817997568,3.49084890106619e-09,2335.81341163873,0.014605814416949208,,3.5909708932840116,0.13569943127277703,2268.1291042354196,0.3493753150464713,,-7.386933226689637,0.00021498821427379505,12.238285683056475,1.2277957797493147e-12,True,,0.6035921548159817
year,ALL,EVI,EOS10,GPP,SOL_to_EOS10,294,56,2796.191407551035,0.1557468521718084,,-15.856746124411503,1.1808573446441337e-07,2785.3951535287415,0.17293900156048594,,18.493885655065103,3.6732730069421343e-10,452.4777643351415,0.999813332777892,,-0.017064176264791103,0.31086437579653414,37.83587323894813,0.0,True,,0.0004510052181701807
year,ALL,NDVI,EOS10,GPP,SOS_to_SOL,222,52,2320.2040837294153,0.0015368761566817368,,-2.115276682011469,0.6290106893297935,2306.860446706589,0.08561683633174641,,-15.726892230451245,0.0001841299785904764,2318.019332339846,0.01922948969803132,,-6.431015198884506,0.17939732409247144,-7.311941404478703,0.042728377108802236,True,,0.8795222558738486
year,ALL,NDVI,EOS10,GPP,SOS_to_EOS90,273,54,2810.753633280662,0.0008588864736384561,,-1.5449232622828515,0.6795440315427557,2804.7623788638084,0.03038456637205589,,9.262334947369963,0.01287868359709996,2793.7018710415477,0.05460587820606671,,1.7015419043054008,0.643917756721109,11.924577618542758,1.1985121590160972e-05,True,,0.1426920062694294
year,ALL,NDVI,EOS10,GPP,SOS_to_EOS50,272,54,2796.205323281977,0.025850354780823974,,-8.463050508868795,0.04277100103061462,2792.655437685633,0.047982234140579186,,11.886186566072128,0.005820686951771795,2771.6743981472564,0.08981417566791755,,-2.3748131365709586,0.5611930759443888,14.406133089178471,1.8964482292121487e-07,True,,0.16484736895529994
year,ALL,NDVI,EOS10,GPP,SOS_to_EOS10,271,54,2768.779437578249,0.12851485488058903,,-19.956978626587397,4.011537865139832e-06,2784.5283406932963,0.03987227460778227,,10.903962845500013,0.01715782383354472,2716.8163175179425,0.18281973760532802,,-7.8314933585456785,0.05332457027453195,18.67475588578064,2.0227432487466096e-14,True,,0.41936255587194826
year,ALL,NDVI,EOS10,GPP,SOL_to_EOS90,215,50,2035.0837666943694,0.2177637912425223,,-14.962190851908089,2.592499856019494e-09,2053.83136274527,0.06490729389205979,,9.460697549690591,0.004015926747032898,1958.0721909050608,0.4510351653175176,,-9.358793376033203,8.977838013861834e-06,16.597583345329575,5.612621667746967e-22,True,,0.5638648218426746
year,ALL,NDVI,EOS10,GPP,SOL_to_EOS10,261,53,2591.0881041311086,0.14995547589121683,,-17.310329136700112,1.9351807973058075e-06,2586.8827355469452,0.18148799404870972,,20.88331905268016,4.99141593067618e-07,390.0853160810839,0.9998690450254933,,0.04016805115888004,0.2134193596867653,44.14071441879232,0.0,True,,0.0009100000235106984
year,ALL,NIRv,EOS10,GPP,SOS_to_SOL,293,56,2844.8697159368417,0.004632342085389827,,-3.0548628383516117,0.37542582922584744,2826.907280960608,0.09310569848567725,,-13.064964064541668,1.0276533868483944e-05,2845.7052867192,0.00920250017477022,,-4.0580856814463315,0.25294223857295217,-2.1707682945112197,0.29356686659435993,True,,1.8694236928497563
year,ALL,NIRv,EOS10,GPP,SOS_to_EOS90,315,56,3040.8928061130246,0.023414986447348445,,-6.785917997774877,0.027178219980204345,3041.927472333932,0.014508704850203837,,5.4595433411002645,0.04893566400281922,3011.633236067869,0.05398443026934573,,-0.15164964505101286,0.9618468241418673,9.879250709053691,1.2848894588415143e-08,True,,0.01535031851272241
year,ALL,NIRv,EOS10,GPP,SOS_to_EOS50,315,56,3036.4363828680216,0.05148117347943379,,-10.09850832816352,0.0021163299668591944,3026.5076589318887,0.09732599050142109,,15.48589515532668,1.1849868613794996e-05,2965.1511628904764,0.11760816564737549,,1.0429016492714553,0.7491030397504503,14.57936239244686,1.754003092163378e-19,True,,0.07153273381912449
year,ALL,NIRv,EOS10,GPP,SOS_to_EOS10,314,56,3017.893131961141,0.10483136550675334,,-14.712928058273379,1.1572333436476975e-05,3013.538748898708,0.11499335809387927,,17.44702757936035,1.4487708940922475e-06,2910.0089918193617,0.17466229988390808,,-2.107191022368679,0.49586366252646397,16.3625736743675,3.949689441190446e-30,True,,0.12878114802133248
year,ALL,NIRv,EOS10,GPP,SOL_to_EOS90,250,52,2278.5852647018874,0.21655363577148903,,-12.538500318478702,7.609777621701221e-10,2307.986577568042,0.0033657431283595773,,1.6093802707129325,0.4408679345904575,2240.367821356989,0.3577943675008311,,-7.258244145247671,6.35728151244235e-05,10.979288814338114,5.4407585067361206e-11,True,,0.6610850910278413
year,ALL,NIRv,EOS10,GPP,SOL_to_EOS10,298,56,2827.3119005143544,0.08676263674967762,,-11.874028226891616,0.00010084305538791407,2803.4081311734935,0.16878774964376458,,17.965604299107245,2.612762787303926e-10,458.25864754175996,0.9998132866365356,,-0.0319919127039657,0.30102337231189924,37.81047111112686,0.0,True,,0.0008461125123233687
year,IGBP:CSH,EVI,EOS10,GPP,SOS_to_SOL,31,5,285.36233243696563,0.0009688613012439845,,-0.927152260050868,0.8196855201700302,285.2074725943656,0.0038419435106984133,,-1.8298759190110887,0.6766542576332397,287.1519673100901,0.0035368876190492006,,-3.089082554469518,0.623994803797492,-2.8739765426560693,0.6497541363469674,True,,1.0748461264804383
year,IGBP:CSH,EVI,EOS10,GPP,SOS_to_EOS90,31,5,285.2535992242372,0.002858890117432014,,1.5849356295804344,0.7095503229804807,282.28424673350753,0.07240419154119103,,7.205684536164228,0.10228609481596583,285.52962275455604,0.03918220489177327,,5.34407853615618,0.3235529785063922,6.470571819153692,0.26054373899134076,False,,0.8259051418511494
year,IGBP:CSH,EVI,EOS10,GPP,SOS_to_EOS50,31,5,285.3876895967629,0.001074930691710516,,-0.98862303552515,0.8474545090200994,278.05214151044703,0.1898395309103875,,11.598091685795453,0.006191525386564183,280.988665836065,0.1778844349198422,,9.481181328387182,0.13622915408955272,14.079950772616368,0.025016590883805236,True,,0.6733817100289029
year,IGBP:CSH,EVI,EOS10,GPP,SOS_to_EOS10,31,5,285.0337573551346,0.014092877710267807,,-3.7344615845931797,0.4900650944510305,277.9099932231766,0.2038211449745997,,12.178538451680035,0.005408674182488439,273.414608782046,0.3625120526862698,,9.28408236768894,0.07748917170294989,17.794540659185074,0.0003957089441470164,True,,0.5217376804214804
year,IGBP:CSH,EVI,EOS10,GPP,SOL_to_EOS10,33,5,301.97643021817,0.008446455786945193,,-2.9035079542813405,0.618085419884062,291.299375406974,0.32340612923285816,,15.83461011899318,0.0005833751353125923,58.2087358540891,0.9995619882343729,,0.024331823921531087,0.8152629838569442,26.05180157368515,0.0,True,,0.0009339785524126129
year,IGBP:CSH,NDVI,EOS10,GPP,SOS_to_SOL,30,5,282.4531580669572,0.003008445233894884,,-1.9000885998467771,0.7110950067350061,282.61802725640365,7.560669128308693e-05,,-0.3024564005584641,0.9516436375257439,283.4825129660676,0.017536514675586406,,5.455210104344488,0.5615484180412658,8.750743073793599,0.34959450779834655,True,,0.6233996425608185
year,IGBP:CSH,NDVI,EOS10,GPP,SOS_to_EOS90,30,5,282.50685848848866,0.002895366476220106,,1.8945597650882657,0.7167284470343425,278.0479531796761,0.06636759564766674,,9.303019468230433,0.027667280195161015,276.5842532550067,0.14178584103843722,,9.849384942602084,0.07070457914692856,14.832431522341347,0.004809184141984798,False,,0.664043850650276
year,IGBP:CSH,NDVI,EOS10,GPP,SOS_to_EOS50,30,5,282.61238639818293,0.000582766683150409,,0.8511861208712705,0.8828380200430387,262.587852949391,0.2903495631397108,,17.96218944590496,1.4838641246264752e-07,261.93734734461435,0.42817731103538686,,17.872140147128334,0.00044001898502006874,26.173873627390407,6.205250891873377e-08,False,,0.682823658490714
year,IGBP:CSH,NDVI,EOS10,GPP,SOS_to_EOS10,30,5,282.2251529760029,0.008853547747380404,,-3.2886623306161424,0.5492325678006138,258.42152935851857,0.49823615221471323,,21.57120645844102,1.1149298556096192e-08,259.77071360448986,0.5420029865516298,,16.12617859135459,0.0010640136850871866,28.37733391824759,1.7779509284408623e-08,True,,0.5682767323319584
year,IGBP:CSH,NDVI,EOS10,GPP,SOL_to_EOS10,32,5,300.35128673611524,2.4698511006952644e-05,,-0.1749088337808076,0.9753446787281899,277.90250415557847,0.44549482592957457,,24.76718326900856,3.012569347674659e-08,35.72374207725932,0.9998292046607448,,0.01896454380030735,0.8125894862095979,31.126158104416998,0.0,True,,0.0006092799418639514
year,IGBP:CSH,NIRv,EOS10,GPP,SOS_to_SOL,31,5,278.89038996281954,0.0006683802899670945,,-0.7916615432637839,0.8207289065513659,278.9334232551396,0.00011667370003545022,,0.3303779660879716,0.929936289493957,280.7590283247912,0.0019072758414026732,,0.5827303517799859,0.9122587521983813,1.7533050800978314,0.7273976386209327,True,,0.33236106961343576
year,IGBP:CSH,NIRv,EOS10,GPP,SOS_to_EOS90,31,5,278.93514733790244,2.0910937852793354e-06,,0.04424055322017298,0.9910685884032014,278.9273470976097,8.291479616669228e-05,,-0.2820407520744248,0.9508467327836602,280.70795151546554,0.0024509894214728113,,1.0866437533948587,0.8276614282372031,1.7152137086412773,0.7260347530746978,False,,0.6335325726003285
year,IGBP:CSH,NIRv,EOS10,GPP,SOS_to_EOS50,31,5,278.66984159334885,0.005937534838021708,,-2.403995880552767,0.5902474894709417,274.76004113574027,0.10887070458635209,,8.8703464569985,0.050762941787330346,275.02915196676025,0.13244303992030776,,6.064569104344893,0.27923041569204565,11.341263528328705,0.032989024062248705,True,,0.5347348722826647
year,IGBP:CSH,NIRv,EOS10,GPP,SOS_to_EOS10,31,5,277.7119995805756,0.02646937332106487,,-5.41525806619036,0.23922875852374992,272.9597193183069,0.13665278923047972,,10.300836590582437,0.014440301574532527,268.7321575714564,0.2011472972752039,,4.395994140944517,0.359356837295313,12.75051483085931,0.0012746300526618381,True,,0.34476993276421714
year,IGBP:CSH,NIRv,EOS10,GPP,SOL_to_EOS10,33,5,295.20180824393816,0.006459821141795501,,-2.5899118340035527,0.6163924781875088,287.34997139999723,0.22931982587031793,,13.152500426555566,0.0038428038601319697,60.35717619254649,0.9995169216328852,,0.08481681282093831,0.31125669685460533,26.072372282133767,,True,,0.0032531298611081696
year,IGBP:DBF,EVI,EOS10,GPP,SOS_to_SOL,49,11,420.1611471283941,0.007112967381498293,,1.8362052361281591,0.5897279621949797,420.3648800673375,0.0026661448146956526,,1.1236844040862355,0.8175110758291435,422.1599564656967,0.007026814854939532,,1.855386008871144,0.6565910344530733,0.03564026042805879,0.9899843751876448,False,,52.058710755391665
year,IGBP:DBF,EVI,EOS10,GPP,SOS_to_EOS90,48,11,412.5506161341913,0.019001878805234684,,3.073410722755203,0.3842746097426015,406.5601572385283,0.08588835403052858,,6.4264202021280195,0.0076173535237701664,407.68487335475413,0.08651066914896699,,5.618365033344795,0.11117582659859279,6.908860277274742,0.010681978386390834,False,,0.8132115584715526
year,IGBP:DBF,EVI,EOS10,GPP,SOS_to_EOS50,48,11,413.15868631987655,3.520599372745541e-05,,-0.12599668247775256,0.9721036616732228,406.9031538944488,0.11345503220240173,,8.071593974621566,0.008196295081738263,402.34578653099504,0.17160957032488042,,3.4038095110876894,0.3323097253649694,9.20493090716799,0.00032269559820279737,True,,0.36978110378178963
year,IGBP:DBF,EVI,EOS10,GPP,SOS_to_EOS10,48,11,410.92889927930673,0.05403890227657087,,-4.790956664589503,0.1496171319344114,411.52220162585854,0.04382141767877625,,4.7559120393609104,0.1789179599726023,391.75193205426797,0.41970109230422314,,-0.7849906747380314,0.7906849055231499,12.181801262172051,1.149549556078197e-06,True,,0.06443962250276157
year,IGBP:DBF,EVI,EOS10,GPP,SOL_to_EOS90,48,11,413.09153873409673,0.0011320008878181406,,-0.7105513937547635,0.8490768919921714,403.52735076966394,0.12820426153884928,,7.253907508266138,0.0014555023345082852,402.349690432747,0.2180544850394989,,2.377964767042691,0.46615812874614115,10.353543863132229,0.0002916008025263126,True,,0.22967640824030777
year,IGBP:DBF,EVI,EOS10,GPP,SOL_to_EOS10,48,11,406.5454993526114,0.13029203988959956,,-7.591032461718827,0.009263932735184714,410.3312426928294,0.04856242827296145,,4.821239500462228,0.08648276891207828,81.34754857511814,0.9992411692461747,,0.006143963734045825,0.9470178032191622,20.3436305058957,0.0,True,,0.0003020092078582173
year,IGBP:DBF,NDVI,EOS10,GPP,SOS_to_SOL,49,11,454.11082439186873,0.018524158197415447,,3.6719501752557404,0.38545661496039907,453.7062574541193,0.02769893070663317,,-4.270365228530292,0.38268750908626015,455.24155215822316,0.02193398118855583,,0.6775997844669905,0.9014107244865024,-3.61137559019869,0.40391155233260867,False,,0.18762927520084124
year,IGBP:DBF,NDVI,EOS10,GPP,SOS_to_EOS90,49,11,453.49326604737143,0.025484816639532823,,4.2954249621543825,0.2386303785470476,448.71571640916875,0.09886200100527738,,8.719590350476485,0.009487567761248542,447.9204895174008,0.1353328372429468,,3.3889075782228923,0.3292270337819204,9.24988696185014,0.005747345064776719,False,,0.3663728640360651
year,IGBP:DBF,NDVI,EOS10,GPP,SOS_to_EOS50,49,11,454.57524611248937,0.0023465860627253934,,-1.2519247335507562,0.7750282843201357,447.6887658719787,0.15326884187914186,,11.940852326578518,0.004112490980695985,439.76185317713146,0.26630061287005447,,2.0795980704664343,0.6043852852615734,14.061385551497423,1.1846294579188748e-05,True,,0.14789425002609177
year,IGBP:DBF,NDVI,EOS10,GPP,SOS_to_EOS10,49,11,451.591220001303,0.07738646996146491,,-7.035295538593865,0.09251577643545623,453.19310243435143,0.05698316835141464,,6.7618894721606715,0.18176232090408584,445.85874298541694,0.20300993337202256,,-2.917427663463073,0.5335044355716634,9.885504287672072,0.005408887795166563,True,,0.29512178423728097
year,IGBP:DBF,NDVI,EOS10,GPP,SOL_to_EOS90,45,11,419.490566534167,2.2294173257726532e-05,,0.12475070844911818,0.9788797293103498,412.17069909525003,0.14050734308397492,,10.567700320966813,0.004526985267333747,409.79642984045404,0.19744632390445707,,-2.048042426825292,0.6262525789066297,11.209779202190308,0.0005635968363789258,False,,0.18270140650273645
year,IGBP:DBF,NDVI,EOS10,GPP,SOL_to_EOS10,49,11,444.7992198339956,0.21800039290659198,,-12.161489456430457,0.0012236653312494028,447.7878335901793,0.1433968584773409,,11.055035086356753,0.005500721941560769,88.57968455263688,0.9995175483580719,,-0.055282925873192244,0.5461571365350919,25.677037448146322,,True,,0.002153010291192422
year,IGBP:DBF,NIRv,EOS10,GPP,SOS_to_SOL,50,11,428.15601822663916,0.002588581763063892,,1.0812452674531783,0.7744382660552804,428.17470224607564,0.003949675353158873,,1.35396161320669,0.7714985199041903,430.1435710908987,0.002144469962223128,,0.9229032272355082,0.8312220752175903,-0.16396632244534745,0.9503031290347086,False,,5.628614543959943
year,IGBP:DBF,NIRv,EOS10,GPP,SOS_to_EOS90,49,11,420.4925048500238,0.019415764473436636,,3.079036196957687,0.4298210463528762,414.26413133902213,0.07988933599427499,,5.994166740537065,0.007525922773624111,415.4207070878924,0.08557112911145667,,4.801122871848813,0.19950828300202716,7.092912845085114,0.010815124896281277,False,,0.6768901545400563
year,IGBP:DBF,NIRv,EOS10,GPP,SOS_to_EOS50,49,11,420.9393680773311,0.00011083296768746006,,-0.22036337965831515,0.9536652491345168,413.3796277797484,0.1271856767481068,,8.501296247190561,0.003352169779929989,408.11730049390064,0.20658587448238294,,2.727379435173891,0.4322751326117056,9.76077124059739,0.00012967201590953741,True,,0.27942253413644874
year,IGBP:DBF,NIRv,EOS10,GPP,SOS_to_EOS10,49,11,418.35134885268144,0.06750981525269034,,-5.28999404298271,0.1176712105050409,419.1156349749094,0.048513640266600086,,4.96643037776843,0.15411936890317265,394.9254858244133,0.4950646669123607,,-1.7558862761739138,0.5056203766777092,12.721905361293157,6.949053191209342e-08,True,,0.13802069943990147
year,IGBP:DBF,NIRv,EOS10,GPP,SOL_to_EOS90,47,11,395.30176253964254,0.005354281952732692,,-1.3841626043103668,0.6935645743620145,387.2007855485388,0.10657456894849497,,6.04941830448054,0.003123633607026207,388.1092779098663,0.15857283593067073,,1.1885533559607806,0.7103095474836238,7.819550989204902,0.0025895306720771336,True,,0.15199764764007678
year,IGBP:DBF,NIRv,EOS10,GPP,SOL_to_EOS10,49,11,414.22657369872184,0.13582391805322624,,-7.641354009867608,0.008727324203413243,417.89341886419106,0.05357177086316199,,5.015348510141383,0.07412536073888744,84.95044341426441,0.9992625496536065,,-0.12191158766636379,0.17305480153047847,19.930306729447842,0.0,True,,0.0061168947031926225
year,IGBP:ENF,EVI,EOS10,GPP,SOS_to_SOL,61,16,603.1310672980856,0.08336662340490027,,-10.315474180927408,0.04919739691835344,603.8481459920376,0.059975886738329355,,-8.715852356463811,0.07538788869552505,604.4016684706532,0.1011765455147452,,-10.764424963831267,0.043396685154080114,-3.6450667672419867,0.38637645730655656,True,,2.9531489136414617
year,IGBP:ENF,EVI,EOS10,GPP,SOS_to_EOS90,61,17,602.0237916943161,0.15837445855575338,,-14.569223821124533,0.006179608373676301,609.4698373040578,0.001249664959265028,,1.2967600150006273,0.8157990153865532,599.6184987720185,0.19645065673402431,,-11.384922629069992,0.02591206312337707,8.773353294184554,0.04241474201167601,True,,1.297670599520542
year,IGBP:ENF,EVI,EOS10,GPP,SOS_to_EOS50,61,17,598.4470961568638,0.22913020521222968,,-17.97611546944398,0.0011195893915896796,608.8325691370842,0.020314558114323547,,5.333281072815918,0.38078111455400765,578.5143526777447,0.42444983476226666,,-10.967005520126266,0.006432706309155055,17.779360411170337,6.346513612661424e-07,True,,0.6168391475565097
year,IGBP:ENF,EVI,EOS10,GPP,SOS_to_EOS10,61,17,594.8329991191513,0.2948748805385284,,-21.117616076953638,0.00024394694931852476,608.1566152670903,0.039428646197293346,,7.564583068007523,0.22252625276789428,557.98001274032,0.5820801724696967,,-11.302540776813519,0.0022199608900360383,21.677671267224646,1.3308521222054058e-12,True,,0.5213909112969293
year,IGBP:ENF,EVI,EOS10,GPP,SOL_to_EOS90,60,17,566.119303772452,0.16090252380054687,,-11.391515685032601,,576.4141821905673,1.675601667929662e-05,,-0.11579530095224812,0.9847632667216711,564.6377315236499,0.19577494876182872,,-8.900571153455083,0.020714185156367138,6.228412403447895,0.10782935341878042,True,,1.429027266808464
year,IGBP:ENF,EVI,EOS10,GPP,SOL_to_EOS10,61,17,586.1305638910769,0.3806815956094459,,-25.56002957915991,5.530701306123646e-06,595.3308571763018,0.23468343279974388,,20.93018832833082,0.00033586173853666424,90.5967009039775,0.999800055820395,,-0.01222133334981744,0.8540117917330234,34.288177141343716,0.0,True,,0.00035642995250048746
year,IGBP:ENF,NDVI,EOS10,GPP,SOS_to_SOL,48,15,482.79420111046295,0.019250547499369466,,-4.934940527923072,0.3793738574682498,478.8927777305828,0.10185879915384899,,-11.457873159215621,0.03003130749796877,481.4668805488235,0.09848881908574397,,-7.362021211999062,0.21133992247157685,-10.385845062438676,0.05979600057779179,True,,0.7088514384471669
year,IGBP:ENF,NDVI,EOS10,GPP,SOS_to_EOS90,54,16,545.409508651012,0.12244800841379923,,-13.471673296880676,0.0062486036683718936,550.6622776125914,0.025894225301174845,,-6.2135286572484265,0.27799472958409543,545.5737824628616,0.14020641708260953,,-12.85053726128841,0.013107642272617744,5.9896566399420905,0.24340475030683917,True,,2.1454547453679504
year,IGBP:ENF,NDVI,EOS10,GPP,SOS_to_EOS50,54,16,540.4959623551124,0.20275876089785252,,-17.41482246883299,0.0004658233656058209,549.4889922615064,0.055063994507485954,,-9.040666848117427,0.08078091846519442,541.235654937748,0.21141120343497066,,-16.720774956034493,0.0004183979325040455,5.236971912805537,0.2729936405721507,True,,3.192832658725657
year,IGBP:ENF,NDVI,EOS10,GPP,SOS_to_EOS10,53,16,525.461463742259,0.2953645772694918,,-21.37360915329198,2.9322536843912696e-05,538.4226810151258,0.07623541817273886,,-10.706242698723957,0.05154262977098045,525.8429613701123,0.3054486690554739,,-20.768801007992536,3.322368077346726e-05,5.626543693208054,0.22752432976279835,True,,3.691218293223794
year,IGBP:ENF,NDVI,EOS10,GPP,SOL_to_EOS90,51,16,504.1325266810202,0.2368184218074062,,-18.040089509858362,0.0001726046847007681,514.4469453096278,0.07666946353086776,,10.97168444758185,0.08708572682157036,488.9565734459916,0.4497597696896676,,-7.7156849985513825,0.1383445842863147,20.79477503964187,6.758012383806601e-05,True,,0.3710395993148605
year,IGBP:ENF,NDVI,EOS10,GPP,SOL_to_EOS10,54,16,527.0993302993702,0.4076276921269069,,-25.680209605118296,7.03208673217028e-07,550.1348842614175,0.08468053683901235,,12.716518033897477,0.15031317587607568,84.26797616730036,0.9998253842943214,,0.03636630316890608,0.6583654912767702,37.855294717067764,0.0,True,,0.0009606662275570571
year,IGBP:ENF,NIRv,EOS10,GPP,SOS_to_SOL,62,17,600.2656653601744,0.08424209602000013,,-9.397824080438127,0.043972864967920786,597.9108434810536,0.11357338685147175,,-10.882176093696561,0.010546296306627546,598.1400463278188,0.16442295261165796,,-10.840144153654085,0.02148570053241251,-7.784311124392964,0.041750146175800334,True,,1.3925630644033926
year,IGBP:ENF,NIRv,EOS10,GPP,SOS_to_EOS90,61,17,590.5752821563831,0.10937886628748342,,-10.60911875948862,0.022078993318125167,594.8978703153762,0.015554440616281303,,-4.034445397178937,0.43165221493255346,591.8361356457483,0.1076383415552545,,-8.905666025763068,0.08261187462311667,3.610422765260784,0.38871254889591855,True,,2.466654628774424
year,IGBP:ENF,NIRv,EOS10,GPP,SOS_to_EOS50,61,17,587.0287057862085,0.18226946708889474,,-13.970460480706333,0.0029978573747428245,595.4821996127898,0.003165632195876134,,-1.8382081830791592,0.7533401923451916,581.4056896257453,0.24008497066476342,,-9.655770503159754,0.038477676741136085,10.32703299200298,0.0055943946231458335,True,,0.9349994824880451
year,IGBP:ENF,NIRv,EOS10,GPP,SOS_to_EOS10,61,17,583.4344104873114,0.2517814008459607,,-16.942388654466335,0.0006217720931292658,595.6468083377595,0.0003292872483540224,,-0.5963268312129786,0.9174568117606576,569.2312974398901,0.3719357025101623,,-11.61474176157823,0.005236033551753127,13.703419602687552,2.9079414669553663e-05,True,,0.8475798084224405
year,IGBP:ENF,NIRv,EOS10,GPP,SOL_to_EOS90,58,17,539.8401934554227,0.19544031066027667,,-11.983613548912238,0.0050840971773936155,553.4911833601058,0.003659318521335987,,-1.6446973158252687,0.7215293862659322,538.1430398195834,0.2597495550666001,,-10.346071218678587,0.019892407163255747,6.862283893897244,0.06366365023000149,True,,1.5076716991961727
year,IGBP:ENF,NIRv,EOS10,GPP,SOL_to_EOS10,61,17,574.1374450260471,0.3669648418151667,,-21.591829404695513,2.071958372311109e-05,588.7206765749474,0.14117113491329972,,14.932294430851439,0.012800887037265438,97.44720349723238,0.9997175285311032,,-0.037576833456795425,0.6103029907428232,30.637452832795383,0.0,True,,0.0012264999202731336
year,IGBP:GRA,EVI,EOS10,GPP,SOS_to_SOL,66,13,701.1167966006019,0.08097639828684554,,-17.075043896613376,0.12501693113512113,702.0356501557787,0.05983882941238585,,-14.343483779535934,0.2835815983188106,702.3328353085119,0.0809671572971667,,-17.85173282403738,0.11830840746128247,6.580203105865236,0.3342983281624523,True,,2.7129455636597775
year,IGBP:GRA,EVI,EOS10,GPP,SOS_to_EOS90,84,13,866.666595644749,0.11652836396859644,,-19.39192067936006,0.015754727067625807,867.3517491377605,0.06182264849195289,,17.114136573840543,0.016752925014307182,862.3592627500528,0.09583098406773062,,-8.896960831157461,0.3343024010748441,11.848001732555845,0.010561759140225377,True,,0.7509250109839588
year,IGBP:GRA,EVI,EOS10,GPP,SOS_to_EOS50,84,13,865.0940017592537,0.1550901384302869,,-22.79251897014101,0.005758929832746207,863.1904213952577,0.12723209138415148,,27.0631724764919,0.0011413398610881354,855.3478005130968,0.1460170106043626,,-9.552454940512224,0.2935686756628676,15.568257182429372,0.0004398381440881983,True,,0.6135853762290941
year,IGBP:GRA,EVI,EOS10,GPP,SOS_to_EOS10,84,13,853.8349256552386,0.3156275945966603,,-35.35690666477211,1.0498958936819113e-05,857.2201576374385,0.17668434439047523,,36.69347490196593,1.3323906030695164e-05,816.1852139051758,0.35038875492581567,,-16.453163688444327,0.020221310525724876,23.225855765163384,1.895567425576246e-12,True,,0.7083985991647523
year,IGBP:GRA,EVI,EOS10,GPP,SOL_to_EOS90,62,10,587.6977320884804,0.04187406422467997,,-7.331715475889867,0.314110223162247,580.2544352554885,0.11356223787124063,,15.54689618376746,0.0014878054261217263,550.8949564121508,0.26714342981610867,,1.0784980382417282,0.8457559672943029,18.988305199979585,2.1835971788702515e-13,True,,0.05679801471923296
year,IGBP:GRA,EVI,EOS10,GPP,SOL_to_EOS10,73,13,696.8719260252118,0.3845431887926634,,-25.187360485846895,2.1542137002739925e-06,700.7548538670327,0.12977567941598264,,20.605164367881272,9.919887451158063e-05,115.11886375054519,0.9998203728009385,,-0.08704594908210181,0.2664019490523982,38.08094387794893,0.0,True,,0.0022858138538027796
year,IGBP:GRA,NDVI,EOS10,GPP,SOS_to_SOL,42,11,455.0261817016889,0.05845946809545021,,-15.754030972477121,0.20046406156245467,449.47437788791154,0.2825596475995069,,-33.9369104622431,0.003941102980064466,456.7775001776868,0.0669121949781342,,-16.776885852147572,0.17813976486954963,-3.6485204774505076,0.6985467803623124,True,,4.598270985687554
year,IGBP:GRA,NDVI,EOS10,GPP,SOS_to_EOS90,74,12,754.8158140705782,0.007537098720353358,,-4.921304538060629,0.49835373393352456,753.1380901137777,0.031984539959287184,,10.795798162041901,0.12994442431755396,752.5450349643259,0.023051371976525663,,1.760624627686617,0.8238270881809981,8.948241715395122,0.03776035886615235,True,,0.1967564895634778
year,IGBP:GRA,NDVI,EOS10,GPP,SOS_to_EOS50,74,12,752.8855828115225,0.04614884039615359,,-12.018296530655194,0.12678289724360017,751.6191909021561,0.06600236313747021,,16.195179595556876,0.04910716244675235,748.6085074287454,0.047871575760449835,,-3.282487977994501,0.7029576584351205,10.881682426335615,0.011624003322640599,True,,0.3016526166992609
year,IGBP:GRA,NDVI,EOS10,GPP,SOS_to_EOS10,74,12,742.1952093542201,0.22711555614688544,,-28.824014897066753,0.00024819644429151136,753.140358965047,0.05235034941592279,,14.534898157226582,0.12749168275948133,726.2332411395342,0.18080760663408874,,-12.545623582293711,0.11249870439064928,16.566675986076532,9.571995142187655e-06,True,,0.7572806755463609
year,IGBP:GRA,NDVI,EOS10,GPP,SOL_to_EOS90,62,11,563.4007965068373,0.11060530527438642,,-11.831976552974112,0.07815218051867319,565.7508266081913,0.013823757577620392,,5.108198895123787,0.29300177685303763,551.6178694792408,0.1956507840944685,,-6.376401843182592,0.28326198546946435,10.419674457204183,0.00015013539045558008,True,,0.6119578753992583
year,IGBP:GRA,NDVI,EOS10,GPP,SOL_to_EOS10,68,12,665.0628009931052,0.17256774640925165,,-14.505738591925839,0.00239159827937429,675.0355086604995,0.1265252455105448,,16.13142303028438,0.07911726482156752,121.1630652934665,0.9997022098625968,,-0.0011252076392127604,0.9888792292272985,33.22939431436347,0.0,True,,3.386181609474559e-05
year,IGBP:GRA,NIRv,EOS10,GPP,SOS_to_SOL,70,13,703.6068889905396,0.0033470028769669326,,-3.589121684613165,0.765489478707277,700.6303505162109,0.14916815329084082,,-20.95767810463026,0.10867199735900791,704.185894474145,0.0068442712796321905,,-1.712012379911456,0.8862765583219383,5.432521220582883,0.209653105552568,True,,0.31514140679744373
year,IGBP:GRA,NIRv,EOS10,GPP,SOS_to_EOS90,84,13,822.6767667371377,0.08297942640735058,,-16.341299805904598,0.004470736165014079,827.3229888405148,0.020704026586559354,,9.466950395787466,0.05256410120985473,809.9741988670702,0.0729530506538394,,-4.393925102498694,0.46715187187645724,12.836318691843315,5.8544401612549004e-05,True,,0.34230414560295713
year,IGBP:GRA,NIRv,EOS10,GPP,SOS_to_EOS50,84,13,818.5645037876462,0.17043796816481321,,-23.489634813073216,0.0003557461975519884,817.0995065563014,0.10489298382694119,,24.973268512949137,6.047880173329607e-05,796.8460668753959,0.09632594970770833,,-1.1743780428906232,0.8730704889380092,16.979433245782506,1.1948834553587388e-07,True,,0.06916473747333853
year,IGBP:GRA,NIRv,EOS10,GPP,SOS_to_EOS10,84,13,813.6917384148845,0.27337108774314595,,-30.366862409578935,1.3766633606130544e-05,815.644786714451,0.11975423576695816,,28.23277141111232,1.921908035182148e-05,784.7581217562268,0.1564077187561579,,-5.327805314595954,0.4936222862757883,18.35226322166054,7.671469487477929e-10,True,,0.29030780837470394
year,IGBP:GRA,NIRv,EOS10,GPP,SOL_to_EOS90,63,11,564.452197416527,0.35984206442616123,,-16.034370988120866,1.1330253612808466e-05,578.5357190849022,0.013353649574711576,,-3.3073099179335372,0.4658557648184054,551.1008716988483,0.4659088794640237,,-9.460997810966923,0.02132466285602951,11.655516293198737,6.201047426987439e-05,True,,0.8117184664301516
year,IGBP:GRA,NIRv,EOS10,GPP,SOL_to_EOS10,73,13,719.0240441355971,0.09136782061100124,,-15.573850039518664,0.03849134012872634,710.0532261029284,0.1286381764922165,,20.681708693554366,0.00013538458199295505,123.91429634427584,0.9998348971501699,,0.03128608710813032,0.6903211874203287,42.64482886535978,0.0,True,,0.0007336431623845461
