vi_index,target,carbon,source,effect,estimate,ci_lo,ci_hi,n_obs,n_sites,n_boot
EVI,EOS10,GPP,SOS,direct,0.026952416385210537,-0.3388420853607767,0.3927953691724816,255,40,500
EVI,EOS10,GPP,SOS,indirect,0.0695627904563393,-0.08026227530967583,0.28669226468247533,255,40,500
EVI,EOS10,GPP,SOS,total,0.09651520684154984,-0.20111653576318864,0.4191137052533692,255,40,500
EVI,EOS10,GPP,TA_pre,direct,-0.2142716555401182,-0.48455366316958104,0.09372214854239348,255,40,500
EVI,EOS10,GPP,TA_pre,indirect,-0.027642634480798456,-0.14241318728097513,0.02504240967849734,255,40,500
EVI,EOS10,GPP,TA_pre,total,-0.24191429002091666,-0.5259755108191255,0.058243935870934176,255,40,500
EVI,EOS10,GPP,TA_post,direct,0.032667448356100456,-0.1456616002167638,0.1139947141793517,255,40,500
EVI,EOS10,GPP,TA_post,indirect,-0.0009296937754579432,-0.021119254888227915,0.016857038613051708,255,40,500
EVI,EOS10,GPP,TA_post,total,0.03173775458064251,-0.14784707282017764,0.10781434323906632,255,40,500
EVI,EOS10,GPP,SW_pre,direct,0.1655593711598997,-0.003873834849292831,0.3451410663494844,255,40,500
EVI,EOS10,GPP,SW_pre,indirect,0.004871830191205573,-0.017393602586290052,0.04132225840969719,255,40,500
EVI,EOS10,GPP,SW_pre,total,0.17043120135110526,0.004325492160023097,0.34268619596758554,255,40,500
EVI,EOS10,GPP,SW_post,direct,-0.007405012056531306,-0.22282861786892985,0.1325324500661501,255,40,500
EVI,EOS10,GPP,SW_post,indirect,-0.0009819157682628143,-0.018533229888248112,0.030733255874466903,255,40,500
EVI,EOS10,GPP,SW_post,total,-0.00838692782479412,-0.2188334689170081,0.1343696130116228,255,40,500
EVI,EOS10,GPP,P_pre,direct,0.11533986168685485,-0.06630512194607961,0.3066136573336853,255,40,500
EVI,EOS10,GPP,P_pre,indirect,-0.011251612539755915,-0.03999522398573414,0.019045443688865932,255,40,500
EVI,EOS10,GPP,P_pre,total,0.10408824914709894,-0.082506384444038,0.29792895145566844,255,40,500
EVI,EOS10,GPP,P_post,direct,-0.015581359370535553,-0.1703347739614299,0.12005248695873892,255,40,500
EVI,EOS10,GPP,P_post,indirect,0.003096187629485261,-0.06850365197551536,0.048844265343054645,255,40,500
EVI,EOS10,GPP,P_post,total,-0.012485171741050292,-0.17372593132548156,0.1162823786130779,255,40,500
EVI,EOS10,GPP,C_pre,direct,-0.09044568330502746,-0.27659824964789914,0.14376893612630956,255,40,500
EVI,EOS10,GPP,C_pre,indirect,0.001126897481850242,-0.03926317506209646,0.0237860411803201,255,40,500
EVI,EOS10,GPP,C_pre,total,-0.08931878582317722,-0.271269728034191,0.1373001669028809,255,40,500
EVI,EOS10,GPP,C_post,direct,0.01097104468182769,-0.1988436922939719,0.1439920862386655,255,40,500
EVI,EOS10,GPP,C_post,indirect,0.0,0.0,0.0,255,40,500
EVI,EOS10,GPP,C_post,total,0.01097104468182769,-0.1988436922939719,0.1439920862386655,255,40,500
EVI,EOS50,GPP,SOS,direct,0.23200284156557965,-0.13736496576366666,0.6073163398871112,255,40,500
EVI,EOS50,GPP,SOS,indirect,0.09768308450809321,-0.08118074872286768,0.3460070715716813,255,40,500
EVI,EOS50,GPP,SOS,total,0.32968592607367286,0.02401996631303415,0.6508659075852495,255,40,500
EVI,EOS50,GPP,TA_pre,direct,-0.3672762445372787,-0.6748080419199711,-0.09918752155639579,255,40,500
EVI,EOS50,GPP,TA_pre,indirect,-0.03881698509074255,-0.15173458750850038,0.03207589201616497,255,40,500
EVI,EOS50,GPP,TA_pre,total,-0.40609322962802125,-0.6957723088576546,-0.16729384418143256,255,40,500
EVI,EOS50,GPP,TA_post,direct,-0.02089325481483672,-0.16986112157967923,0.06990127683107408,255,40,500
EVI,EOS50,GPP,TA_post,indirect,-0.007239670423650486,-0.04633931619594768,0.0068048732159263214,255,40,500
EVI,EOS50,GPP,TA_post,total,-0.028132925238487205,-0.19024341575497533,0.05866786706790028,255,40,500
EVI,EOS50,GPP,SW_pre,direct,0.2388702886780756,0.07055634458823119,0.43977473521457056,255,40,500
EVI,EOS50,GPP,SW_pre,indirect,0.0068412350504442054,-0.02608219666897455,0.04481411384847677,255,40,500
EVI,EOS50,GPP,SW_pre,total,0.24571152372851982,0.08391656626182721,0.4428945905057731,255,40,500
EVI,EOS50,GPP,SW_post,direct,-0.059299477412056045,-0.2554380920696623,0.084745728447027,255,40,500
EVI,EOS50,GPP,SW_post,indirect,-0.007646331226114467,-0.03652642160674259,0.023810788877057846,255,40,500
EVI,EOS50,GPP,SW_post,total,-0.06694580863817051,-0.25861186151953536,0.07935126693656076,255,40,500
EVI,EOS50,GPP,P_pre,direct,0.12374142114145882,0.0030077740090254613,0.2550917462326835,255,40,500
EVI,EOS50,GPP,P_pre,indirect,-0.015800001859659976,-0.06033018867355929,0.01996509124737937,255,40,500
EVI,EOS50,GPP,P_pre,total,0.10794141928179884,-0.023592968811079394,0.24508046674389186,255,40,500
EVI,EOS50,GPP,P_post,direct,-0.0514186675239437,-0.20469590294256407,0.11408562828540368,255,40,500
EVI,EOS50,GPP,P_post,indirect,0.02411049594928789,-0.02800562741710289,0.10396353837653809,255,40,500
EVI,EOS50,GPP,P_post,total,-0.02730817157465581,-0.17833094294021665,0.14989473805275405,255,40,500
EVI,EOS50,GPP,C_pre,direct,-0.13420063566869647,-0.3770894853128967,0.13824748951618507,255,40,500
EVI,EOS50,GPP,C_pre,indirect,0.008775326441030351,-0.03581211279725613,0.04033291719437442,255,40,500
EVI,EOS50,GPP,C_pre,total,-0.12542530922766612,-0.35188384173866977,0.13851283150667623,255,40,500
EVI,EOS50,GPP,C_post,direct,0.08543323597111548,-0.08767449057855736,0.26610956523688417,255,40,500
EVI,EOS50,GPP,C_post,indirect,0.0,0.0,0.0,255,40,500
EVI,EOS50,GPP,C_post,total,0.08543323597111548,-0.08767449057855736,0.26610956523688417,255,40,500
NDVI,EOS10,GPP,SOS,direct,-0.023515362732969322,-0.37965546822953794,0.405582998245764,189,31,500
NDVI,EOS10,GPP,SOS,indirect,0.10477442163307088,-0.012522375242866864,0.21943716204689492,189,31,500
NDVI,EOS10,GPP,SOS,total,0.08125905890010156,-0.2409267751086582,0.475973178398318,189,31,500
NDVI,EOS10,GPP,TA_pre,direct,-0.1132292078964731,-0.5494643954466023,0.2512754012204049,189,31,500
NDVI,EOS10,GPP,TA_pre,indirect,-0.045406945477442465,-0.13577804174709945,0.009519111942619514,189,31,500
NDVI,EOS10,GPP,TA_pre,total,-0.15863615337391557,-0.5866462888404129,0.1748638151490799,189,31,500
NDVI,EOS10,GPP,TA_post,direct,-0.07950348229564011,-0.34101295736729675,0.11966367455610254,189,31,500
NDVI,EOS10,GPP,TA_post,indirect,-0.004210517968576188,-0.026008027129575496,0.007390812114717853,189,31,500
NDVI,EOS10,GPP,TA_post,total,-0.0837140002642163,-0.34679782270578247,0.10826056035098428,189,31,500
NDVI,EOS10,GPP,SW_pre,direct,0.10494137347418091,-0.1256230670726242,0.29768379211376156,189,31,500
NDVI,EOS10,GPP,SW_pre,indirect,-0.0003358316305354381,-0.04625447411861662,0.06175475184353661,189,31,500
NDVI,EOS10,GPP,SW_pre,total,0.10460554184364547,-0.09169645131883644,0.29918230725306555,189,31,500
NDVI,EOS10,GPP,SW_post,direct,-0.0832451575824932,-0.2703416690568764,0.10304561023832605,189,31,500
NDVI,EOS10,GPP,SW_post,indirect,-0.006979944028449453,-0.0314007320629355,0.016256805396571695,189,31,500
NDVI,EOS10,GPP,SW_post,total,-0.09022510161094266,-0.2700972841183779,0.09486338860583515,189,31,500
NDVI,EOS10,GPP,P_pre,direct,0.024920217316311822,-0.12071547553846383,0.13084810379395231,189,31,500
NDVI,EOS10,GPP,P_pre,indirect,-0.03958370628175525,-0.10893028244300165,0.00380368447999638,189,31,500
NDVI,EOS10,GPP,P_pre,total,-0.014663488965443425,-0.1858478357039858,0.08950251278956027,189,31,500
NDVI,EOS10,GPP,P_post,direct,-0.013847698940028835,-0.1619475750511864,0.15052505556039575,189,31,500
NDVI,EOS10,GPP,P_post,indirect,0.027487631779317775,-3.0122569554462113e-05,0.07037488120247032,189,31,500
NDVI,EOS10,GPP,P_post,total,0.013639932839288941,-0.13448293516467535,0.16909450147529653,189,31,500
NDVI,EOS10,GPP,C_pre,direct,-0.18225015726490146,-0.32443692397928847,0.028678545052177193,189,31,500
NDVI,EOS10,GPP,C_pre,indirect,0.015104157840431509,-0.023376654945465248,0.042097686698553925,189,31,500
NDVI,EOS10,GPP,C_pre,total,-0.16714599942446995,-0.32081951397757275,0.028437011589114148,189,31,500
NDVI,EOS10,GPP,C_post,direct,0.09711194398526804,-0.0001811093555503404,0.2022486739362673,189,31,500
NDVI,EOS10,GPP,C_post,indirect,0.0,0.0,0.0,189,31,500
NDVI,EOS10,GPP,C_post,total,0.09711194398526804,-0.0001811093555503404,0.2022486739362673,189,31,500
NDVI,EOS50,GPP,SOS,direct,0.4661191568824422,0.1443952370700035,0.916990601224477,189,31,500
NDVI,EOS50,GPP,SOS,indirect,0.04000751811341963,-0.10081316236069689,0.14779100893675132,189,31,500
NDVI,EOS50,GPP,SOS,total,0.5061266749958618,0.19908198646042408,0.9541171444107395,189,31,500
NDVI,EOS50,GPP,TA_pre,direct,-0.44406779083339026,-0.8868514926836306,-0.024640493538129388,189,31,500
NDVI,EOS50,GPP,TA_pre,indirect,-0.017338384362796055,-0.0833649098567526,0.048821708439239386,189,31,500
NDVI,EOS50,GPP,TA_pre,total,-0.4614061751961863,-0.8877402168365491,-0.06756717658765586,189,31,500
NDVI,EOS50,GPP,TA_post,direct,-0.08593937996544691,-0.2511914879371751,0.04347606167196295,189,31,500
NDVI,EOS50,GPP,TA_post,indirect,-0.004805622100559195,-0.030684756778985592,0.0062577777850265255,189,31,500
NDVI,EOS50,GPP,TA_post,total,-0.09074500206600611,-0.2618966717404515,0.036378444063946476,189,31,500
NDVI,EOS50,GPP,SW_pre,direct,0.26836390720067715,0.019869342694507297,0.5721944533602453,189,31,500
NDVI,EOS50,GPP,SW_pre,indirect,-0.00012823540165901592,-0.03864721991740902,0.0371588092086407,189,31,500
NDVI,EOS50,GPP,SW_pre,total,0.26823567179901814,0.027675167034045708,0.5754626048143046,189,31,500
NDVI,EOS50,GPP,SW_post,direct,-0.08215467775003503,-0.16465160095111173,0.028338440103247507,189,31,500
NDVI,EOS50,GPP,SW_post,indirect,-0.007966471948135545,-0.04798061196502957,0.020253923017659704,189,31,500
NDVI,EOS50,GPP,SW_post,total,-0.09012114969817057,-0.18463880417661993,0.028307994772212988,189,31,500
NDVI,EOS50,GPP,P_pre,direct,-0.04465448843790935,-0.1899180690744027,0.08101820760582164,189,31,500
NDVI,EOS50,GPP,P_pre,indirect,-0.015114813533494559,-0.06735552358941255,0.03582032916831373,189,31,500
NDVI,EOS50,GPP,P_pre,total,-0.059769301971403906,-0.19860721663342357,0.07141370648609933,189,31,500
NDVI,EOS50,GPP,P_post,direct,-0.0031939144822134818,-0.08777548847855282,0.2033994368604575,189,31,500
NDVI,EOS50,GPP,P_post,indirect,0.031372665253199636,-0.028820158318216518,0.07232402713660566,189,31,500
NDVI,EOS50,GPP,P_post,total,0.028178750770986152,-0.07213435828917472,0.2230978197998499,189,31,500
NDVI,EOS50,GPP,C_pre,direct,-0.08106269294341238,-0.21596877501190925,0.1586571912551392,189,31,500
NDVI,EOS50,GPP,C_pre,indirect,0.017238941923541348,-0.02514520639817107,0.058425829305417204,189,31,500
NDVI,EOS50,GPP,C_pre,total,-0.06382375101987103,-0.21080836676261172,0.17523094750192178,189,31,500
NDVI,EOS50,GPP,C_post,direct,0.11083750448918826,-0.10007447053406646,0.23742092462522144,189,31,500
NDVI,EOS50,GPP,C_post,indirect,0.0,0.0,0.0,189,31,500
NDVI,EOS50,GPP,C_post,total,0.11083750448918826,-0.10007447053406646,0.23742092462522144,189,31,500
NIRv,EOS10,GPP,SOS,direct,-0.012491570794681273,-0.3638635988713309,0.38021610421922064,255,39,500
NIRv,EOS10,GPP,SOS,indirect,0.21223452507962975,-0.03802943748020892,0.5139043226357319,255,39,500
NIRv,EOS10,GPP,SOS,total,0.19974295428494848,-0.19751997578153135,0.6121439762395445,255,39,500
NIRv,EOS10,GPP,TA_pre,direct,-0.3374560510317975,-0.6216302140586099,-0.024650858032361122,255,39,500
NIRv,EOS10,GPP,TA_pre,indirect,-0.07431069251806688,-0.2762309497022918,0.011129713871073362,255,39,500
NIRv,EOS10,GPP,TA_pre,total,-0.41176674354986437,-0.7100588328024658,-0.0825293746567597,255,39,500
NIRv,EOS10,GPP,TA_post,direct,-0.05136883809248709,-0.16441737931223313,0.08177176388930031,255,39,500
NIRv,EOS10,GPP,TA_post,indirect,-0.016937677481449462,-0.05854456089861305,0.003709199334377591,255,39,500
NIRv,EOS10,GPP,TA_post,total,-0.06830651557393655,-0.17843486531127917,0.058117532630545886,255,39,500
NIRv,EOS10,GPP,SW_pre,direct,0.16372209344021543,-0.014982527996669225,0.3606901475039714,255,39,500
NIRv,EOS10,GPP,SW_pre,indirect,-0.013088633961449742,-0.04892403300035991,0.03328252452954317,255,39,500
NIRv,EOS10,GPP,SW_pre,total,0.1506334594787657,-0.031183115558522163,0.37045035122227166,255,39,500
NIRv,EOS10,GPP,SW_post,direct,0.13072979548261246,0.0071253279835401554,0.2894170495130648,255,39,500
NIRv,EOS10,GPP,SW_post,indirect,-0.011753301080132714,-0.0449134575929248,0.02216374865439249,255,39,500
NIRv,EOS10,GPP,SW_post,total,0.11897649440247975,0.0005252091723549736,0.2842937409740657,255,39,500
NIRv,EOS10,GPP,P_pre,direct,0.04573618278987321,-0.09359162189366425,0.18352629258058076,255,39,500
NIRv,EOS10,GPP,P_pre,indirect,-0.040457561199836525,-0.08440837147453645,0.0111942059831823,255,39,500
NIRv,EOS10,GPP,P_pre,total,0.005278621590036687,-0.13137986875493549,0.1582982761361502,255,39,500
NIRv,EOS10,GPP,P_post,direct,0.004194053639013297,-0.16729853249462293,0.18161288424118083,255,39,500
NIRv,EOS10,GPP,P_post,indirect,0.03880299699879258,-0.02247851444822184,0.13221389340743514,255,39,500
NIRv,EOS10,GPP,P_post,total,0.04299705063780588,-0.09503486141694675,0.19912960019666992,255,39,500
NIRv,EOS10,GPP,C_pre,direct,-0.2650940444665281,-0.4396234268108934,0.06531717212324788,255,39,500
NIRv,EOS10,GPP,C_pre,indirect,0.010390300295762045,-0.04098350021240837,0.04576845715238886,255,39,500
NIRv,EOS10,GPP,C_pre,total,-0.2547037441707661,-0.446145593676856,0.07814114982080742,255,39,500
NIRv,EOS10,GPP,C_post,direct,0.13365788257004066,-0.06964005560262627,0.3264008624234098,255,39,500
NIRv,EOS10,GPP,C_post,indirect,0.0,0.0,0.0,255,39,500
NIRv,EOS10,GPP,C_post,total,0.13365788257004066,-0.06964005560262627,0.3264008624234098,255,39,500
NIRv,EOS50,GPP,SOS,direct,0.023398540951852315,-0.3473215515097034,0.36431534221279027,255,39,500
NIRv,EOS50,GPP,SOS,indirect,0.24296657563687832,0.0171995843784376,0.5718088768036026,255,39,500
NIRv,EOS50,GPP,SOS,total,0.26636511658873063,-0.08566656298159689,0.6241195771035107,255,39,500
NIRv,EOS50,GPP,TA_pre,direct,-0.4082541463716616,-0.7296875700763252,-0.08616321867904837,255,39,500
NIRv,EOS50,GPP,TA_pre,indirect,-0.08507105282491395,-0.27071674512989785,0.022396209248586915,255,39,500
NIRv,EOS50,GPP,TA_pre,total,-0.4933251991965755,-0.7756520568210976,-0.22501527153818182,255,39,500
NIRv,EOS50,GPP,TA_post,direct,-0.03697661081056925,-0.14877051300290625,0.08989811235742991,255,39,500
NIRv,EOS50,GPP,TA_post,indirect,-0.02150398623581789,-0.06860500492028956,-0.0001522743872634618,255,39,500
NIRv,EOS50,GPP,TA_post,total,-0.05848059704638714,-0.17285014823626774,0.05841114085941922,255,39,500
NIRv,EOS50,GPP,SW_pre,direct,0.2574739014002446,0.10748851992919449,0.42046996160624117,255,39,500
NIRv,EOS50,GPP,SW_pre,indirect,-0.01498389845942752,-0.0668844868008515,0.033766234505724656,255,39,500
NIRv,EOS50,GPP,SW_pre,total,0.2424900029408171,0.0868204336148718,0.41107448006163216,255,39,500
NIRv,EOS50,GPP,SW_post,direct,0.02803704683063107,-0.11025480497706601,0.1728397330624266,255,39,500
NIRv,EOS50,GPP,SW_post,indirect,-0.01492192922727494,-0.04722303610124856,0.03326476273330911,255,39,500
NIRv,EOS50,GPP,SW_post,total,0.01311511760335613,-0.12747494384401692,0.16190269628002585,255,39,500
NIRv,EOS50,GPP,P_pre,direct,0.00987135308896614,-0.08788303050754283,0.128289397707171,255,39,500
NIRv,EOS50,GPP,P_pre,indirect,-0.046315909721359384,-0.11554961511761305,-0.002388040841189055,255,39,500
NIRv,EOS50,GPP,P_pre,total,-0.036444556632393245,-0.13892914363553774,0.08257065194029158,255,39,500
NIRv,EOS50,GPP,P_post,direct,-0.008457446856900277,-0.14595952486297734,0.1330940291376859,255,39,500
NIRv,EOS50,GPP,P_post,indirect,0.049264080880297406,0.007105343595223141,0.1395407722571663,255,39,500
NIRv,EOS50,GPP,P_post,total,0.040806634023397126,-0.08098896474923625,0.2021509659364605,255,39,500
NIRv,EOS50,GPP,C_pre,direct,-0.3047769065702312,-0.5342327051142877,-0.012197292996927171,255,39,500
NIRv,EOS50,GPP,C_pre,indirect,0.01319147060101894,-0.04550403789155058,0.05726165103631807,255,39,500
NIRv,EOS50,GPP,C_pre,total,-0.29158543596921227,-0.5118557627208528,-0.029577947540685382,255,39,500
NIRv,EOS50,GPP,C_post,direct,0.1696913446511532,0.025596165820634023,0.3516158407736208,255,39,500
NIRv,EOS50,GPP,C_post,indirect,0.0,0.0,0.0,255,39,500
NIRv,EOS50,GPP,C_post,total,0.1696913446511532,0.025596165820634023,0.3516158407736208,255,39,500
