carbon,vi_index,target,length_days,offset_from_solstice_days,beta_days_per_sd,p_value,n_obs,n_sites,near_solstice_pm15d
GPP,EVI,EOS10,15,-65,-12.709507228915959,0.00010706425636059367,315,56,False
GPP,EVI,EOS10,30,-75,-12.61222875664879,0.00016305141264149925,315,56,False
GPP,EVI,EOS50,15,-65,-10.480818852690069,0.0005424936803721926,315,56,False
GPP,EVI,EOS50,30,-75,-9.869314950844744,0.0017015742847432058,315,56,False
GPP,EVI,EOS90,15,-65,-11.729394920327024,0.00041144183987436,315,56,False
GPP,EVI,EOS90,30,-75,-11.50196345217027,0.0007835859063307013,315,56,False
GPP,NDVI,EOS10,15,-65,-16.666882983150636,3.768478539171404e-05,283,54,False
GPP,NDVI,EOS10,30,-75,-15.98486613526879,9.753820273614576e-05,283,54,False
GPP,NDVI,EOS50,15,-75,-8.186304953172073,0.050161379118714045,283,54,False
GPP,NDVI,EOS50,30,-75,-8.319187977718522,0.05683770987305901,283,54,False
GPP,NDVI,EOS90,15,-75,-6.933461097986173,0.15069093337829326,283,54,False
GPP,NDVI,EOS90,30,-75,-7.237898618613564,0.1491267172060564,283,54,False
GPP,NIRv,EOS10,15,-65,-13.749751487159484,5.788945628593815e-06,320,56,False
GPP,NIRv,EOS10,30,-75,-12.527605449501332,7.096316904863452e-05,320,56,False
GPP,NIRv,EOS50,15,-65,-12.212938804729196,5.12485116109132e-05,320,56,False
GPP,NIRv,EOS50,30,-75,-11.218082516791322,0.0003553853195024988,320,56,False
GPP,NIRv,EOS90,15,-65,-14.331069290445798,1.8616861758489884e-05,320,56,False
GPP,NIRv,EOS90,30,-65,-14.516557976111253,2.3175709710114585e-05,320,56,False
