carbon,vi_index,target,length_days,offset_from_solstice_days,beta_days_per_sd,std_err,p_value,r_pooled,r_within_site,n_obs,n_sites
GPP,EVI,EOS10,15,-75,-10.44616393692948,3.2333063951496626,0.0012344459964527704,-0.5002354767004633,-0.05652968680248281,315,56
GPP,EVI,EOS50,15,-75,-7.658329293181903,2.965891574082811,0.009819146854444289,-0.5142097600429739,-0.0410864009406751,315,56
GPP,EVI,EOS90,15,-75,-9.5263388922333,3.247398149771072,0.003351315983523493,-0.5020047657507987,-0.05970434019250976,315,56
GPP,NDVI,EOS10,15,-75,-14.80195138311296,3.9667242286627116,0.0001903201640958646,-0.38689064485453656,-0.1576116198863163,283,54
GPP,NDVI,EOS50,15,-75,-8.186304953172073,4.179703170928971,0.050161379118714045,-0.3482842733816077,-0.04827292549317178,283,54
GPP,NDVI,EOS90,15,-75,-6.933461097986173,4.824635766464279,0.15069093337829326,-0.2899739108429384,-0.020621465029389142,283,54
GPP,NIRv,EOS10,15,-75,-9.571711397391638,3.0547754990824094,0.0017281733102020472,-0.5390844796913621,-0.05249989944827684,320,56
GPP,NIRv,EOS50,15,-75,-8.191746739582712,3.0102159729047195,0.006502271262963202,-0.5363036473480902,-0.034371898853660106,320,56
GPP,NIRv,EOS90,15,-75,-10.707424742675725,3.3634674339331636,0.0014553209129375487,-0.5238884106610548,-0.0424620872102084,320,56
GPP,EVI,EOS10,15,-70,-11.284495842630394,3.3000692677170793,0.0006274269267957299,-0.5091302812801171,-0.0618310507561331,315,56
GPP,EVI,EOS50,15,-70,-9.062126202145501,3.040299969302646,0.002876200022328365,-0.523145234159889,-0.06365732261233398,315,56
GPP,EVI,EOS90,15,-70,-10.73563782165274,3.3185407374329277,0.0012162237944801217,-0.5093378270347872,-0.0779517510211356,315,56
GPP,NDVI,EOS10,15,-70,-15.12514744238937,4.053486677771054,0.0001904247040448129,-0.39357047069945506,-0.15384669666844317,283,54
GPP,NDVI,EOS50,15,-70,-7.317367343286987,4.311318721421009,0.08965021042648778,-0.3498193948055146,-0.024793231990845988,283,54
GPP,NDVI,EOS90,15,-70,-5.460102422440787,4.975036541924112,0.2724228967597687,-0.2861859470601924,0.007778166812376142,283,54
GPP,NIRv,EOS10,15,-70,-11.03929621582092,3.112915919972284,0.0003906990373158804,-0.5504413456903723,-0.07388004322306835,320,56
GPP,NIRv,EOS50,15,-70,-10.088344694143823,3.0657192523498225,0.0009994047646473168,-0.5496363467521016,-0.06650370414542414,320,56
GPP,NIRv,EOS90,15,-70,-12.669319347951692,3.3921652101377675,0.00018780706001006063,-0.5387544146179176,-0.0735709374520605,320,56
GPP,EVI,EOS10,15,-65,-12.709507228915959,3.280721096967855,0.00010706425636059367,-0.5231378629882275,-0.08596642411902608,315,56
GPP,EVI,EOS50,15,-65,-10.480818852690069,3.0301484613034253,0.0005424936803721926,-0.5351489530224706,-0.09138363178820516,315,56
GPP,EVI,EOS90,15,-65,-11.729394920327024,3.320297352849204,0.00041144183987436,-0.5201553430331577,-0.09299947655143506,315,56
GPP,NDVI,EOS10,15,-65,-16.666882983150636,4.044148330467882,3.768478539171404e-05,-0.40689516541725845,-0.18570794875524416,283,54
GPP,NDVI,EOS50,15,-65,-7.894537136536923,4.317728873877779,0.06748948360284333,-0.35780415276327154,-0.03541481455161204,283,54
GPP,NDVI,EOS90,15,-65,-6.489705358953399,4.980988076704909,0.19261054957309975,-0.2976897542838518,-0.005364179065620485,283,54
GPP,NIRv,EOS10,15,-65,-13.749751487159484,3.0326177631659865,5.788945628593815e-06,-0.5625985180081428,-0.1389278103580689,320,56
GPP,NIRv,EOS50,15,-65,-12.212938804729196,3.015645466880401,5.12485116109132e-05,-0.5614825909466217,-0.1144717008117432,320,56
GPP,NIRv,EOS90,15,-65,-14.331069290445798,3.3477044173703208,1.8616861758489884e-05,-0.5520025769677283,-0.10526078144422892,320,56
GPP,EVI,EOS10,15,-60,-12.612917576396558,3.306679727895326,0.0001365278380508874,-0.502066404545329,-0.08394162409611727,315,56
GPP,EVI,EOS50,15,-60,-10.032453610586728,3.093057644121859,0.0011805457889215597,-0.5129414830157447,-0.07553885463400722,315,56
GPP,EVI,EOS90,15,-60,-11.224683258491291,3.3894547196378735,0.0009274793951810974,-0.5047333164150105,-0.07199587265149006,315,56
GPP,NDVI,EOS10,15,-60,-15.238465225977304,4.11401133454641,0.00021219223101055356,-0.3812190470373279,-0.16669652933987314,283,54
GPP,NDVI,EOS50,15,-60,-7.2507442504494,4.37276959919135,0.09728551697813541,-0.330370417138827,-0.034469722037150666,283,54
GPP,NDVI,EOS90,15,-60,-6.581739650270965,5.013914586593315,0.1892858075227397,-0.27752059502649923,-0.017791092069824446,283,54
GPP,NIRv,EOS10,15,-60,-12.905466194936498,3.0635494152250313,2.524632444366229e-05,-0.5272685659140436,-0.12951577965421396,320,56
GPP,NIRv,EOS50,15,-60,-11.772210210868513,3.042206804398183,0.00010900131058560938,-0.5343675989305984,-0.10880473963371488,320,56
GPP,NIRv,EOS90,15,-60,-14.29648491082236,3.349084267843502,1.9655000505146452e-05,-0.5353907000732776,-0.1079651799742489,320,56
GPP,EVI,EOS10,15,-55,-10.14432446478693,3.378490420664445,0.002676660176070535,-0.45251520259589806,-0.04134408079798683,315,56
GPP,EVI,EOS50,15,-55,-7.235118457654719,3.1649174217304012,0.022252091669899634,-0.4615755352361657,-0.02077272052653431,315,56
GPP,EVI,EOS90,15,-55,-9.586408852555053,3.4356545072496405,0.005266385926620126,-0.46568596953572694,-0.04371766701196969,315,56
GPP,NDVI,EOS10,15,-55,-10.534180149191862,4.1885957276155175,0.011904351638167667,-0.321810071337284,-0.09382427530096696,283,54
GPP,NDVI,EOS50,15,-55,-3.7374739001145847,4.418337481227738,0.39760825159416946,-0.26851202443117345,0.006029734417300703,283,54
GPP,NDVI,EOS90,15,-55,-4.255740117028287,5.027643111312877,0.3972915951489713,-0.22809527364620086,-0.003054473470641035,283,54
GPP,NIRv,EOS10,15,-55,-9.791769875738119,3.143859914468202,0.0018421361787198613,-0.46851104411040895,-0.0698780766898589,320,56
GPP,NIRv,EOS50,15,-55,-9.319798841405431,3.1033815220752787,0.0026723504012411293,-0.4842452566595745,-0.06217996115778361,320,56
GPP,NIRv,EOS90,15,-55,-13.134420562724843,3.375320648489873,9.970425754326947e-05,-0.4997607594819379,-0.09153414585882576,320,56
GPP,EVI,EOS10,15,-50,-7.585070305919518,3.471456324746364,0.028890151138432733,-0.3788078952949533,-0.0037822291546682346,316,56
GPP,EVI,EOS50,15,-50,-5.363224548038973,3.231072366453259,0.09693659366272708,-0.38696436937694095,0.0042442405072439515,316,56
GPP,EVI,EOS90,15,-50,-8.55516838007415,3.4860308031460807,0.014122641101942312,-0.40622914850354475,-0.0381965692470046,316,56
GPP,NDVI,EOS10,15,-50,-6.679225464203632,4.30447103238202,0.12073525937103828,-0.2486586940346007,-0.03493235924057837,284,54
GPP,NDVI,EOS50,15,-50,-0.8414306948431833,4.524720921868884,0.852473773753368,-0.18747775389253535,0.036699244693562935,284,54
GPP,NDVI,EOS90,15,-50,-1.099963242032514,5.119897180430312,0.8298913753719491,-0.1531290244554213,0.024136500546895395,284,54
GPP,NIRv,EOS10,15,-50,-6.459499849649658,3.2723519822416227,0.048386015810161644,-0.38485224078916863,-0.00821485645653438,321,56
GPP,NIRv,EOS50,15,-50,-7.361472896464073,3.1890063184490307,0.020977409364041986,-0.4107039187639199,-0.03239470937136753,321,56
GPP,NIRv,EOS90,15,-50,-12.374521887593488,3.4301879754534994,0.00030912029787600643,-0.4442726458913322,-0.09254101196527836,321,56
GPP,EVI,EOS10,15,-45,-7.064833510334586,3.4585328562223587,0.04107961182746134,-0.3138781537356101,-0.023058879182126013,316,56
GPP,EVI,EOS50,15,-45,-4.617813716169898,3.2105722181602374,0.1503447387196447,-0.31149651890797037,-0.006601654068351809,316,56
GPP,EVI,EOS90,15,-45,-7.431183928214859,3.486134390088941,0.03303644293774061,-0.3370028423737833,-0.044492819964500684,316,56
GPP,NDVI,EOS10,15,-45,-3.4835676440573016,4.4071579163848575,0.4292743281820096,-0.18046304421543977,0.0152428136456313,284,54
GPP,NDVI,EOS50,15,-45,0.37806913722334623,4.592734105833494,0.9343930704037452,-0.11526616632090161,0.03592483992992618,284,54
GPP,NDVI,EOS90,15,-45,0.816487919155417,5.190333631149257,0.8750010655331021,-0.08507822835069842,0.03106036535264921,284,54
GPP,NIRv,EOS10,15,-45,-5.1625573775590174,3.2660911579005134,0.11395735897026843,-0.31193724362979575,-0.0011434111327543253,321,56
GPP,NIRv,EOS50,15,-45,-6.3999963083390865,3.1710415776705516,0.04356386416323163,-0.3370676773156517,-0.035438408460145024,321,56
GPP,NIRv,EOS90,15,-45,-11.29794136393917,3.441816925745068,0.001028721873987179,-0.38022956499575816,-0.09780829211995355,321,56
GPP,EVI,EOS10,15,-40,-8.051033602657395,3.4717857964745726,0.02039562449329604,-0.2648398169168421,-0.06748965855241748,316,56
GPP,EVI,EOS50,15,-40,-5.5506777326482055,3.2232647426331567,0.08505738853138241,-0.25425344453496224,-0.04565674851936585,316,56
GPP,EVI,EOS90,15,-40,-7.158603840683566,3.526778877677088,0.04237837017720053,-0.28186227182243423,-0.05566369476943697,316,56
GPP,NDVI,EOS10,15,-40,-3.4396703040640997,4.482412172759591,0.44286133790940285,-0.1432859693429871,0.00573183825960108,284,54
GPP,NDVI,EOS50,15,-40,-0.7912307144294406,4.669193019660542,0.8654366408803844,-0.07217025791730386,-0.00048140226125501645,284,54
GPP,NDVI,EOS90,15,-40,0.812024406377164,5.278366607106279,0.8777358209679156,-0.04158647643823504,0.013810598514473839,284,54
GPP,NIRv,EOS10,15,-40,-5.505696385367701,3.278566297427514,0.09309359088290568,-0.2520376737282726,-0.02747096187266085,321,56
GPP,NIRv,EOS50,15,-40,-7.217830376086457,3.181978374061509,0.02330807922163161,-0.2772920914191088,-0.07327322738810771,321,56
GPP,NIRv,EOS90,15,-40,-11.526824788614277,3.481682451262092,0.0009306113594520649,-0.32698142707463174,-0.12467224982867435,321,56
GPP,EVI,EOS10,15,-35,-8.476029464652228,3.5974657851436804,0.018467388007232098,-0.2281094030983964,-0.09054207201645036,317,56
GPP,EVI,EOS50,15,-35,-5.126217039670143,3.3679421035562895,0.12799352062730385,-0.21145694459597836,-0.043764639142617384,317,56
GPP,EVI,EOS90,15,-35,-5.8269136080431485,3.6890105509758584,0.11421387172105876,-0.23916707468555995,-0.033426847661930104,317,56
GPP,NDVI,EOS10,15,-35,-5.741491350770832,4.627861360077281,0.2147402511154286,-0.13435565381800849,-0.046603190747793934,285,54
GPP,NDVI,EOS50,15,-35,-2.9634242057776823,4.870305860714765,0.5428772676935042,-0.05432686275559477,-0.04982065968521052,285,54
GPP,NDVI,EOS90,15,-35,0.1803359064494347,5.476888219595548,0.9737330333734437,-0.020142961652504385,-0.009652558675941086,285,54
GPP,NIRv,EOS10,15,-35,-5.670162233533937,3.400024596464799,0.095378729448733,-0.20805249405266715,-0.04278382528111237,322,56
GPP,NIRv,EOS50,15,-35,-6.746704684138289,3.3224865173108404,0.04229364552761023,-0.2319327831700848,-0.06977722088315458,322,56
GPP,NIRv,EOS90,15,-35,-10.302715164283592,3.6384302808055304,0.004631033582020506,-0.2829185345700004,-0.10434829415335636,322,56
GPP,EVI,EOS10,15,-30,-6.05188364655469,3.714219583968528,0.10323211350942242,-0.18541162124814559,-0.0502422650602499,317,56
GPP,EVI,EOS50,15,-30,-3.8628072633012414,3.4707758124670045,0.26572899798624694,-0.17303038342158855,-0.028687932219977307,317,56
GPP,EVI,EOS90,15,-30,-4.753392508195237,3.7952204929876703,0.21039935396793186,-0.2053608941041737,-0.023068430573443155,317,56
GPP,NDVI,EOS10,15,-30,-7.44640219193053,4.802501956147828,0.12101541567591383,-0.12847741950465094,-0.0830265387110912,285,54
GPP,NDVI,EOS50,15,-30,-4.317634491910243,5.087755348405383,0.39608582205167,-0.04462200611925516,-0.0742535989805996,285,54
GPP,NDVI,EOS90,15,-30,-0.6430687321402804,5.690286615480274,0.9100213116728272,-0.012837266253993096,-0.022664610197429394,285,54
GPP,NIRv,EOS10,15,-30,-3.502432194753864,3.5199909109989367,0.3197305664401491,-0.16216417861099722,-0.00847760744756285,322,56
GPP,NIRv,EOS50,15,-30,-5.659085386409591,3.4342372588909713,0.09938479943647624,-0.19288794153467909,-0.05556721235499643,322,56
GPP,NIRv,EOS90,15,-30,-9.201726053354573,3.759002470105188,0.01436847502502574,-0.24861344479145953,-0.08854008945378626,322,56
GPP,EVI,EOS10,15,-25,-2.616206563816725,3.7800022838049645,0.4888634041925559,-0.14418947998049447,0.015337386727098452,317,56
GPP,EVI,EOS50,15,-25,-1.8355410735469297,3.494870549268806,0.5994371916663801,-0.1375181873549061,0.005221012708445823,317,56
GPP,EVI,EOS90,15,-25,-3.380901622940334,3.82378262510607,0.37660053483848444,-0.1752056037267705,-0.004748731033395001,317,56
GPP,NDVI,EOS10,15,-25,-7.148974596177423,4.921508340706024,0.14633532133991284,-0.10960482754753365,-0.07801632979257711,285,54
GPP,NDVI,EOS50,15,-25,-4.6746556156809635,5.222325395820624,0.37071806089974346,-0.028421757805681413,-0.07977148307099302,285,54
GPP,NDVI,EOS90,15,-25,-1.6283257470285712,5.833898529698118,0.7801569457921411,-0.004000265761542408,-0.036923518472324626,285,54
GPP,NIRv,EOS10,15,-25,-0.7623725844108703,3.5696155639904186,0.8308802575554517,-0.12238620057088884,0.04049292106183802,322,56
GPP,NIRv,EOS50,15,-25,-3.520966815091523,3.4710914597969964,0.3104068148654213,-0.15625191718968345,-0.017848116660512656,322,56
GPP,NIRv,EOS90,15,-25,-7.255675541410635,3.8134619229074342,0.057086496845652576,-0.2153944790571751,-0.0549836972457733,322,56
GPP,EVI,EOS10,15,-20,-0.44540187424759425,3.8267978804085594,0.9073432804231745,-0.11798442083793373,0.05643512466951026,317,56
GPP,EVI,EOS50,15,-20,0.1387070800024573,3.507098650103874,0.9684515884598067,-0.11290585111218492,0.04283595092806212,317,56
GPP,EVI,EOS90,15,-20,-1.9244061953283216,3.843608174095222,0.6165984643545632,-0.15404939853990673,0.019904056513435516,317,56
GPP,NDVI,EOS10,15,-20,-5.40366473525548,5.001971696520056,0.2800055204960664,-0.08874260627879421,-0.045801940831639666,285,54
GPP,NDVI,EOS50,15,-20,-4.311412406309554,5.305679360998377,0.4164455552791859,-0.013716095746236508,-0.07559386445489624,285,54
GPP,NDVI,EOS90,15,-20,-2.829653163477073,5.942640846816905,0.6339597590195876,0.0007872288112605978,-0.05775970065194701,285,54
GPP,NIRv,EOS10,15,-20,2.344621104312195,3.6071617928218496,0.5156983210345121,-0.09463261443676246,0.10190293053242705,322,56
GPP,NIRv,EOS50,15,-20,-1.3427060332856073,3.4820620010705925,0.6997880563909512,-0.13031343598002837,0.02422299829284022,322,56
GPP,NIRv,EOS90,15,-20,-5.760940461113455,3.83716378487659,0.1332640745066556,-0.1925997450446473,-0.028449615059846924,322,56
GPP,EVI,EOS10,15,-15,0.3218421745880816,3.926249967713961,0.9346690578034839,-0.09906971051100023,0.06749246852888606,318,56
GPP,EVI,EOS50,15,-15,2.0490308916970914,3.6299435482828777,0.5724274405697005,-0.09027937540879354,0.07852174951126323,318,56
GPP,EVI,EOS90,15,-15,-0.07445490833239649,3.975043482958039,0.9850560255177105,-0.1320140130284046,0.05354824958717143,318,56
GPP,NDVI,EOS10,15,-15,-3.228183486588285,5.090271075793084,0.525958823356276,-0.06813357408527532,-0.006625313388517146,285,54
GPP,NDVI,EOS50,15,-15,-1.6893274735811634,5.383674779997666,0.753682774083998,0.009686695993109758,-0.04015341429397905,285,54
GPP,NDVI,EOS90,15,-15,-1.3573703977015377,6.030266750500465,0.8219069826945055,0.017407396552544446,-0.04351425344864993,285,54
GPP,NIRv,EOS10,15,-15,4.408914407053338,3.735601641759215,0.2379039305604358,-0.07187787693873042,0.13824862725808612,323,56
GPP,NIRv,EOS50,15,-15,0.810449277616077,3.602157727057193,0.8219870945898164,-0.10455066062176416,0.06304460078237537,323,56
GPP,NIRv,EOS90,15,-15,-4.062166107107618,3.954663415004032,0.30433393522577834,-0.16682643172634684,-0.001055423100099706,323,56
GPP,EVI,EOS10,15,-10,-0.9846010330465499,3.93211473421881,0.8022781272336615,-0.09402526386486246,0.033965619476856806,317,56
GPP,EVI,EOS50,15,-10,2.572866736395369,3.672160315782596,0.4835269724346589,-0.07947176563386106,0.08457978420184516,317,56
GPP,EVI,EOS90,15,-10,1.6544392915934096,4.039046464092391,0.682091066601855,-0.11765303071755018,0.08161324289266075,317,56
GPP,NDVI,EOS10,15,-10,-1.683078657835347,5.1210638696953605,0.7424141962305073,-0.05688362686836235,0.01671831398431866,284,54
GPP,NDVI,EOS50,15,-10,1.214102250930902,5.38338207010926,0.8215687103300451,0.0252377943063515,-0.002128249873263495,284,54
GPP,NDVI,EOS90,15,-10,1.3003837839837025,6.00363650500726,0.828520589824812,0.030354137256656435,-0.012919511342539186,284,54
GPP,NIRv,EOS10,15,-10,4.5496401235177935,3.7789078116756674,0.22860644320638623,-0.061830215076935854,0.13793374184428053,322,56
GPP,NIRv,EOS50,15,-10,1.7801660848403917,3.655006046314487,0.6262237920588801,-0.09059623860471329,0.07715150818780352,322,56
GPP,NIRv,EOS90,15,-10,-2.2911852236490056,4.021818725515493,0.568888764153477,-0.14899019082081402,0.025895773307169138,322,56
GPP,EVI,EOS10,15,-5,-2.188585740744601,3.8990534369007133,0.5745848173810999,-0.08223905636450117,-0.003242519391962684,317,56
GPP,EVI,EOS50,15,-5,1.6166093327193434,3.644470071488667,0.6573472010565207,-0.06311860579323088,0.0554976770317347,317,56
GPP,EVI,EOS90,15,-5,1.7100703573235918,4.012679391049313,0.6699863762388996,-0.0984083461529238,0.07285133063207838,317,56
GPP,NDVI,EOS10,15,-5,-0.8991005884911963,5.077854815477908,0.8594588454132638,-0.04221679514874636,0.02892654463588791,284,54
GPP,NDVI,EOS50,15,-5,2.42846857543183,5.321288896555125,0.6481250209417254,0.04092570387908548,0.016143616523765423,284,54
GPP,NDVI,EOS90,15,-5,2.0795331610409953,5.939528224732571,0.726250468980443,0.0423242479690385,-0.0028859958682465325,284,54
GPP,NIRv,EOS10,15,-5,3.947473229408248,3.739629679173015,0.29116076159611626,-0.04623870523534371,0.11908225786591944,322,56
GPP,NIRv,EOS50,15,-5,1.3470760939740813,3.629019949333161,0.7104918795376952,-0.07234582645031987,0.05989250878861037,322,56
GPP,NIRv,EOS90,15,-5,-2.0982810731896215,3.998526601772326,0.5997475630273623,-0.1284155990144394,0.018015250967806713,322,56
GPP,EVI,EOS10,15,0,-2.5147029642536407,3.916763667530529,0.5208498607893088,-0.07256110645231868,-0.015607090857272375,317,56
GPP,EVI,EOS50,15,0,0.41539670748684077,3.648309397663044,0.9093487313280444,-0.05311842715296626,0.02362833638666319,317,56
GPP,EVI,EOS90,15,0,1.3185134077818945,4.015540353708016,0.7426450226226473,-0.08549739060124883,0.05699625083269607,317,56
GPP,NDVI,EOS10,15,0,-0.3774490750012447,5.0892791198391025,0.9408786746499073,-0.027785721894232944,0.03202440269294249,284,54
GPP,NDVI,EOS50,15,0,2.9788841753064284,5.319033483900027,0.5754505305277093,0.053371123344341596,0.023174298291113046,284,54
GPP,NDVI,EOS90,15,0,2.30037178363909,5.948228146194435,0.6989544222106712,0.05219026382807451,-0.00225481822238624,284,54
GPP,NIRv,EOS10,15,0,3.224818177696019,3.727021457688105,0.3868996938803545,-0.03936492620817339,0.10203590600568549,322,56
GPP,NIRv,EOS50,15,0,-0.0562297395986595,3.6162438758201074,0.9875940244072233,-0.06579996191249311,0.028331288538174782,322,56
GPP,NIRv,EOS90,15,0,-3.02555179275137,3.9910068214468977,0.4483956911832151,-0.12002998939810149,-0.004212473734699251,322,56
GPP,EVI,EOS10,15,5,-2.354906675835974,3.820117059275834,0.5375983368408681,-0.05053069298727714,-0.024845242680614853,316,56
GPP,EVI,EOS50,15,5,-0.8760276806674826,3.529632527255986,0.8039856093427198,-0.028219935025275318,-0.016289289649694734,316,56
GPP,EVI,EOS90,15,5,0.4148737789816592,3.90884297826555,0.9154734701013642,-0.0594693184257338,0.025610321227860697,316,56
GPP,NDVI,EOS10,15,5,-0.1413565773738667,4.992706779445266,0.9774128205138551,-0.009594862308667719,0.02850222503513206,284,54
GPP,NDVI,EOS50,15,5,2.5755397918076617,5.200102810693364,0.6203980250631091,0.06787399803684498,0.015909968665776868,284,54
GPP,NDVI,EOS90,15,5,1.602694769657037,5.839242353474236,0.7837237288038557,0.06110592785137588,-0.009148581344142648,284,54
GPP,NIRv,EOS10,15,5,1.4506805712148567,3.5862824896123535,0.6858390703763622,-0.021433468996107055,0.05504010514482332,321,56
GPP,NIRv,EOS50,15,5,-1.8250755109212542,3.486639160304478,0.6006622860277055,-0.044546790568561076,-0.02047118625227902,321,56
GPP,NIRv,EOS90,15,5,-3.8949967961496057,3.8838367284550976,0.31592191709884143,-0.09771723088409963,-0.03607197868020699,321,56
GPP,EVI,EOS10,15,10,-2.0257658087703923,3.744933600391222,0.5885523577062575,-0.03203386152037129,-0.03323393132061514,315,56
GPP,EVI,EOS50,15,10,-1.3161126057181896,3.4407323053689063,0.7020835242349203,-0.007204066951236262,-0.03796870334469131,315,56
GPP,EVI,EOS90,15,10,0.6469018077809562,3.806816038256681,0.8650632129769229,-0.03577081156303311,0.018607858127737582,315,56
GPP,NDVI,EOS10,15,10,0.23962408208879662,4.906783603213867,0.9610505775496356,0.007093602521722482,0.023679379142078134,283,54
GPP,NDVI,EOS50,15,10,2.3883931235969724,5.094684326052881,0.6392118827367793,0.08226227713816439,0.006058133258139468,283,54
GPP,NDVI,EOS90,15,10,1.2820325941485184,5.739588600942375,0.8232501694762717,0.0706707825224201,-0.016824390925720453,283,54
GPP,NIRv,EOS10,15,10,-0.05649963730906067,3.4900196012427505,0.9870836773378436,-0.009027740490341642,0.010446321473005834,320,56
GPP,NIRv,EOS50,15,10,-2.3344623038656493,3.402162770390498,0.4926058621828433,-0.026463008943659584,-0.04194840503374621,320,56
GPP,NIRv,EOS90,15,10,-2.9292762095464453,3.8061085391002907,0.4415223825353033,-0.07464626404220645,-0.027461176481552323,320,56
GPP,EVI,EOS10,15,15,-0.1879299455147631,3.6474863983151136,0.958908664776237,-0.0025564242796750347,-0.0049641424499154985,315,56
GPP,EVI,EOS50,15,15,0.6933058976414261,3.334976928707912,0.8353154324894798,0.027957451725740098,-0.0028088405643006235,315,56
GPP,EVI,EOS90,15,15,2.68175273516455,3.6994877653126994,0.4685143669564332,-1.583215928631712e-05,0.05358757763952387,315,56
GPP,NDVI,EOS10,15,15,1.017354016709941,4.802266822410017,0.8322250681702498,0.034194264767497685,0.02268777142971385,283,54
GPP,NDVI,EOS50,15,15,2.9791928690932217,4.982389022007972,0.549876864646953,0.10684950841792765,0.009054674508777824,283,54
GPP,NDVI,EOS90,15,15,2.1645811419338163,5.6115546818748285,0.6996918701716937,0.09016359920220025,-0.0031208918846995226,283,54
GPP,NIRv,EOS10,15,15,1.143610526083387,3.390310455693675,0.7358776847277978,0.019248780342675992,0.02558925359607996,320,56
GPP,NIRv,EOS50,15,15,-0.40146515768688806,3.3027228994842615,0.9032508122835651,0.008795536273188641,-0.010552747616236185,320,56
GPP,NIRv,EOS90,15,15,-0.7380091980231189,3.7100820344320034,0.8423253919322085,-0.03813856979892985,0.006693175991320216,320,56
GPP,EVI,EOS10,15,20,1.4365709929096193,3.56830476497739,0.6872483874025429,0.026802675524661236,0.019681903364632315,315,56
GPP,EVI,EOS50,15,20,2.0477202970831208,3.245455332448107,0.5280731662400804,0.062006060389471686,0.018499452163970826,315,56
GPP,EVI,EOS90,15,20,3.535829862737476,3.6035267505045048,0.3264873631927674,0.03444860857157528,0.06107280264254754,315,56
GPP,NDVI,EOS10,15,20,0.7040415571907778,4.727823031099922,0.8816210736712164,0.05538373985951908,0.006497228011534829,283,54
GPP,NDVI,EOS50,15,20,2.617600901501482,4.906846765797666,0.5937159793647844,0.12657275040327542,0.0002797818133813343,283,54
GPP,NDVI,EOS90,15,20,2.068781583152563,5.527255843324138,0.7081905908483048,0.10626489098044073,-0.003543758525615656,283,54
GPP,NIRv,EOS10,15,20,2.5823355309603953,3.300626179298222,0.4339927755662423,0.048113982946293175,0.049272288372003134,320,56
GPP,NIRv,EOS50,15,20,1.512972263863455,3.2101406161628825,0.6374191775775542,0.04432780945057199,0.02428150302035262,320,56
GPP,NIRv,EOS90,15,20,1.3521820729888887,3.6241204787399752,0.7090693524839281,8.215455602603866e-05,0.04023742010935039,320,56
GPP,EVI,EOS10,15,25,2.77292313724776,3.4723403426209987,0.42453706430532845,0.06305532700880849,0.03970166285974195,315,56
GPP,EVI,EOS50,15,25,3.164768379494692,3.13929024078023,0.31339882949011,0.10324510974275676,0.03647758564489825,315,56
GPP,EVI,EOS90,15,25,4.2240589068108285,3.4909209058647246,0.22627398933806264,0.07456656958206538,0.06694035096566117,315,56
GPP,NDVI,EOS10,15,25,1.1667686760120282,4.615899575189879,0.8004446556475489,0.0868957876151708,0.005551103076451014,283,54
GPP,NDVI,EOS50,15,25,3.7821144143855223,4.767904142167133,0.42763530267412553,0.15888837116540425,0.01949346694447711,283,54
GPP,NDVI,EOS90,15,25,3.655129864440788,5.381816874218318,0.4970347093914801,0.13367424121960333,0.025406427072083494,283,54
GPP,NIRv,EOS10,15,25,4.222167529382407,3.189922264083719,0.18563733972464513,0.08679312533119887,0.07995268877699849,320,56
GPP,NIRv,EOS50,15,25,2.757238749279607,3.0974308063923255,0.3733748241430457,0.08680864742142173,0.045491133380314894,320,56
GPP,NIRv,EOS90,15,25,2.317614961034298,3.510712135509492,0.5091542220387288,0.04192506124101338,0.05081498791906651,320,56
GPP,EVI,EOS10,15,30,2.183745780220082,3.408952697991786,0.5217881887293161,0.09641499451688897,0.011293791528496926,315,56
GPP,EVI,EOS50,15,30,2.81828557066397,3.0849397382135653,0.3609467255343508,0.14667329661422396,0.014853842399425535,315,56
GPP,EVI,EOS90,15,30,4.710380804653843,3.4163922924199452,0.1679691454257476,0.1226636469148779,0.06236112835134962,315,56
GPP,NDVI,EOS10,15,30,2.6002775199498687,4.487090229455151,0.5622505339231691,0.1278602521151052,0.025061160413740253,284,54
GPP,NDVI,EOS50,15,30,5.0250796843693895,4.610529326566292,0.27575110312576023,0.19856349531972994,0.03771624492389592,284,54
GPP,NDVI,EOS90,15,30,4.783539015425512,5.22526711990012,0.3599485876664381,0.16694397347244364,0.04014281371669909,284,54
GPP,NIRv,EOS10,15,30,3.4399078753921764,3.113297048160079,0.2691993079801076,0.12187333204981524,0.05260603249156595,320,56
GPP,NIRv,EOS50,15,30,2.994333733796155,3.0225877343135075,0.3218553510721659,0.1313213846359134,0.04216254436425956,320,56
GPP,NIRv,EOS90,15,30,3.68288094442475,3.4261842155480715,0.28240963110776063,0.0912920135776008,0.06968847364352723,320,56
GPP,EVI,EOS10,15,35,1.2106291847951198,3.250833131990509,0.7095907198156295,0.12482208514470271,-0.017537022464311,315,56
GPP,EVI,EOS50,15,35,2.3655849842279406,2.904266825901171,0.41534681010065755,0.18314377829893747,0.0021050365504647305,315,56
GPP,EVI,EOS90,15,35,5.434568933904954,3.214370676140587,0.09089218634066769,0.16469152730387193,0.07574368299693962,315,56
GPP,NDVI,EOS10,15,35,3.332130209550232,4.3523735489008875,0.44392076905827715,0.16364333869828798,0.02950295634394048,284,54
GPP,NDVI,EOS50,15,35,5.763840863136448,4.443660861323298,0.1945992311389988,0.2360701021495,0.043268555494494904,284,54
GPP,NDVI,EOS90,15,35,5.140524382102953,5.064810569605404,0.3101301427919271,0.19703808944317913,0.03641729553278296,284,54
GPP,NIRv,EOS10,15,35,2.65334628686861,2.9303020940403184,0.36520819660263526,0.1537842607389852,0.03144791980905406,320,56
GPP,NIRv,EOS50,15,35,3.0849754602517225,2.830404773214864,0.27573893973091357,0.17018180264032193,0.042845941359659176,320,56
GPP,NIRv,EOS90,15,35,4.622950328580158,3.226029468195228,0.15185339918452445,0.13427508455802858,0.08511388904945845,320,56
GPP,EVI,EOS10,15,40,0.1393304678600503,3.0710971505738063,0.9638137450389956,0.13469997629080155,-0.04129850681979339,316,56
GPP,EVI,EOS50,15,40,2.0669308964445534,2.7012659396281333,0.44416960769776737,0.19973973624991326,0.0009859642835197604,316,56
GPP,EVI,EOS90,15,40,6.177237367457987,2.9950055649599503,0.03915893848935469,0.18873778309656775,0.100430373386666,316,56
GPP,NDVI,EOS10,15,40,3.244097370009201,4.190946923322035,0.43888783307366397,0.1802855825390728,0.027179079318539294,285,54
GPP,NDVI,EOS50,15,40,5.696580138671593,4.260483738212531,0.1811986282639123,0.254035860722789,0.04547688720896645,285,54
GPP,NDVI,EOS90,15,40,5.024240695475862,4.8917642963248005,0.3043820809964958,0.21303573751134408,0.03390017717902451,285,54
GPP,NIRv,EOS10,15,40,0.9946670380967857,2.750090434180147,0.717587280063543,0.1625146592968536,-0.007474194160544243,321,56
GPP,NIRv,EOS50,15,40,3.1444944470531038,2.636485730745089,0.23299313934382926,0.18980209558087893,0.04951867955469206,321,56
GPP,NIRv,EOS90,15,40,5.843840513058335,3.021712632958029,0.0531193014729261,0.16178085469906878,0.11656913533639511,321,56
GPP,EVI,EOS10,15,45,-0.6080992243186616,2.9958053822137414,0.839147886442478,0.14716520948506123,-0.06044369629618446,317,56
GPP,EVI,EOS50,15,45,1.7427444748878673,2.6099928346983905,0.5043123264788634,0.21459596871731268,-0.005152045079928825,317,56
GPP,EVI,EOS90,15,45,6.665753360850095,2.8929950079917317,0.021216961635702726,0.20680535043835852,0.11515452788790058,317,56
GPP,NDVI,EOS10,15,45,1.2184206232543497,4.117278185837728,0.7672845620132396,0.17384334642730243,-0.004640226765793731,286,54
GPP,NDVI,EOS50,15,45,4.4880063978624,4.163275550146624,0.2810342540610622,0.2536586752862039,0.03230418587518953,286,54
GPP,NDVI,EOS90,15,45,4.4592783690395175,4.786605629675604,0.35153501363950057,0.21415433500418582,0.03239671758787374,286,54
GPP,NIRv,EOS10,15,45,-0.09287441036012155,2.670241448977626,0.9722541495313579,0.17389535206399154,-0.03576762693755264,322,56
GPP,NIRv,EOS50,15,45,3.371402140902184,2.546785573850813,0.18557372874166356,0.20909459577332384,0.05649870994231779,322,56
GPP,NIRv,EOS90,15,45,7.105781508559607,2.923211080894285,0.015064959013670514,0.18699948022586277,0.14512645290363269,322,56
GPP,EVI,EOS10,15,50,-0.49481670899121416,2.963824170566891,0.8674077279688205,0.14809127387923557,-0.055047757930842156,317,56
GPP,EVI,EOS50,15,50,1.8975783532702641,2.5729796764889596,0.4608169629922201,0.21344865453811637,0.003869014949877736,317,56
GPP,EVI,EOS90,15,50,6.4782822829068705,2.8608495204591686,0.023545773325561667,0.2029591371630184,0.11670439041072779,317,56
GPP,NDVI,EOS10,15,50,0.6737160070727741,4.120433037786508,0.8701199571598892,0.16753085932166012,-0.009019537854853432,286,54
GPP,NDVI,EOS50,15,50,4.482986965505219,4.159229204195617,0.2811048047501675,0.2484901409896047,0.04095804624027269,286,54
GPP,NDVI,EOS90,15,50,5.39368168875181,4.778506742052902,0.2590084141337793,0.21288142570697283,0.05875956571446313,286,54
GPP,NIRv,EOS10,15,50,-0.6537996406252061,2.644722046332996,0.8047463200085647,0.16943612044442255,-0.04692108045111371,322,56
GPP,NIRv,EOS50,15,50,3.5268673085632294,2.518404798457327,0.16138249100585,0.2088339114990142,0.06477544522175407,322,56
GPP,NIRv,EOS90,15,50,7.306417635587657,2.897177121354378,0.011671983243299986,0.1864423128611254,0.15423474018803268,322,56
GPP,EVI,EOS10,15,55,1.0929694683463616,2.956182931914526,0.7115887298501757,0.16329283495007033,-0.01847620727648227,317,56
GPP,EVI,EOS50,15,55,3.2944190386947114,2.5635873399229174,0.19876375455778983,0.22707446049294222,0.03941297218933036,317,56
GPP,EVI,EOS90,15,55,6.920602791330126,2.8585581970735503,0.015477379851481407,0.21247225839114267,0.12428866811951224,317,56
GPP,NDVI,EOS10,15,55,1.169466123677342,4.136431629789069,0.777388856881216,0.17514923365724544,-0.0007454521787904622,286,54
GPP,NDVI,EOS50,15,55,5.235783278021305,4.170708834807244,0.20934442868075998,0.2578365369459688,0.05174088449319246,286,54
GPP,NDVI,EOS90,15,55,6.759832611333941,4.791543101974078,0.1583082971798121,0.22371354130613563,0.07958652415749891,286,54
GPP,NIRv,EOS10,15,55,0.8111829827481245,2.6300144643893297,0.75775295242601,0.18329948160368226,-0.009334864287987478,322,56
GPP,NIRv,EOS50,15,55,4.61183468905961,2.501880654266855,0.06527833440420089,0.22047988949057243,0.09401163040477092,322,56
GPP,NIRv,EOS90,15,55,7.515910187743217,2.8869490859402895,0.009230167839571106,0.19393005313747938,0.15816463907235362,322,56
GPP,EVI,EOS10,15,60,3.2456452540515865,2.979190728841593,0.27596053544626964,0.16917583483178444,0.034240706832928215,317,56
GPP,EVI,EOS50,15,60,5.1855019652546295,2.587160976648869,0.045035648945435554,0.2276181948098962,0.09018930002696465,317,56
GPP,EVI,EOS90,15,60,7.821224103757385,2.895919075448639,0.006917824523185024,0.20628660236333876,0.14727507495887926,317,56
GPP,NDVI,EOS10,15,60,1.8794502781703188,4.223356479942188,0.6563100615556043,0.17629169282939283,0.011485748706063207,286,54
GPP,NDVI,EOS50,15,60,6.184787107304687,4.269117576353819,0.1474137581061172,0.26073274180469763,0.06386249593473686,286,54
GPP,NDVI,EOS90,15,60,7.932310023298613,4.896441328461225,0.10522898349545104,0.22808069113540147,0.09487248794706094,286,54
GPP,NIRv,EOS10,15,60,2.5888570326272067,2.6620001877373474,0.3307903117756278,0.18551666633514868,0.03818440841937766,322,56
GPP,NIRv,EOS50,15,60,6.143267516747236,2.5327241815480694,0.015284904482432863,0.21889174152143887,0.13580326986702795,322,56
GPP,NIRv,EOS90,15,60,8.232620172109343,2.9326779081247643,0.0049973846889774486,0.18680399275103587,0.17711494920424886,322,56
GPP,EVI,EOS10,15,65,3.251180890448504,2.93445555360949,0.2678906427389074,0.1657786626304636,0.03839107488496283,318,56
GPP,EVI,EOS50,15,65,5.764380441322104,2.5382553503374043,0.023146917353571016,0.2249552839110479,0.11037685155953225,318,56
GPP,EVI,EOS90,15,65,9.045667112272886,2.837929139390276,0.001435490340178131,0.20826377387797226,0.18116082105241,318,56
GPP,NDVI,EOS10,15,65,0.6229496253543884,4.1864271069733885,0.8817097029898218,0.17082538536104125,-0.00860168957578677,287,54
GPP,NDVI,EOS50,15,65,5.254555994414586,4.225877330814865,0.21371174411913374,0.2609713381600955,0.0474779760486969,287,54
GPP,NDVI,EOS90,15,65,7.367601711674272,4.841100255241856,0.12803769900275203,0.23257926656531092,0.08277564381321503,287,54
GPP,NIRv,EOS10,15,65,3.443598950812928,2.6023535309480175,0.18574782806863377,0.18261532624105142,0.06725916297639715,323,56
GPP,NIRv,EOS50,15,65,7.008492354522031,2.472191387091611,0.004583556369259129,0.2158136337824528,0.16643219969139889,323,56
GPP,NIRv,EOS90,15,65,9.094303902490697,2.8708705267324577,0.001536044614212313,0.18698501030560427,0.20339320647369905,323,56
GPP,EVI,EOS10,15,70,1.5656863542740957,2.9362026067498297,0.5938708320409369,0.14645902426849197,0.0011191565157652322,318,56
GPP,EVI,EOS50,15,70,4.971640164846777,2.538096015578836,0.05013539706935908,0.21010541249513484,0.09304771091473507,318,56
GPP,EVI,EOS90,15,70,9.204521333981704,2.8315603343795965,0.0011512581828057038,0.1989121032489342,0.18891194076680834,318,56
GPP,NDVI,EOS10,15,70,-0.07287336218310218,4.128361666355604,0.9859165654836417,0.16206776430776332,-0.019243226073318645,287,54
GPP,NDVI,EOS50,15,70,5.34658482085877,4.155194955137111,0.1981908616540855,0.25699898498454454,0.05403730142210625,287,54
GPP,NDVI,EOS90,15,70,7.753013320953791,4.765949974406332,0.10379001752974629,0.23377895949884592,0.08966207180550133,287,54
GPP,NIRv,EOS10,15,70,2.44067639894709,2.577784117659034,0.34373469205738094,0.16690851449463995,0.045067177860035515,323,56
GPP,NIRv,EOS50,15,70,6.769487363446014,2.4460591335909028,0.005648671980957691,0.20434705687339566,0.16484637936115623,323,56
GPP,NIRv,EOS90,15,70,9.398605321506766,2.8416352970448577,0.000941449445663328,0.17852780833642565,0.21547158238479178,323,56
GPP,EVI,EOS10,15,75,1.1354987591611498,2.9113100562187735,0.6965142369259514,0.14244312244526922,-0.006444256331105328,319,56
GPP,EVI,EOS50,15,75,5.016926950900294,2.503314804671293,0.045057905486769106,0.21048651260228868,0.0976287212225839,319,56
GPP,EVI,EOS90,15,75,9.204490231014356,2.790469233673327,0.0009718706641742611,0.20188072461702433,0.191734831884459,319,56
GPP,NDVI,EOS10,15,75,1.2732041542194608,4.091198012324391,0.7556442476669951,0.16634679450515466,0.004047062612496965,288,54
GPP,NDVI,EOS50,15,75,6.748296589495878,4.173805356592641,0.10591690231851066,0.26048794984869317,0.07247961555216653,288,54
GPP,NDVI,EOS90,15,75,9.781606589053629,4.641003425454812,0.03506135506569435,0.2550216468909597,0.11388246464663701,288,54
GPP,NIRv,EOS10,15,75,2.341158868190588,2.5443608545228003,0.35750151946083575,0.1667099676909966,0.04318923068873991,324,56
GPP,NIRv,EOS50,15,75,6.4699748410848645,2.4055987822612535,0.0071548727518485275,0.2057694554154063,0.15820462329591367,324,56
GPP,NIRv,EOS90,15,75,8.765580070678613,2.7924045996597973,0.0016947945372472394,0.17886106452237088,0.20152703920284776,324,56
GPP,EVI,EOS10,30,-75,-12.61222875664879,3.3451525569051594,0.00016305141264149925,-0.5127374280991608,-0.07621271861917507,315,56
GPP,EVI,EOS50,30,-75,-9.869314950844744,3.145187927672173,0.0017015742847432058,-0.5254120657874063,-0.06312447121957296,315,56
GPP,EVI,EOS90,30,-75,-11.50196345217027,3.4247030652988832,0.0007835859063307013,-0.5150173612947638,-0.07162660803987428,315,56
GPP,NDVI,EOS10,30,-75,-15.98486613526879,4.102222465124645,9.753820273614576e-05,-0.39322624814124524,-0.17296348095615816,283,54
GPP,NDVI,EOS50,30,-75,-8.319187977718522,4.368044096176281,0.05683770987305901,-0.34744414313511646,-0.044443933290763044,283,54
GPP,NDVI,EOS90,30,-75,-7.237898618613564,5.0171797572026655,0.1491267172060564,-0.29053191568638537,-0.020562862319276717,283,54
GPP,NIRv,EOS10,30,-75,-12.527605449501332,3.153159055519011,7.096316904863452e-05,-0.545514826068546,-0.09880450416834964,320,56
GPP,NIRv,EOS50,30,-75,-11.218082516791322,3.1412874217516817,0.0003553853195024988,-0.5478576495335078,-0.07759805322627099,320,56
GPP,NIRv,EOS90,30,-75,-13.861662555222326,3.4412386052037096,5.622877960014791e-05,-0.5422091264195972,-0.08164071387483307,320,56
GPP,EVI,EOS10,30,-70,-11.691071817136294,3.401993795496857,0.0005892055366401105,-0.49438966814606483,-0.05594486675023949,315,56
GPP,EVI,EOS50,30,-70,-9.061984931687494,3.201510312777149,0.004647032007190623,-0.5061896257995147,-0.04568914931815646,315,56
GPP,EVI,EOS90,30,-70,-11.216293898455753,3.4649843824083257,0.0012077637716796524,-0.5015093536303403,-0.065937758092204,315,56
GPP,NDVI,EOS10,30,-70,-13.680340830977746,4.171991073848755,0.001041418313134285,-0.3692969760176351,-0.13288666079702804,283,54
GPP,NDVI,EOS50,30,-70,-5.940360277307991,4.443990199615049,0.18131480805170386,-0.31905296152426454,-0.010303507640371471,283,54
GPP,NDVI,EOS90,30,-70,-5.192467258131594,5.082191135111954,0.3069236027651001,-0.2654357168258465,0.002621504360518251,283,54
GPP,NIRv,EOS10,30,-70,-11.496962391126035,3.207902388527853,0.0003384366465570738,-0.5232877211878552,-0.07817151168723543,320,56
GPP,NIRv,EOS50,30,-70,-10.799875895695198,3.177416994449114,0.0006764551726918625,-0.5313049538807648,-0.06996963492368727,320,56
GPP,NIRv,EOS90,30,-70,-14.194476282796705,3.444684117423818,3.7773898223233686e-05,-0.534213115001692,-0.08992615238134435,320,56
GPP,EVI,EOS10,30,-65,-10.985956111111324,3.4327210941999518,0.0013725425198876132,-0.46413230307618264,-0.049790445117560186,315,56
GPP,EVI,EOS50,30,-65,-8.802489940527678,3.2195873502518073,0.006256189242573316,-0.4748015735277976,-0.04830598489978599,315,56
GPP,EVI,EOS90,30,-65,-11.177068742911583,3.479635789070868,0.0013175128297862426,-0.47752046642016793,-0.0722301027604286,315,56
GPP,NDVI,EOS10,30,-65,-12.367497908846289,4.215571819561124,0.003348774319783735,-0.3387477325405718,-0.12204598254650101,283,54
GPP,NDVI,EOS50,30,-65,-4.608746133893894,4.480404073670925,0.30364643084729503,-0.28099200232438043,-0.0011017456083389707,283,54
GPP,NDVI,EOS90,30,-65,-3.9070717070831416,5.1111073153936895,0.44461244209542783,-0.23197503506796563,0.008959830404429131,283,54
GPP,NIRv,EOS10,30,-65,-11.02979689736555,3.2193125893412096,0.0006122378535981511,-0.48640383583227575,-0.08078691604667554,320,56
GPP,NIRv,EOS50,30,-65,-10.770156822312932,3.1759137838541767,0.0006958746011421172,-0.5000347689829667,-0.08049327167417697,320,56
GPP,NIRv,EOS90,30,-65,-14.516557976111253,3.430294513304833,2.3175709710114585e-05,-0.5133493552898889,-0.1080065551267801,320,56
GPP,EVI,EOS10,30,-60,-10.81045218959012,3.469022466244401,0.0018314705333849109,-0.41849877545286096,-0.06237546335503466,315,56
GPP,EVI,EOS50,30,-60,-8.295800599871406,3.2811432608629154,0.011460780145781215,-0.42275313662149105,-0.04775202492460162,315,56
GPP,EVI,EOS90,30,-60,-10.490157777879327,3.550215944165156,0.0031287759869505437,-0.4326719863048291,-0.06733565901669107,315,56
GPP,NDVI,EOS10,30,-60,-9.912802599439521,4.324991728025637,0.021906689767155884,-0.2867278849697288,-0.0867652185057472,283,54
GPP,NDVI,EOS50,30,-60,-3.6774385576573976,4.573971664658617,0.4214013514211917,-0.22519965829381583,-0.003514147441619174,283,54
GPP,NDVI,EOS90,30,-60,-2.9832045304575265,5.193598955364528,0.565696984819448,-0.18229949213485513,0.002974674864072352,283,54
GPP,NIRv,EOS10,30,-60,-10.133406664343859,3.2740824784681264,0.0019678829556737973,-0.43008918988053724,-0.07470801026071545,320,56
GPP,NIRv,EOS50,30,-60,-10.283080558182467,3.2211495384654008,0.0014111357181631737,-0.4476107154950304,-0.08251373193168336,320,56
GPP,NIRv,EOS90,30,-60,-14.221820183969506,3.469050339735606,4.1381254689659834e-05,-0.47177539958588216,-0.11717646345859623,320,56
GPP,EVI,EOS10,30,-55,-10.066715107897615,3.507627133567313,0.004105364824325009,-0.3662725000322842,-0.06599711654363093,315,56
GPP,EVI,EOS50,30,-55,-7.319169642683833,3.319669235926169,0.027468916403501076,-0.36502408313878143,-0.04142969863063821,315,56
GPP,EVI,EOS90,30,-55,-9.44732084440509,3.5985317973546853,0.008656591708086222,-0.38223705239101485,-0.059051353288298414,315,56
GPP,NDVI,EOS10,30,-55,-7.51674295905409,4.428607155677196,0.08963705437998473,-0.2346712777328028,-0.051977229458687144,283,54
GPP,NDVI,EOS50,30,-55,-2.5519135931965407,4.666067257827442,0.5844413383457439,-0.16836273163860854,-0.0024320975559787086,283,54
GPP,NDVI,EOS90,30,-55,-1.8351101794163442,5.280393197633305,0.7281910321413041,-0.1314009502062067,0.0010066056730690387,283,54
GPP,NIRv,EOS10,30,-55,-8.620498997246022,3.324236867729972,0.009508014123498538,-0.36712154064584734,-0.05803619863396886,320,56
GPP,NIRv,EOS50,30,-55,-9.407984774256212,3.255366882538283,0.003852514320910977,-0.38904398579762395,-0.07978268222126919,320,56
GPP,NIRv,EOS90,30,-55,-13.706672282448551,3.5072006409668033,9.30048900688657e-05,-0.42410500311307153,-0.12457431641801195,320,56
GPP,EVI,EOS10,30,-50,-8.694550625778948,3.6135087678207367,0.01612278562675343,-0.3073514312786232,-0.05158586928688694,316,56
GPP,EVI,EOS50,30,-50,-5.794230134606809,3.429120458258088,0.09108283489951091,-0.3016816818457356,-0.020941276518169766,316,56
GPP,EVI,EOS90,30,-50,-7.909381631585629,3.7167035242797164,0.03333180743898357,-0.3265449244153032,-0.03866858186297578,316,56
GPP,NDVI,EOS10,30,-50,-6.56214868220224,4.564395045236917,0.1505242973431658,-0.19126228030666337,-0.042414086089299724,284,54
GPP,NDVI,EOS50,30,-50,-2.0390031384692655,4.821690939630092,0.6723818358805078,-0.11657236856304055,-0.00793408423507673,284,54
GPP,NDVI,EOS90,30,-50,-0.43212425781424246,5.4304300547845745,0.9365756034991574,-0.0810700510646124,0.007563854976498918,284,54
GPP,NIRv,EOS10,30,-50,-6.598463488110439,3.449610194864687,0.05577183806420037,-0.29933673180058606,-0.025979655463781434,321,56
GPP,NIRv,EOS50,30,-50,-7.789913521399875,3.3728084418149633,0.020909075044910297,-0.3248859578978252,-0.05564368195933249,321,56
GPP,NIRv,EOS90,30,-50,-12.376077112317457,3.6294486762531024,0.0006498538524486014,-0.3695850821083063,-0.10847785115831518,321,56
GPP,EVI,EOS10,30,-45,-7.143216106504738,3.6968618097975527,0.053330162412436946,-0.2520187269451106,-0.03933967443145656,316,56
GPP,EVI,EOS50,30,-45,-4.724615513319384,3.4876954566504668,0.17552828512455376,-0.2438026468378094,-0.018540555616255436,316,56
GPP,EVI,EOS90,30,-45,-6.785911927064833,3.786729040315218,0.07312901143834302,-0.2741070603686996,-0.036752991287687706,316,56
GPP,NDVI,EOS10,30,-45,-5.80772131954356,4.687529590323296,0.2153555983272616,-0.15526959319949699,-0.0360897408414204,284,54
GPP,NDVI,EOS50,30,-45,-2.076624943874926,4.954867326624726,0.6751371440686602,-0.07713339523174342,-0.021297007459699827,284,54
GPP,NDVI,EOS90,30,-45,0.11983174595831382,5.565885729407377,0.9828231266857933,-0.04517728064289842,0.004288651422713265,284,54
GPP,NIRv,EOS10,30,-45,-4.763504324437052,3.529155486755849,0.17709375992619913,-0.23837223975126903,-0.003537233839424711,321,56
GPP,NIRv,EOS50,30,-45,-6.731627201290575,3.4396997648972802,0.05034286232126717,-0.26733262391132806,-0.049511771368391924,321,56
GPP,NIRv,EOS90,30,-45,-11.319036882133934,3.7181161562191436,0.0023322747565672915,-0.3190932655374674,-0.1027863097675209,321,56
GPP,EVI,EOS10,30,-40,-5.905493924584343,3.774201095434932,0.11765317709471146,-0.20513485826609823,-0.02778237917430281,316,56
GPP,EVI,EOS50,30,-40,-4.206960145179244,3.5445899796023284,0.2352797218886259,-0.1962309953648133,-0.021689930419681286,316,56
GPP,EVI,EOS90,30,-40,-5.959636312491457,3.857001489964279,0.12231058334245454,-0.23031321562997653,-0.03314542106772189,316,56
GPP,NDVI,EOS10,30,-40,-5.655550444885161,4.813492965743264,0.24001996631018985,-0.12671688199553668,-0.03909412926121546,284,54
GPP,NDVI,EOS50,30,-40,-2.912888725036574,5.100339254896213,0.5679205654672617,-0.04798404097351322,-0.044000500101989866,284,54
GPP,NDVI,EOS90,30,-40,-0.41209762222057494,5.71194286401532,0.9424851905061943,-0.02019979533767377,-0.01273367403199252,284,54
GPP,NIRv,EOS10,30,-40,-3.5412570683171096,3.5978320109867146,0.32498018619921987,-0.18742913290273686,0.008606051559059611,321,56
GPP,NIRv,EOS50,30,-40,-6.134903042560246,3.5029487653137945,0.07988496562522204,-0.2180328231179805,-0.05028184435456326,321,56
GPP,NIRv,EOS90,30,-40,-10.542953939717172,3.8025890097361237,0.00556151192636071,-0.2745137557788044,-0.10009105061289697,321,56
GPP,EVI,EOS10,30,-35,-4.7394733765828025,3.823336736496294,0.2151170741357632,-0.17296078781515006,-0.01409285476300181,317,56
GPP,EVI,EOS50,30,-35,-2.662466536267927,3.583754196647009,0.4575260837814644,-0.16225465140936607,0.0021667382189969123,317,56
GPP,EVI,EOS90,30,-35,-4.186222340751813,3.9091485562291473,0.2842241564424235,-0.19782719667093807,-0.005740941333357112,317,56
GPP,NDVI,EOS10,30,-35,-5.89114511976892,4.911468061957548,0.2303463094504491,-0.11169719750217971,-0.04975335430565227,285,54
GPP,NDVI,EOS50,30,-35,-3.88289379034273,5.216396117710683,0.4566567198607534,-0.032971060960790666,-0.06793260625281146,285,54
GPP,NDVI,EOS90,30,-35,-1.4066127203719585,5.828237553180661,0.8092881715613842,-0.008995447373117589,-0.03704274416315355,285,54
GPP,NIRv,EOS10,30,-35,-1.7553930975456278,3.646207184627888,0.6302110025234675,-0.15100402541684443,0.036337589988617164,322,56
GPP,NIRv,EOS50,30,-35,-4.405145081367435,3.546359259192286,0.2141775904433464,-0.18178150458184011,-0.02231183147431868,322,56
GPP,NIRv,EOS90,30,-35,-8.717823233422571,3.862218409189422,0.023995194899652836,-0.2399651459994085,-0.07052626065182238,322,56
GPP,EVI,EOS10,30,-30,-3.0471621565681337,3.9096312931892734,0.4357447976343197,-0.1424195658465514,0.011312360655992747,317,56
GPP,EVI,EOS50,30,-30,-0.9555752324847546,3.6669902550513416,0.7944099132023733,-0.13173382868442685,0.02878189690903661,317,56
GPP,EVI,EOS90,30,-30,-2.5778797566406806,4.000344810127439,0.5193067563377972,-0.1696097433647032,0.01782348031133634,317,56
GPP,NDVI,EOS10,30,-30,-5.567361730821051,5.032347078939297,0.26859014375906043,-0.098098910451316,-0.04585619801988525,285,54
GPP,NDVI,EOS50,30,-30,-3.1560189512612546,5.3549252806523535,0.5556147700613909,-0.016284720757112223,-0.06006796823406872,285,54
GPP,NDVI,EOS90,30,-30,-1.0180101930910752,5.971204943216571,0.8646275027722666,0.0030863510871400983,-0.0349460279512501,285,54
GPP,NIRv,EOS10,30,-30,0.465292921330997,3.7409148361745106,0.9010148453124448,-0.1167821743561063,0.0720187665083374,322,56
GPP,NIRv,EOS50,30,-30,-2.6058294039400898,3.6336499143541388,0.4732887855990142,-0.1490305600682466,0.006147498646517535,322,56
GPP,NIRv,EOS90,30,-30,-7.088937652978638,3.9572883994173225,0.07323515825161493,-0.20916795830054147,-0.04648443127000183,322,56
GPP,EVI,EOS10,30,-25,-1.994797107108773,3.9782147029594985,0.6160683701391267,-0.1201370291709255,0.025110089195954907,317,56
GPP,EVI,EOS50,30,-25,0.40890270294755293,3.74000063266356,0.9129389641264151,-0.10910531713951512,0.05027274870142491,317,56
GPP,EVI,EOS90,30,-25,-0.9001226680078391,4.08771093348779,0.8257137352445358,-0.14764325721189964,0.04541128218044917,317,56
GPP,NDVI,EOS10,30,-25,-4.770100767840958,5.131080975683377,0.3525532046253613,-0.0836014385012046,-0.03422463250007848,284,54
GPP,NDVI,EOS50,30,-25,-2.0509097016226345,5.465271276404776,0.7074654783108336,-0.0004068097309652217,-0.047448581170976084,284,54
GPP,NDVI,EOS90,30,-25,-0.46079052472513976,6.087341136629653,0.9396605466983121,0.014338709234360047,-0.03237821470810674,284,54
GPP,NIRv,EOS10,30,-25,1.9854498485094056,3.8212820007367543,0.6033585032527815,-0.09241753601411726,0.0958907392309649,322,56
GPP,NIRv,EOS50,30,-25,-0.9603322401218743,3.7133946190946188,0.7959338274384946,-0.12406410316781911,0.03378304081761834,322,56
GPP,NIRv,EOS90,30,-25,-5.144696565880217,4.048868909183074,0.2038530776322759,-0.18375731995121705,-0.012399542960729135,322,56
GPP,EVI,EOS10,30,-20,-1.4858243250593395,4.035588195257205,0.7127387518673293,-0.10120860212873406,0.03000978422198431,316,56
GPP,EVI,EOS50,30,-20,0.9648805991257738,3.798291036678316,0.7994722335910031,-0.08867577039095031,0.05436716700746512,316,56
GPP,EVI,EOS90,30,-20,-0.19907576630575993,4.151375520876842,0.9617527678190392,-0.12743488591317184,0.04989165946696484,316,56
GPP,NDVI,EOS10,30,-20,-3.3987561102062633,5.208142015271482,0.5140237651417333,-0.06624688284146184,-0.009025225381844878,283,54
GPP,NDVI,EOS50,30,-20,-0.9194174066135752,5.529694623689926,0.8679451738768983,0.014238347371527068,-0.032373640165063465,283,54
GPP,NDVI,EOS90,30,-20,-0.26696167347727834,6.1420126228011895,0.965330981575869,0.022055950459226654,-0.033027331224694326,283,54
GPP,NIRv,EOS10,30,-20,3.569902240403401,3.9021575923083893,0.3602685832631447,-0.07080119648536559,0.12408165168907537,321,56
GPP,NIRv,EOS50,30,-20,-0.05238256548352606,3.7743952148653697,0.9889269945998272,-0.10204565736564743,0.045994431352370344,321,56
GPP,NIRv,EOS90,30,-20,-4.471919883148573,4.11250127188774,0.27686157500988373,-0.16210233571538674,-0.008481546297379454,321,56
GPP,EVI,EOS10,30,-15,-1.1899767233923142,4.053290304958225,0.7690766438649028,-0.08650850638466082,0.029267680977202868,317,56
GPP,EVI,EOS50,30,-15,1.3333004774255286,3.8126572725715686,0.7265610525150259,-0.07218654364196878,0.055107661103968565,317,56
GPP,EVI,EOS90,30,-15,0.626345089421593,4.173890651915052,0.880715187725925,-0.10959390577858061,0.058133857269152864,317,56
GPP,NDVI,EOS10,30,-15,-1.8410155633153682,5.229108608944408,0.7247852937325683,-0.048278295295984826,0.015567039469859927,284,54
GPP,NDVI,EOS50,30,-15,0.8959645852067732,5.5226371787282424,0.8711208640935801,0.03196905766118741,-0.006192262791901347,284,54
GPP,NDVI,EOS90,30,-15,0.7560948325009414,6.142937893423718,0.9020409078850703,0.03511423842681004,-0.021166617761323878,284,54
GPP,NIRv,EOS10,30,-15,4.261701157255957,3.9209654662078535,0.27708057887387183,-0.05595216031018069,0.1329383744932663,322,56
GPP,NIRv,EOS50,30,-15,0.3867355205434516,3.7868864507490825,0.9186575117520062,-0.08582157483147765,0.049164603099298355,322,56
GPP,NIRv,EOS90,30,-15,-3.931333899015284,4.131564013220576,0.34133210653841706,-0.1446762720134938,-0.005515155637684968,322,56
GPP,EVI,EOS10,30,-10,-2.0885799801296216,4.016499648795139,0.6030635468507834,-0.07617519096102572,-0.0005999892812104321,317,56
GPP,EVI,EOS50,30,-10,0.6081457340406851,3.7751679149401696,0.8720216953620461,-0.05784440163045647,0.03143351461926312,317,56
GPP,EVI,EOS90,30,-10,0.9830266305315342,4.141749484070206,0.8123885738394799,-0.09233772935833179,0.056043145839070115,317,56
GPP,NDVI,EOS10,30,-10,-0.9552427623804043,5.1899010125174065,0.853967960420667,-0.0337331236936991,0.024910436593716116,284,54
GPP,NDVI,EOS50,30,-10,2.0525148806811937,5.461099667390227,0.7070337817143271,0.046907462891271436,0.007793836414884403,284,54
GPP,NDVI,EOS90,30,-10,1.5388698038957487,6.082617208927453,0.8002723230311501,0.04609023620401842,-0.012168124444060402,284,54
GPP,NIRv,EOS10,30,-10,3.0285518728351386,3.8527236937996485,0.43182018995873417,-0.04513910708735827,0.10078506053364947,322,56
GPP,NIRv,EOS50,30,-10,-0.34137320223228995,3.7441752156874735,0.9273539580243777,-0.07153746041753861,0.025520991972568553,322,56
GPP,NIRv,EOS90,30,-10,-3.578786689538679,4.103800751821008,0.38317216266139664,-0.12732483242896075,-0.009294910088723539,322,56
GPP,EVI,EOS10,30,-5,-2.138337074416993,3.9658629904303986,0.5897586461098543,-0.056305574480240025,-0.017777244254313974,315,56
GPP,EVI,EOS50,30,-5,0.3346417645970769,3.7132617893691657,0.928191297178306,-0.03416233189247803,0.013171871050186447,315,56
GPP,EVI,EOS90,30,-5,1.4230053827577782,4.103615579811737,0.7287651039712506,-0.06737378575669495,0.05310362063215908,315,56
GPP,NDVI,EOS10,30,-5,-0.3325523333737536,5.151296901025601,0.9485267131101338,-0.019095976356545363,0.029458031223498417,283,54
GPP,NDVI,EOS50,30,-5,2.6741931013797213,5.40597648199889,0.620830637261301,0.060784143446776705,0.013221625860829506,283,54
GPP,NDVI,EOS90,30,-5,1.8710779818226995,6.027569271519157,0.7562415960309112,0.055659860886689144,-0.009678437642556256,283,54
GPP,NIRv,EOS10,30,-5,2.233188466696566,3.78205991792644,0.5548763819448315,-0.026362651731023548,0.07385078841427767,320,56
GPP,NIRv,EOS50,30,-5,-0.4350062574486299,3.686863930773871,0.9060770465902545,-0.04857662648898104,0.01269275790930257,320,56
GPP,NIRv,EOS90,30,-5,-2.6506521296407395,4.071190874711021,0.5149978309938271,-0.10214256751143476,-0.0029535727654938747,320,56
GPP,EVI,EOS10,30,0,-1.2250390317653217,3.920536060775346,0.7546854660215485,-0.036518148770766354,-0.007790954621264841,315,56
GPP,EVI,EOS50,30,0,0.846253686637061,3.655207030397,0.8169108167770882,-0.011377630354771014,0.015173188496814642,315,56
GPP,EVI,EOS90,30,0,2.395886963933017,4.0450046132435675,0.553644629344335,-0.04279008296546415,0.0635332643877912,315,56
GPP,NDVI,EOS10,30,0,0.38092723786000665,5.077045660528976,0.9401913908029536,0.0020062562959320754,0.029831320205287067,283,54
GPP,NDVI,EOS50,30,0,3.2401982439446098,5.310655571006689,0.5417747022946249,0.07952650066757531,0.017976292135661966,283,54
GPP,NDVI,EOS90,30,0,2.418985168757488,5.934489901619714,0.6835565892001287,0.07044048721872968,-0.0018918296306306426,283,54
GPP,NIRv,EOS10,30,0,2.502526561149841,3.7136020972087462,0.5003868584417783,-0.008710752672941927,0.07195738389264833,320,56
GPP,NIRv,EOS50,30,0,-0.0803398665123405,3.6209654024918434,0.9822984555208425,-0.027629531436284764,0.012693335757919418,320,56
GPP,NIRv,EOS90,30,0,-1.8689986793585778,4.013655440577057,0.6414589083839977,-0.07962045139877164,0.0042925055957290376,320,56
GPP,EVI,EOS10,30,5,-0.38654681100392324,3.84839467694704,0.9199921166539512,-0.013286194169424156,-0.001681376115177071,315,56
GPP,EVI,EOS50,30,5,0.784976094933069,3.5682682526584055,0.825880522544812,0.015492542146238599,0.002359337160209099,315,56
GPP,EVI,EOS90,30,5,2.3405261843469187,3.9425473739756867,0.5527406429532878,-0.01458249679768648,0.04928525468965323,315,56
GPP,NDVI,EOS10,30,5,0.31735329014224467,4.99153979955187,0.9493060626657062,0.02200229566730412,0.018818175296459662,283,54
GPP,NDVI,EOS50,30,5,2.814410975991942,5.215091773533895,0.5894269605907407,0.09702103169000884,0.008889173734826464,283,54
GPP,NDVI,EOS90,30,5,1.9822204185046093,5.841170032765901,0.7343435827378972,0.08316651351159379,-0.00637747437578777,283,54
GPP,NIRv,EOS10,30,5,2.3014031024549415,3.6138003673752586,0.5242307850189627,0.012238807773764286,0.05753211256052653,320,56
GPP,NIRv,EOS50,30,5,-0.04036131335474292,3.527226678873079,0.9908701739503962,-0.0017633837244937223,0.0034077937080726163,320,56
GPP,NIRv,EOS90,30,5,-1.2350231087632386,3.926420284557318,0.7531096121127293,-0.051335558505667345,0.004482351379370385,320,56
GPP,EVI,EOS10,30,10,0.5796569978047774,3.7573384209153255,0.8773942486962701,0.015232953378227776,0.005579547321367076,315,56
GPP,EVI,EOS50,30,10,1.2412547939183192,3.462939245284923,0.7200143101227229,0.0482639620112356,0.0012153150659159756,315,56
GPP,EVI,EOS90,30,10,2.882089603224031,3.8270249727023713,0.4513965606793996,0.019101967642793323,0.04868034752997748,315,56
GPP,NDVI,EOS10,30,10,0.7799341052820469,4.89333377112156,0.8733639296841509,0.047282770263394315,0.01567301362375817,283,54
GPP,NDVI,EOS50,30,10,3.3971014946855584,5.094442322309741,0.5048839227617363,0.12217720471773827,0.01416602763070745,283,54
GPP,NDVI,EOS90,30,10,2.726548978729203,5.719436983544123,0.6335641365888478,0.10354288523952396,0.005357675112381874,283,54
GPP,NIRv,EOS10,30,10,2.5233986521965805,3.5036421409838794,0.4713885837046884,0.03901969897592257,0.0519335795433727,320,56
GPP,NIRv,EOS50,30,10,0.4699569262250815,3.4191756366983053,0.8906771379036872,0.030030941760753757,0.004456465636556814,320,56
GPP,NIRv,EOS90,30,10,-0.13541932114973187,3.8241695411631826,0.9717516687023582,-0.01741886751504592,0.01514055161392562,320,56
GPP,EVI,EOS10,30,15,1.1334145813413707,3.649714016203625,0.7561435985003138,0.046304336198975185,0.0036576604005626213,315,56
GPP,EVI,EOS50,30,15,2.004054183858722,3.3488398694132533,0.5495514715191369,0.08718841025683713,0.00679331614476609,315,56
GPP,EVI,EOS90,30,15,4.131040424542985,3.7003949782873904,0.2642602648029646,0.06061253657343996,0.06336561259175004,315,56
GPP,NDVI,EOS10,30,15,1.9031261667063135,4.768230689737577,0.689800160786354,0.08004061462582301,0.02487895070028217,283,54
GPP,NDVI,EOS50,30,15,4.309475322963552,4.9465379750081935,0.38363928294439886,0.15315144249692253,0.024570207471886103,283,54
GPP,NDVI,EOS90,30,15,3.6959078251812363,5.5661868019653795,0.5066949348147831,0.1288987105266967,0.01918467598957757,283,54
GPP,NIRv,EOS10,30,15,2.600856368763096,3.3824120014584205,0.44193165339898166,0.07040865603537144,0.0430222288612626,320,56
GPP,NIRv,EOS50,30,15,1.547515673844838,3.2993389051820152,0.6390423980342308,0.06958527684782077,0.01804865436512713,320,56
GPP,NIRv,EOS90,30,15,1.7380907956362386,3.705605861871949,0.6390384558431135,0.025103172350077224,0.042600057146725906,320,56
GPP,EVI,EOS10,30,20,1.4696813979472583,3.556185834840363,0.6794054125561682,0.0750587199354217,0.0005228970313987044,315,56
GPP,EVI,EOS50,30,20,2.534779235380385,3.243895216645686,0.4345673593803068,0.12230825379951803,0.011178180254897724,315,56
GPP,EVI,EOS90,30,20,5.1517101827062,3.5838642549125024,0.15058347449045847,0.09854182279526705,0.07645338082812439,315,56
GPP,NDVI,EOS10,30,20,2.1514522593851235,4.679075169248347,0.6456577126276883,0.10770388525250721,0.019097733292078416,283,54
GPP,NDVI,EOS50,30,20,4.577931706160024,4.841646077266986,0.3443872988498399,0.1809463882688674,0.023469106962094505,283,54
GPP,NDVI,EOS90,30,20,3.8695184714509296,5.461446295745675,0.4786252903310517,0.15132433655809405,0.01737175367712468,283,54
GPP,NIRv,EOS10,30,20,2.968955040472462,3.2696369201810502,0.36385806917936514,0.10072607608298814,0.04439872168058573,320,56
GPP,NIRv,EOS50,30,20,2.6941989495384657,3.181946817135503,0.39715454773551173,0.10668427879467188,0.03764666591898405,320,56
GPP,NIRv,EOS90,30,20,3.4874312183864324,3.5912637320593963,0.3315047219037033,0.06546172692234417,0.07052151726423625,320,56
GPP,EVI,EOS10,30,25,1.5352374018793586,3.4190524126450965,0.6534141724788911,0.09924800663590884,-0.00264097189394249,315,56
GPP,EVI,EOS50,30,25,2.9382462373297535,3.0861383853292477,0.34105713366380874,0.15222672849839325,0.01929013779707979,315,56
GPP,EVI,EOS90,30,25,5.998827218884296,3.4150651947090704,0.07898982406124828,0.13144314126248835,0.09246558346373907,315,56
GPP,NDVI,EOS10,30,25,2.4809344547140166,4.543873995629848,0.5850690757836053,0.1329795053436745,0.01993078283818559,284,54
GPP,NDVI,EOS50,30,25,5.356712635260332,4.673140691842113,0.2516806500668062,0.20686979728350205,0.038415266695808525,284,54
GPP,NDVI,EOS90,30,25,4.894049753552752,5.291320359405913,0.3550073526487828,0.1735585559459295,0.03600845056795075,284,54
GPP,NIRv,EOS10,30,25,2.801857663427563,3.1197629058458007,0.36913247865404175,0.12561195280296025,0.03811877445192212,320,56
GPP,NIRv,EOS50,30,25,3.3989751128151875,3.0238674536444496,0.26099224970756063,0.1387821238148679,0.05221260934944723,320,56
GPP,NIRv,EOS90,30,25,4.773905169625561,3.4323210349458035,0.16426548665656515,0.10108025581566304,0.09320811022740184,320,56
GPP,EVI,EOS10,30,30,0.8053075844607038,3.3202180205635283,0.8083566547661135,0.12271646067587033,-0.026764060652490353,315,56
GPP,EVI,EOS50,30,30,2.5018870613360558,2.9705488337672907,0.3996589010028192,0.1819028812409088,0.005088739857487056,315,56
GPP,EVI,EOS90,30,30,6.339148705181545,3.2806865190365224,0.05332707043638471,0.16532994020051273,0.0952944125150069,315,56
GPP,NDVI,EOS10,30,30,2.0393302699316465,4.441547852954623,0.6461274922223107,0.15231853126897762,0.010321219123672315,284,54
GPP,NDVI,EOS50,30,30,5.23139278228236,4.544699353737514,0.24969206141143552,0.22803827077257885,0.038751122500417866,284,54
GPP,NDVI,EOS90,30,30,5.076809898290058,5.162051909968064,0.3253679102972147,0.19184879903025895,0.04112174999788727,284,54
GPP,NIRv,EOS10,30,30,1.7203786273420976,3.0042379571181135,0.5668813010924953,0.14925657355943645,0.008381363918007891,320,56
GPP,NIRv,EOS50,30,30,3.556165828003819,2.896883211610485,0.2196033853544137,0.17106928192831444,0.05345276124034716,320,56
GPP,NIRv,EOS90,30,30,6.033119646315387,3.2976020496721823,0.0673176275888042,0.13903090183474026,0.11555625550459445,320,56
GPP,EVI,EOS10,30,35,0.3735802771120771,3.2224181908242424,0.9077067070010072,0.13829901742269385,-0.039513935102425284,316,56
GPP,EVI,EOS50,30,35,2.382946169508008,2.8560379615068054,0.4040816346987871,0.20116448406145326,0.004279472916295763,316,56
GPP,EVI,EOS90,30,35,6.625668620775408,3.1571395588272457,0.035849506519037865,0.18654124655298154,0.10528952210812179,316,56
GPP,NDVI,EOS10,30,35,2.107061701185225,4.36380956550223,0.6292028556845528,0.16882136068902873,0.009407977198848609,285,54
GPP,NDVI,EOS50,30,35,5.482429123992284,4.453881040553874,0.21834792626736743,0.2464953515472016,0.04372202323454026,285,54
GPP,NDVI,EOS90,30,35,5.582528796481314,5.0835716976951675,0.2721386055824405,0.2086594514323842,0.04925709073428414,285,54
GPP,NIRv,EOS10,30,35,1.0260706997109077,2.901165065798129,0.7235821644647235,0.16408264996323704,-0.009348017633654896,321,56
GPP,NIRv,EOS50,30,35,3.699554601724274,2.7847236699521654,0.18400715010498436,0.1920268107262627,0.05902156054386099,321,56
GPP,NIRv,EOS90,30,35,6.630438646261483,3.1805251487663018,0.03709660153399987,0.16228462185796552,0.13063779219326294,321,56
GPP,EVI,EOS10,30,40,0.6311213024556479,3.1252708702323164,0.8399626043905183,0.15032880105296467,-0.03353236503151719,317,56
GPP,EVI,EOS50,30,40,2.9365001118330527,2.7466145105896254,0.285009103886542,0.2159284644253791,0.020201983628530516,317,56
GPP,EVI,EOS90,30,40,7.229300545768498,3.042349032642307,0.0174908760296185,0.20271481094242746,0.12084983384278299,317,56
GPP,NDVI,EOS10,30,40,2.4921465983551,4.305622933151855,0.5627159741126564,0.1801856703993329,0.015947847174278978,286,54
GPP,NDVI,EOS50,30,40,6.046476332723968,4.377604787921703,0.16720844495363307,0.2597295505074128,0.053234270208273725,286,54
GPP,NDVI,EOS90,30,40,6.399849109342496,5.007136391561377,0.20119810988363185,0.22134287276045744,0.06104627849567351,286,54
GPP,NIRv,EOS10,30,40,0.9798333381979643,2.8048492765613586,0.7268374731135457,0.1750740710589823,-0.009836299599735407,322,56
GPP,NIRv,EOS50,30,40,4.276167024044392,2.6818417513371915,0.11082656491881802,0.2074347449118485,0.07593684261074046,322,56
GPP,NIRv,EOS90,30,40,7.355478780157373,3.0737828899402606,0.016712481015784965,0.17929472753564396,0.14758486785023522,322,56
GPP,EVI,EOS10,30,45,1.3219122465552675,3.087562422608288,0.6685484249726643,0.16051328902861664,-0.016784917181554396,317,56
GPP,EVI,EOS50,30,45,3.7138189904169208,2.7012240728274715,0.16917323812804375,0.2248785363858853,0.042818312661484524,317,56
GPP,EVI,EOS90,30,45,7.9015218588627025,2.9986378751966503,0.00841281031800296,0.21042463476516937,0.13972745997879407,317,56
GPP,NDVI,EOS10,30,45,1.649145898390254,4.29749271005443,0.7011666699726892,0.17817010211808249,0.003066318339881361,286,54
GPP,NDVI,EOS50,30,45,5.756631680915474,4.359932026087306,0.18671853882812872,0.2616590519206571,0.050646819925643335,286,54
GPP,NDVI,EOS90,30,45,6.5700950876143365,4.987891073543085,0.18776857295383065,0.22474363100550876,0.06621789839710863,286,54
GPP,NIRv,EOS10,30,45,1.290263163434679,2.7681229602071764,0.6411333085534843,0.18275560832873491,-0.0008515756375399482,322,56
GPP,NIRv,EOS50,30,45,5.15245435692521,2.6395827855550116,0.0509387101976774,0.2177380021178364,0.10078063684857397,322,56
GPP,NIRv,EOS90,30,45,8.35865104138355,3.034140545337242,0.005871615307470653,0.19041847636239992,0.1718084283553507,322,56
GPP,EVI,EOS10,30,50,1.344008338130969,3.050322933666485,0.6594940445594455,0.15845726753228542,-0.012964760936375745,317,56
GPP,EVI,EOS50,30,50,4.067980237154676,2.658355549849275,0.12595191286571514,0.2224777277199299,0.056887432562458,317,56
GPP,EVI,EOS90,30,50,8.422229351706306,2.9554789836097703,0.004376044180499567,0.20890419442080305,0.15732165049182983,317,56
GPP,NDVI,EOS10,30,50,0.6888522158482705,4.2766213229743775,0.8720351707045951,0.17069250763368496,-0.009611068575085476,286,54
GPP,NDVI,EOS50,30,50,5.252854280831782,4.332039580816652,0.2252984106501199,0.25783775475674026,0.047112939651435065,286,54
GPP,NDVI,EOS90,30,50,6.786752635392081,4.955493984663762,0.17083019961125812,0.2250053072415349,0.074755747858108,286,54
GPP,NIRv,EOS10,30,50,1.37352021354756,2.72351460172664,0.6140372142040527,0.1782902415561646,0.006336212084251984,322,56
GPP,NIRv,EOS50,30,50,5.662082331775746,2.5932777908960647,0.029008647101279712,0.21565339199712,0.1200210460330205,322,56
GPP,NIRv,EOS90,30,50,8.914975560393783,2.990421319917369,0.002871426823612583,0.18977860669225388,0.18990615520269877,322,56
GPP,EVI,EOS10,30,55,1.4228608367400473,3.046719643709805,0.640489836118683,0.15746877560722392,-0.010159445667793972,317,56
GPP,EVI,EOS50,30,55,4.494292570756532,2.6512108884315717,0.09004035720923398,0.2226617268994335,0.06905318448980959,317,56
GPP,EVI,EOS90,30,55,8.764665634538424,2.9500020118268275,0.0029676309640085507,0.20945655237649347,0.16570071544151807,317,56
GPP,NDVI,EOS10,30,55,0.6362098692727911,4.264533367896229,0.8814066457792491,0.17074893049749507,-0.010026706189894971,286,54
GPP,NDVI,EOS50,30,55,5.770097922719603,4.31255270898696,0.18090381454002413,0.2610428774834397,0.05695355346674695,286,54
GPP,NDVI,EOS90,30,55,7.819405351454303,4.935098180836157,0.11309185641491924,0.23147951077701157,0.09087372959268578,286,54
GPP,NIRv,EOS10,30,55,1.7321521317830344,2.7037159085033053,0.5217461320801553,0.17838083295494184,0.017287167073678687,322,56
GPP,NIRv,EOS50,30,55,6.203732119995617,2.571759523194586,0.015854318103625576,0.21651140869237823,0.1365672495681122,322,56
GPP,NIRv,EOS90,30,55,9.210373038808203,2.9717301582909337,0.0019395871748549558,0.18978629926282364,0.1986238192969166,322,56
GPP,EVI,EOS10,30,60,2.4035416850009317,3.039030447249867,0.4290076284930723,0.15873176261695895,0.015679003123370828,318,56
GPP,EVI,EOS50,30,60,5.604272965462509,2.6415243627639815,0.03387086903715191,0.22302351789057479,0.10028077517154506,318,56
GPP,EVI,EOS90,30,60,9.294090147825383,2.94660069088723,0.0016095330363732952,0.2073984900931041,0.18028851280570385,318,56
GPP,NDVI,EOS10,30,60,1.859238606027916,4.261286284429879,0.6626123743719877,0.17910071593154234,0.01066587855668956,287,54
GPP,NDVI,EOS50,30,60,7.224985129917637,4.304641502219734,0.09326564623101044,0.2707394485243434,0.07822743799000748,287,54
GPP,NDVI,EOS90,30,60,9.588959112912477,4.927454186884892,0.05165149094949029,0.24432195955516534,0.11245409246780466,287,54
GPP,NIRv,EOS10,30,60,2.673630583658591,2.6917762699606924,0.32058382896396054,0.1793603733406013,0.043103542594106654,323,56
GPP,NIRv,EOS50,30,60,6.905045968365555,2.5597095213702836,0.006984347116935839,0.21613485698331775,0.1564557886628267,323,56
GPP,NIRv,EOS90,30,60,9.267343358428409,2.9640318013342215,0.0017684004131832284,0.18590807422621067,0.2016552127204149,323,56
GPP,EVI,EOS10,30,65,3.841491784003127,3.0110469798991444,0.2020264569175828,0.16180643431476152,0.05271264865850623,318,56
GPP,EVI,EOS50,30,65,7.2388836756957895,2.610227661593478,0.005549490412457448,0.22463660573233224,0.14624926511893935,318,56
GPP,EVI,EOS90,30,65,10.343862050658531,2.923095859000756,0.00040215323312625423,0.20596034175491212,0.20873033752356857,318,56
GPP,NDVI,EOS10,30,65,3.2766450842178885,4.234070951340733,0.4390042362530562,0.18659156150759393,0.03552258569815058,287,54
GPP,NDVI,EOS50,30,65,8.797632336054033,4.270863267909242,0.03940628624775155,0.2807860258061879,0.10232599969653766,287,54
GPP,NDVI,EOS90,30,65,10.953696812368046,4.894875500186373,0.02523484125560946,0.25528744680908877,0.1279074175927556,287,54
GPP,NIRv,EOS10,30,65,4.112086170705023,2.6632521339560644,0.1225860698641258,0.1830426440014642,0.08178823452770129,323,56
GPP,NIRv,EOS50,30,65,8.114576904902295,2.5297148356060823,0.0013379903678750053,0.21747544366007057,0.1906907887917177,323,56
GPP,NIRv,EOS90,30,65,9.854462533297214,2.9410002011158762,0.0008060231645747906,0.1836442689197168,0.2180835758876587,323,56
GPP,EVI,EOS10,30,70,3.737852999917029,3.01681050531448,0.21534245570370492,0.15889188333920182,0.05216672893100003,319,56
GPP,EVI,EOS50,30,70,7.274442038068375,2.608265702781621,0.00528717539576843,0.21921062872242253,0.1509886002749594,319,56
GPP,EVI,EOS90,30,70,10.379619453914854,2.9212595446781995,0.00038067404864701763,0.19830420016874536,0.21484673335493937,319,56
GPP,NDVI,EOS10,30,70,3.115073857442988,4.254354449760014,0.4640414078021101,0.1799695996088631,0.03251669975842489,288,54
GPP,NDVI,EOS50,30,70,8.863920479029588,4.355764382972147,0.04185225995717598,0.2741879712637718,0.09971745959453798,288,54
GPP,NDVI,EOS90,30,70,11.711158347701032,4.84685613152014,0.015681803992137023,0.26524270141745104,0.13692960947838795,288,54
GPP,NIRv,EOS10,30,70,2.9590498483988954,2.7037751290530965,0.27377336639194716,0.17424116244458504,0.05395208654096899,323,56
GPP,NIRv,EOS50,30,70,7.299428678929708,2.568820338469971,0.004489496237096721,0.2072624379526266,0.17214166940927106,323,56
GPP,NIRv,EOS90,30,70,9.420154895975136,2.993240656570745,0.0016487458526629885,0.17161035622080598,0.21305546357205335,323,56
GPP,EVI,EOS10,30,75,1.8891357133286295,3.0930777257635884,0.5413568593152704,0.14231441328950148,0.010923998324841953,318,56
GPP,EVI,EOS50,30,75,6.287922572292437,2.686365788258607,0.019248659207493413,0.211806804227185,0.12377873047404878,318,56
GPP,EVI,EOS90,30,75,10.055789457959005,3.0064832840682025,0.0008237114029232717,0.1976917265423327,0.20339920593681343,318,56
GPP,NDVI,EOS10,30,75,3.616974721435934,4.201134968849244,0.38926458931756625,0.18001508111971257,0.04540396419995682,288,54
GPP,NDVI,EOS50,30,75,9.607793585377687,4.292472969807148,0.025202236931431213,0.27549030061206436,0.11746366561264258,288,54
GPP,NDVI,EOS90,30,75,12.508970041638033,4.780736702390694,0.008882697776767999,0.26878524303290247,0.15179793742849895,288,54
GPP,NIRv,EOS10,30,75,0.6724997954637767,2.7562832526419343,0.8072401819488578,0.16188651738202642,-0.0033074951658822772,322,56
GPP,NIRv,EOS50,30,75,6.3639093526144155,2.6406162303029466,0.01595211918704349,0.20168629145372036,0.14597819628836609,322,56
GPP,NIRv,EOS90,30,75,9.771544061374255,3.076988720771296,0.0014948365253551592,0.17116798286901946,0.2194318175328931,322,56
