anchor,vi_index,target,carbon,metric,window,beta_days_per_sd,std_err,p_value,r_pooled,r_within_site,n_obs,n_sites
fixed,EVI,EOS10,GPP,cum,SOS_to_SOL,-10.230160110776545,3.3427847722987063,0.002210632917895892,-0.4711492086776463,-0.05048006195056037,279,55
fixed,EVI,EOS10,GPP,cum,SOL_to_EOS90,-4.436034120068047,2.7884613974440056,0.11164250535959205,-0.14973763417679628,-0.11166775466193359,228,31
fixed,EVI,EOS10,GPP,cum,SOL_to_EOS10,3.3599237826779786,4.0105260626322945,0.4021563381680332,0.19216930172559493,-0.0021484385875493867,293,41
fixed,EVI,EOS10,GPP,cum,SOS_to_EOS90,-3.2502383352074613,3.576723879342678,0.3634982673361824,-0.08062108931742502,-0.049197069935598775,290,41
fixed,EVI,EOS10,GPP,cum,SOS_to_EOS50,-3.354358348991141,3.9217679917892494,0.3923751826200981,-0.11443031452655775,-0.03671325132849798,290,41
fixed,EVI,EOS10,GPP,cum,SOS_to_EOS10,-2.49143005566728,4.04500630871479,0.5379424632825148,-0.12929812511820907,-0.005171192654917958,288,41
fixed,EVI,EOS10,GPP,cum,EOS90_to_EOS50,-1.3273490465384685,3.824422219138941,0.7285373897641061,-0.1750690657179828,0.03673404770488308,295,41
fixed,EVI,EOS10,GPP,mean,SOS_to_SOL,-5.84297578992959,3.577953497346591,0.10245854991592851,-0.2511216401802659,-0.004756778464467017,279,55
fixed,EVI,EOS10,GPP,mean,SOL_to_EOS90,-10.194990596379668,2.5103867553495056,4.883713127452795e-05,-0.40400773382242006,-0.09675156386439625,228,31
fixed,EVI,EOS10,GPP,mean,SOL_to_EOS10,-0.3755466107019291,3.943332123290258,0.9241274903465403,-0.02799854488052378,0.029573206791025007,293,41
fixed,EVI,EOS10,GPP,mean,SOS_to_EOS90,-7.641736556924822,3.6703746867453555,0.0373420601213975,-0.27043353035914375,-0.07082738390652756,290,41
fixed,EVI,EOS10,GPP,mean,SOS_to_EOS50,-7.0804368335487355,3.920384501856252,0.0709094779299325,-0.298434455937438,-0.03327755397592454,290,41
fixed,EVI,EOS10,GPP,mean,SOS_to_EOS10,-5.823607033324776,4.023982593685659,0.14783399863822294,-0.2615327599107956,-0.00990534880786887,288,41
fixed,EVI,EOS10,GPP,mean,EOS90_to_EOS50,-2.989183271249191,3.775935301430056,0.42857033089555396,-0.36584993223703616,0.06927589666517996,295,41
fixed,EVI,EOS10,NEP,cum,SOS_to_SOL,-5.202477851006237,2.6393415717660544,0.04870933307129359,-0.23630771906142495,-0.08258222403060018,283,56
fixed,EVI,EOS10,NEP,cum,SOL_to_EOS90,-5.662486875942118,2.6209535434886244,0.030736440088898108,-0.17205225396164145,-0.16350152018450376,236,32
fixed,EVI,EOS10,NEP,cum,SOL_to_EOS10,1.1110197892653126,3.1483764940159418,0.7241734778234451,0.09574859054371627,-0.020059771193980558,300,42
fixed,EVI,EOS10,NEP,cum,SOS_to_EOS90,-4.320411647744416,2.9968772785849502,0.14940457136651888,-0.031006515155579263,-0.10654672441127994,294,42
fixed,EVI,EOS10,NEP,cum,SOS_to_EOS50,-3.5333764505991585,2.9513103231632485,0.23121966701059216,-0.07024114267990071,-0.08024562870688624,297,42
fixed,EVI,EOS10,NEP,cum,SOS_to_EOS10,-1.2003666266599953,2.924524863439249,0.6814770290100776,-0.0550793071899848,-0.026762292781627256,293,42
fixed,EVI,EOS10,NEP,cum,EOS90_to_EOS50,1.371286413831617,2.647616681328474,0.6045054479807972,-0.13271043491623405,0.05013139848800279,303,42
fixed,EVI,EOS10,NEP,mean,SOS_to_SOL,-1.076951162480734,2.7471442232425014,0.6950392179285689,-0.09663866832845472,0.00260979666674465,283,56
fixed,EVI,EOS10,NEP,mean,SOL_to_EOS90,-8.122496941770219,2.552131364803911,0.001459425814714745,-0.29249446773146953,-0.19847410785450229,236,32
fixed,EVI,EOS10,NEP,mean,SOL_to_EOS10,1.8516596694996472,3.1335734080326856,0.5545807665956797,0.06497971748855036,0.005417020297673613,300,42
fixed,EVI,EOS10,NEP,mean,SOS_to_EOS90,-3.4047808340442156,3.0707539468570215,0.2675264672481893,-0.11833667902514747,-0.05551636397840075,294,42
fixed,EVI,EOS10,NEP,mean,SOS_to_EOS50,-2.7147972295923832,3.082849874015354,0.3785273983175782,-0.15935046815717063,-0.02947569693625124,297,42
fixed,EVI,EOS10,NEP,mean,SOS_to_EOS10,-0.4779500261600013,3.049751220732838,0.8754673293065853,-0.11266685812485751,0.01156340707378762,293,42
fixed,EVI,EOS10,NEP,mean,EOS90_to_EOS50,1.3097857772169426,2.6896368319109807,0.6262760789734527,-0.23877667267043315,0.06562136462054276,303,42
fixed,EVI,EOS50,GPP,cum,SOS_to_SOL,-12.956554988272169,2.822679615214234,4.429034169121717e-06,-0.5082998292930325,-0.1832745596821148,279,55
fixed,EVI,EOS50,GPP,cum,SOL_to_EOS90,-1.0896218747845297,2.971522213214721,0.7138516738930094,-0.019063692372457378,-0.07813970162897325,228,31
fixed,EVI,EOS50,GPP,cum,SOL_to_EOS10,7.074180270295055,3.5521498393704416,0.046423661426302165,0.23628412046918346,0.08432490615260968,293,41
fixed,EVI,EOS50,GPP,cum,SOS_to_EOS90,-7.367379656188536,3.1489669691620863,0.019303474972396147,-0.05463444385133692,-0.1658358244726726,290,41
fixed,EVI,EOS50,GPP,cum,SOS_to_EOS50,-5.530918447473108,3.513644080122153,0.11545832633228872,-0.0970424499906318,-0.10191504635300173,290,41
fixed,EVI,EOS50,GPP,cum,SOS_to_EOS10,-3.7273579026875256,3.6404661798915114,0.30589748693393926,-0.12411842290214642,-0.04315296219208986,288,41
fixed,EVI,EOS50,GPP,cum,EOS90_to_EOS50,6.28916524843429,3.650287521022629,0.0849024047812593,-0.18296494402374908,0.19161809733222385,295,41
fixed,EVI,EOS50,GPP,mean,SOS_to_SOL,-2.097123263040533,3.2431467503419134,0.5178699839901884,-0.22365519984867394,0.0371020524887254,279,55
fixed,EVI,EOS50,GPP,mean,SOL_to_EOS90,-8.541795969928804,2.802695113142473,0.0023059397329663577,-0.3493721776185986,-0.06220123712213163,228,31
fixed,EVI,EOS50,GPP,mean,SOL_to_EOS10,4.613023068742416,3.56499938956349,0.19567376722184748,0.00340369377788146,0.11751300832379238,293,41
fixed,EVI,EOS50,GPP,mean,SOS_to_EOS90,-4.936440780169485,3.2855469730515203,0.1329753757806112,-0.2528956701111943,-0.04881153647026705,290,41
fixed,EVI,EOS50,GPP,mean,SOS_to_EOS50,-3.1048901218230434,3.5842090534648032,0.38634252002789804,-0.2821035658499249,0.014555750107505854,290,41
fixed,EVI,EOS50,GPP,mean,SOS_to_EOS10,-1.7194098719075968,3.710037910477443,0.6430432366611728,-0.24237192643731464,0.04459107538901129,288,41
fixed,EVI,EOS50,GPP,mean,EOS90_to_EOS50,5.811914720280944,3.42852167979116,0.09004386073896449,-0.3489058917426496,0.20780630226541674,295,41
fixed,EVI,EOS50,NEP,cum,SOS_to_SOL,-7.696949366275426,2.197815589223861,0.00046162257688371166,-0.2760042585896039,-0.19339317694338098,283,56
fixed,EVI,EOS50,NEP,cum,SOL_to_EOS90,-3.681132766909049,2.7689080291775383,0.18369860012459527,-0.08167043685844891,-0.14397756595589456,236,32
fixed,EVI,EOS50,NEP,cum,SOL_to_EOS10,2.335650228479694,2.73479372135673,0.39307735681902956,0.14550702637453122,0.008740398901867341,300,42
fixed,EVI,EOS50,NEP,cum,SOS_to_EOS90,-7.506405670689922,2.5684907954256735,0.0034723738881084327,-0.023527133269398474,-0.20619480040045846,294,42
fixed,EVI,EOS50,NEP,cum,SOS_to_EOS50,-5.181095047601733,2.5467030570906757,0.04190802443147551,-0.06158418738367856,-0.14116654528629885,297,42
fixed,EVI,EOS50,NEP,cum,SOS_to_EOS10,-2.8994255036205367,2.526604220196029,0.2511509756062059,-0.04174485613131733,-0.08580489123802314,293,42
fixed,EVI,EOS50,NEP,cum,EOS90_to_EOS50,3.1212378580376026,2.2697999369947857,0.1690955328126994,-0.1262844736523017,0.1010337803575875,303,42
fixed,EVI,EOS50,NEP,mean,SOS_to_SOL,-0.686264445243921,2.339563007928597,0.7692697850931189,-0.07923929169776593,-0.009288486198632054,283,56
fixed,EVI,EOS50,NEP,mean,SOL_to_EOS90,-6.635922110239227,2.6574516682569134,0.012521370062888483,-0.25038412385293946,-0.15258103567794984,236,32
fixed,EVI,EOS50,NEP,mean,SOL_to_EOS10,3.650299970229084,2.723035989580716,0.18007446560378204,0.11137112247932401,0.04906299279785349,300,42
fixed,EVI,EOS50,NEP,mean,SOS_to_EOS90,-4.333254769892244,2.65817280979109,0.10306706684202224,-0.12021581541764187,-0.09795524660076854,294,42
fixed,EVI,EOS50,NEP,mean,SOS_to_EOS50,-2.928853671153128,2.676006842399507,0.27374161454103685,-0.15392918064105343,-0.056243513979220575,297,42
fixed,EVI,EOS50,NEP,mean,SOS_to_EOS10,-1.1500678151696582,2.6424178703386323,0.663393213211879,-0.09297370138140244,-0.024388120099197108,293,42
fixed,EVI,EOS50,NEP,mean,EOS90_to_EOS50,2.9174180164257715,2.2905971895936945,0.2027876531457682,-0.22753989586722967,0.10471878186599679,303,42
fixed,EVI,EOS90,GPP,cum,SOS_to_SOL,-16.042529008876095,3.0399728416905076,1.3117638917054404e-07,-0.5118449903964171,-0.21618753201090224,279,55
fixed,EVI,EOS90,GPP,cum,SOL_to_EOS90,1.7402620419714965,3.3559575719729593,0.6040682983633721,0.020367403476951457,0.004100333148797597,228,31
fixed,EVI,EOS90,GPP,cum,SOL_to_EOS10,10.713925865797329,3.8550171629368704,0.005449025712515796,0.19243920304327905,0.1692357941175277,293,41
fixed,EVI,EOS90,GPP,cum,SOS_to_EOS90,-9.207406618749419,3.4599059929759046,0.007786905631727201,-0.08357545084329142,-0.18954905134186717,290,41
fixed,EVI,EOS90,GPP,cum,SOS_to_EOS50,-6.351239724545676,3.790200708855859,0.09379694932766135,-0.1343212961889767,-0.09408269214122325,290,41
fixed,EVI,EOS90,GPP,cum,SOS_to_EOS10,-4.974729823306925,3.9420486193165116,0.20696115833365192,-0.16976450331851162,-0.031881410848283664,288,41
fixed,EVI,EOS90,GPP,cum,EOS90_to_EOS50,10.515794071572657,4.388052684053589,0.01655428647979462,-0.2311838286378708,0.2947440475653466,295,41
fixed,EVI,EOS90,GPP,mean,SOS_to_SOL,-3.0851332572187307,3.5335269276557524,0.3826068931944506,-0.22907135134660103,0.030380964971310178,279,55
fixed,EVI,EOS90,GPP,mean,SOL_to_EOS90,-8.865993937785456,3.2237633696929926,0.005955890505026633,-0.3375766114913503,0.017426330079177647,228,31
fixed,EVI,EOS90,GPP,mean,SOL_to_EOS10,7.569604521210253,3.9965909243582995,0.058222973670157684,-0.02507773070615915,0.19023096269760442,293,41
fixed,EVI,EOS90,GPP,mean,SOS_to_EOS90,-3.3423518218289487,3.6251360445561045,0.3565319730323031,-0.26458418765864977,0.01094871971053152,290,41
fixed,EVI,EOS90,GPP,mean,SOS_to_EOS50,-0.9040721845516378,3.9884472916329696,0.8206782435467276,-0.289517626383431,0.08731036578280697,290,41
fixed,EVI,EOS90,GPP,mean,SOS_to_EOS10,0.32773755980604474,4.169726710828383,0.9373513521307597,-0.2564159334731147,0.11800305389103169,288,41
fixed,EVI,EOS90,GPP,mean,EOS90_to_EOS50,10.316867179274107,3.9895346209180076,0.009710182751385493,-0.3409589261203423,0.29275511481856137,295,41
fixed,EVI,EOS90,NEP,cum,SOS_to_SOL,-9.412126096885634,2.4680952113537065,0.000137002411377862,-0.3151385241464844,-0.2002229407985959,283,56
fixed,EVI,EOS90,NEP,cum,SOL_to_EOS90,-2.278740875857201,3.1196529823776094,0.4651170543317511,-0.06273947126639418,-0.0847256321327789,236,32
fixed,EVI,EOS90,NEP,cum,SOL_to_EOS10,4.081606530391515,2.996954488022539,0.1732237366691297,0.13133725648339944,0.04570879575735894,300,42
fixed,EVI,EOS90,NEP,cum,SOS_to_EOS90,-8.685880687323483,2.857483654543124,0.0023681731494728715,-0.06969414053327219,-0.21140078794912642,294,42
fixed,EVI,EOS90,NEP,cum,SOS_to_EOS50,-5.382766587747123,2.825693793266063,0.05678835613897451,-0.09863744897100393,-0.12661273501532128,297,42
fixed,EVI,EOS90,NEP,cum,SOS_to_EOS10,-3.9267202221122215,2.816179104776724,0.16321398743198223,-0.08035422261479302,-0.09622843538396939,293,42
fixed,EVI,EOS90,NEP,cum,EOS90_to_EOS50,4.038573351661402,2.537164890860316,0.11143724432789084,-0.13278961923669005,0.1301188174074304,303,42
fixed,EVI,EOS90,NEP,mean,SOS_to_SOL,-2.141351326193082,2.6197988862276578,0.4137156383881013,-0.11149179988334522,-0.03954214033251119,283,56
fixed,EVI,EOS90,NEP,mean,SOL_to_EOS90,-6.8166961074168,2.991860124725386,0.022701920805815654,-0.2581228363794792,-0.07995564860890424,236,32
fixed,EVI,EOS90,NEP,mean,SOL_to_EOS10,5.166307160215712,2.985178558776205,0.08351373655636588,0.09528237195685887,0.08254400126914284,300,42
fixed,EVI,EOS90,NEP,mean,SOS_to_EOS90,-5.583772417191624,2.9378497584096683,0.0573501794854531,-0.16338313611952232,-0.10509405704310526,294,42
fixed,EVI,EOS90,NEP,mean,SOS_to_EOS50,-3.1941962050166737,2.9593818058313137,0.28043362065648403,-0.17719089997923765,-0.045869784802117494,297,42
fixed,EVI,EOS90,NEP,mean,SOS_to_EOS10,-1.8777043911588618,2.935820950146631,0.522443024151565,-0.11644862148956599,-0.031735119921696114,293,42
fixed,EVI,EOS90,NEP,mean,EOS90_to_EOS50,3.905377965486023,2.563747198182063,0.1276815350776813,-0.2077500763736786,0.13053699572196714,303,42
fixed,NDVI,EOS10,GPP,cum,SOS_to_SOL,-15.726892230451245,4.205219869192631,0.0001841299785904764,-0.33833383653640525,-0.17881874600861114,222,52
fixed,NDVI,EOS10,GPP,cum,SOL_to_EOS90,-2.3095512511607397,3.3092344362334276,0.4852328289469944,-0.09998241066027166,0.03934143490891918,202,30
fixed,NDVI,EOS10,GPP,cum,SOL_to_EOS10,9.258897485472604,5.2004530618629445,0.07501018044690008,0.24455657556048155,0.08399196079749835,253,35
fixed,NDVI,EOS10,GPP,cum,SOS_to_EOS90,-6.768766424028924,4.746356428527263,0.153840237590077,-0.02487327502697831,-0.13361891133791623,244,35
fixed,NDVI,EOS10,GPP,cum,SOS_to_EOS50,-4.652725365963212,4.798008872029206,0.3321860575143686,-0.03397862176516242,-0.08540584646571653,245,35
fixed,NDVI,EOS10,GPP,cum,SOS_to_EOS10,-3.6612586381514007,4.830866545679961,0.44851768104883305,-0.04789295828258378,-0.05902604748810106,243,35
fixed,NDVI,EOS10,GPP,cum,EOS90_to_EOS50,6.57695424945342,4.733289343085652,0.1646776339869318,-0.06420367770061723,0.1807258883064366,253,34
fixed,NDVI,EOS10,GPP,mean,SOS_to_SOL,-2.115276682011469,4.378369017171426,0.6290106893297935,-0.09491441119519912,0.03566157830616432,222,52
fixed,NDVI,EOS10,GPP,mean,SOL_to_EOS90,-10.22148612248986,2.573345050259374,7.125316367108052e-05,-0.3257228528588874,0.07521413062219107,202,30
fixed,NDVI,EOS10,GPP,mean,SOL_to_EOS10,2.9937547316191337,5.235592798199692,0.5674519423885277,0.05529350872452892,0.07063608295666346,253,35
fixed,NDVI,EOS10,GPP,mean,SOS_to_EOS90,-3.275846497278885,4.388847930883093,0.45542438801088936,-0.14394593073051387,-0.01715609448371114,244,35
fixed,NDVI,EOS10,GPP,mean,SOS_to_EOS50,-2.313789247172633,4.5375931958890225,0.6101106401804856,-0.16517591601128234,0.015618391910967897,245,35
fixed,NDVI,EOS10,GPP,mean,SOS_to_EOS10,-0.7859112501197164,4.723331897291188,0.8678507002270367,-0.13080406092019192,0.03770223316381362,243,35
fixed,NDVI,EOS10,GPP,mean,EOS90_to_EOS50,5.113647560963183,4.942323018479392,0.30082548934278786,-0.13913221885832155,0.1720415110526775,253,34
fixed,NDVI,EOS10,NEP,cum,SOS_to_SOL,-4.813027062338641,3.726071223345835,0.19645539859119177,-0.11715965210876259,-0.02132873907329373,225,53
fixed,NDVI,EOS10,NEP,cum,SOL_to_EOS90,-3.4665062055024816,3.135077557583506,0.2688493535669726,-0.1772021396492472,0.08169041086398246,208,31
fixed,NDVI,EOS10,NEP,cum,SOL_to_EOS10,6.102972713217661,4.488318518106367,0.17391034689876572,0.08370441594584146,0.1143090767518866,258,36
fixed,NDVI,EOS10,NEP,cum,SOS_to_EOS90,-1.2322706117978668,3.8030308378073476,0.7459203922731062,-0.014491919867991386,-0.02146856836803736,249,36
fixed,NDVI,EOS10,NEP,cum,SOS_to_EOS50,0.30670115674166465,3.917022650775496,0.9375897661033717,-0.023817945629736194,0.019637399376671673,250,36
fixed,NDVI,EOS10,NEP,cum,SOS_to_EOS10,1.593067988745289,3.9108802447061977,0.6837564047588338,-0.03263029560219879,0.052492115174842896,248,36
fixed,NDVI,EOS10,NEP,cum,EOS90_to_EOS50,6.801987338434055,4.129161991668071,0.09949546305693613,-0.04336312376003629,0.15711356098863508,260,35
fixed,NDVI,EOS10,NEP,mean,SOS_to_SOL,2.9548563159679313,3.6976267386301664,0.4242194481618038,0.04434022473561876,0.07705905501040504,225,53
fixed,NDVI,EOS10,NEP,mean,SOL_to_EOS90,-7.401241315796181,2.9834226774266512,0.013109205126440785,-0.29075704811914327,0.06907959911517042,208,31
fixed,NDVI,EOS10,NEP,mean,SOL_to_EOS10,4.62157809740545,4.62004189720539,0.317149620284607,0.024301973816175028,0.1103857489095865,258,36
fixed,NDVI,EOS10,NEP,mean,SOS_to_EOS90,0.19254424513359564,3.9295556189336995,0.9609201031381158,-0.09727914896944491,0.040022511393202176,249,36
fixed,NDVI,EOS10,NEP,mean,SOS_to_EOS50,1.3189332891087453,4.090145571759053,0.7470996158762238,-0.11039794408988396,0.07441027345327925,250,36
fixed,NDVI,EOS10,NEP,mean,SOS_to_EOS10,2.400369480488454,4.097916427950859,0.5580410792776372,-0.09028151385568182,0.09330811047173107,248,36
fixed,NDVI,EOS10,NEP,mean,EOS90_to_EOS50,7.193746787005064,4.4071747180727385,0.10262034065932574,-0.07328426701923572,0.17564326854704307,260,35
fixed,NDVI,EOS50,GPP,cum,SOS_to_SOL,-18.079369127327926,3.9898144537724023,5.859936301561131e-06,-0.339762209686596,-0.2813376824620252,222,52
fixed,NDVI,EOS50,GPP,cum,SOL_to_EOS90,5.110602178505656,3.9967559386927918,0.20100709511084547,0.10631155236635731,0.06163940019888994,202,30
fixed,NDVI,EOS50,GPP,cum,SOL_to_EOS10,15.08133449880289,5.293498303937825,0.004385277058215542,0.3239344340438324,0.14767555373464938,253,35
fixed,NDVI,EOS50,GPP,cum,SOS_to_EOS90,-9.831138768282528,4.562377056696827,0.031175280158699907,0.040551127298925786,-0.20282880271844475,244,35
fixed,NDVI,EOS50,GPP,cum,SOS_to_EOS50,-5.5088612421801635,4.610999237769335,0.2321957478420994,0.024316076335345653,-0.11566020527970558,245,35
fixed,NDVI,EOS50,GPP,cum,SOS_to_EOS10,-3.833593881550588,4.642495219050281,0.4089393897169171,-0.004943008073716629,-0.07312991054452378,243,35
fixed,NDVI,EOS50,GPP,cum,EOS90_to_EOS50,13.361747196664467,4.8287536080211115,0.005655369989243151,-0.05657655180161625,0.2780370128927382,253,34
fixed,NDVI,EOS50,GPP,mean,SOS_to_SOL,13.080857742714644,4.192131030414894,0.0018064480221208097,0.03991036238126381,0.3086287721944767,222,52
fixed,NDVI,EOS50,GPP,mean,SOL_to_EOS90,-5.691437430860966,3.908363413449899,0.1453317798293854,-0.19499512942596994,0.09802276276698574,202,30
fixed,NDVI,EOS50,GPP,mean,SOL_to_EOS10,9.797580437077094,5.446238122735616,0.07202454637371349,0.12803245060631202,0.14801030043311875,253,35
fixed,NDVI,EOS50,GPP,mean,SOS_to_EOS90,10.908400922388374,4.1833763597361635,0.009119033816276876,-0.05277957754441305,0.2278401897434009,244,35
fixed,NDVI,EOS50,GPP,mean,SOS_to_EOS50,13.02466159311132,4.384241062113943,0.0029703435501913433,-0.07969643753218403,0.2640005643247617,245,35
fixed,NDVI,EOS50,GPP,mean,SOS_to_EOS10,13.7682788234666,4.623959325843099,0.0029051946072612723,-0.04130228420605379,0.26435805025649756,243,35
fixed,NDVI,EOS50,GPP,mean,EOS90_to_EOS50,12.229103213430905,4.972398476522175,0.013917052295549888,-0.11623477184513523,0.25746437860939025,253,34
fixed,NDVI,EOS50,NEP,cum,SOS_to_SOL,-5.567819052503459,3.4131662054113816,0.10283191362006891,-0.08323300209921781,-0.08536809482470878,225,53
fixed,NDVI,EOS50,NEP,cum,SOL_to_EOS90,0.29921211942892467,3.7669659352153393,0.9366901819721972,-0.04264594930791055,0.06574368659592192,208,31
fixed,NDVI,EOS50,NEP,cum,SOL_to_EOS10,7.899349469895014,4.483609281762842,0.07809832109990457,0.13931780472454128,0.11411843402448213,258,36
fixed,NDVI,EOS50,NEP,cum,SOS_to_EOS90,-1.7321618701994586,3.469694617791123,0.617620158689832,0.05475322496327699,-0.05429268557776633,249,36
fixed,NDVI,EOS50,NEP,cum,SOS_to_EOS50,0.5839475464649418,3.581716444932172,0.8704903484498396,0.039699585187656206,0.0013869906122129516,250,36
fixed,NDVI,EOS50,NEP,cum,SOS_to_EOS10,1.4712267853002987,3.56287037134344,0.6796556954794817,0.018516628284304854,0.026438717583909435,248,36
fixed,NDVI,EOS50,NEP,cum,EOS90_to_EOS50,9.577379946970925,4.04654029909185,0.017942286117900788,-0.03906905861133503,0.19648946871675327,260,35
fixed,NDVI,EOS50,NEP,mean,SOS_to_SOL,9.159587554989074,3.2903216560915274,0.005372664857459471,0.15660870604509988,0.20911688473269963,225,53
fixed,NDVI,EOS50,NEP,mean,SOL_to_EOS90,-3.7325119323771596,3.8280158951795387,0.32953480644326427,-0.1738197719911543,0.05495201466027995,208,31
fixed,NDVI,EOS50,NEP,mean,SOL_to_EOS10,6.373713535278614,4.6277573420545615,0.16842596981678615,0.07547557937421824,0.10362648215356579,258,36
fixed,NDVI,EOS50,NEP,mean,SOS_to_EOS90,6.917505123106859,3.5716904443107196,0.05277475818141196,-0.018065304100093504,0.15825309810605498,249,36
fixed,NDVI,EOS50,NEP,mean,SOS_to_EOS50,8.517399288014067,3.721907026820435,0.02211131070115891,-0.03735646668537353,0.18897447390878883,250,36
fixed,NDVI,EOS50,NEP,mean,SOS_to_EOS10,8.208369335564917,3.72614343433397,0.027600890177809773,-0.018099463405512647,0.18003048851892475,248,36
fixed,NDVI,EOS50,NEP,mean,EOS90_to_EOS50,8.508082044634099,4.314571090816342,0.0486162782968672,-0.08064623564364738,0.1827794192258797,260,35
fixed,NDVI,EOS90,GPP,cum,SOS_to_SOL,-23.420096495978054,4.822376237671867,1.194504829497452e-06,-0.3163930352505149,-0.3727598341707225,222,52
fixed,NDVI,EOS90,GPP,cum,SOL_to_EOS90,8.644798000025524,4.770656278554035,0.06997425165234258,0.15340826956210693,0.08166865262160823,202,30
fixed,NDVI,EOS90,GPP,cum,SOL_to_EOS10,16.40021211885289,5.77003981784534,0.004478864286817735,0.3022887163992076,0.15793354170880813,253,35
fixed,NDVI,EOS90,GPP,cum,SOS_to_EOS90,-10.77379510750207,5.25642308585628,0.040399200720397245,0.04144878842190704,-0.20696440947701877,244,35
fixed,NDVI,EOS90,GPP,cum,SOS_to_EOS50,-6.4117210425966205,5.2333399633359345,0.22051190080123717,0.018739296456339857,-0.11959784443864267,245,35
fixed,NDVI,EOS90,GPP,cum,SOS_to_EOS10,-5.332780963379366,5.2532152680944515,0.3100361918859673,-0.014981858681997457,-0.08382888129670318,243,35
fixed,NDVI,EOS90,GPP,cum,EOS90_to_EOS50,12.471977069978148,5.569653683145455,0.025138135685325184,-0.08414122063153748,0.274811733987011,253,34
fixed,NDVI,EOS90,GPP,mean,SOS_to_SOL,17.09380537613686,5.059698059472703,0.000729025795432492,0.09283476081226727,0.3495887181787495,222,52
fixed,NDVI,EOS90,GPP,mean,SOL_to_EOS90,-4.609916320898477,4.860422329408837,0.34289531030246845,-0.1520715587574088,0.10613340575107211,202,30
fixed,NDVI,EOS90,GPP,mean,SOL_to_EOS10,10.685408300197217,5.95833327789897,0.07291613726857857,0.12310317853341324,0.15894999776331714,253,35
fixed,NDVI,EOS90,GPP,mean,SOS_to_EOS90,13.072487934187967,4.885328965893766,0.007453633698582341,-0.035625166709337505,0.25218883292113,244,35
fixed,NDVI,EOS90,GPP,mean,SOS_to_EOS50,15.516778282432396,5.145128943799069,0.0025628608833223113,-0.059133008863931094,0.2874916405714921,245,35
fixed,NDVI,EOS90,GPP,mean,SOS_to_EOS10,15.879059863752266,5.408493346965407,0.003325291404651441,-0.02307072541530883,0.2827527366239734,243,35
fixed,NDVI,EOS90,GPP,mean,EOS90_to_EOS50,12.325386760800955,5.650293527249911,0.02915598263022361,-0.11038898038399608,0.25989548044535976,253,34
fixed,NDVI,EOS90,NEP,cum,SOS_to_SOL,-6.518454390118816,4.109947537893674,0.11273502683741722,-0.05760989486317969,-0.11648379025378805,225,53
fixed,NDVI,EOS90,NEP,cum,SOL_to_EOS90,1.101250268676109,4.458931939544467,0.8049266081636159,-0.007542041304366396,0.04897231677803689,208,31
fixed,NDVI,EOS90,NEP,cum,SOL_to_EOS10,7.699159904473686,4.9524830071444095,0.12003992880027581,0.13379103520134628,0.09617713091149839,258,36
fixed,NDVI,EOS90,NEP,cum,SOS_to_EOS90,-2.6893198897019635,4.019539403132885,0.5034561165532104,0.05638678349058697,-0.07249899628001781,249,36
fixed,NDVI,EOS90,NEP,cum,SOS_to_EOS50,-0.05259507124250017,4.1333037967739275,0.9898474283689936,0.04305785829388917,-0.01718881297042281,250,36
fixed,NDVI,EOS90,NEP,cum,SOS_to_EOS10,0.5239886336158269,4.1180579162536,0.8987491125926498,0.021165398587973023,0.0007362388719612811,248,36
fixed,NDVI,EOS90,NEP,cum,EOS90_to_EOS50,11.161529878694772,4.555483937333964,0.014280446998649422,-0.03036622556879135,0.21160223612445264,260,35
fixed,NDVI,EOS90,NEP,mean,SOS_to_SOL,11.863575889479677,3.9946439989742872,0.002979251853653269,0.1915417752376456,0.21417312448204257,225,53
fixed,NDVI,EOS90,NEP,mean,SOL_to_EOS90,-3.0048622454091114,4.577602218242851,0.5115493449898099,-0.12858824461240864,0.045055005202777845,208,31
fixed,NDVI,EOS90,NEP,mean,SOL_to_EOS10,6.660755083880047,5.09213627319839,0.19085726785158885,0.07907606102442707,0.09574110575357914,258,36
fixed,NDVI,EOS90,NEP,mean,SOS_to_EOS90,7.4341665081052675,4.144592357441843,0.07286063390137464,-0.007885087957080986,0.15739280471604886,249,36
fixed,NDVI,EOS90,NEP,mean,SOS_to_EOS50,9.637951927992809,4.309053692751249,0.025307600339246655,-0.018703681827935567,0.18949216830238705,250,36
fixed,NDVI,EOS90,NEP,mean,SOS_to_EOS10,8.993828638387312,4.310272764279382,0.036924024185318,-0.0004541850091753924,0.1742148108800181,248,36
fixed,NDVI,EOS90,NEP,mean,EOS90_to_EOS50,9.910602083340674,4.838897980837708,0.04054908584176616,-0.06555918093971246,0.19724871635608263,260,35
fixed,NIRv,EOS10,GPP,cum,SOS_to_SOL,-13.064964064541668,2.961722918756451,1.0276533868483944e-05,-0.53863427089335,-0.14991349571720428,293,56
fixed,NIRv,EOS10,GPP,cum,SOL_to_EOS90,-1.438243341977685,2.980763513119934,0.629444854463515,0.024143366005469603,-0.10698342696076986,244,34
fixed,NIRv,EOS10,GPP,cum,SOL_to_EOS10,4.697165193056754,3.54173231992831,0.18476225934750268,0.1295709357238088,0.06065570964430625,285,40
fixed,NIRv,EOS10,GPP,cum,SOS_to_EOS90,-6.323271906679794,3.230322684362189,0.05029179332910348,-0.09532316982913874,-0.11509250247608421,294,41
fixed,NIRv,EOS10,GPP,cum,SOS_to_EOS50,-5.908369602479415,3.6334303728424904,0.10392554652208136,-0.12348604651149972,-0.08905454131534227,294,41
fixed,NIRv,EOS10,GPP,cum,SOS_to_EOS10,-3.207026959132961,3.812364453397114,0.40022620650910556,-0.14386092533332667,-0.016453245452448917,293,41
fixed,NIRv,EOS10,GPP,cum,EOS90_to_EOS50,1.3865716821182423,3.648218546159147,0.7038948258068192,-0.15428716784116916,0.0735501535952968,300,41
fixed,NIRv,EOS10,GPP,mean,SOS_to_SOL,-3.0548628383516117,3.4465423920999503,0.37542582922584744,-0.2645141140446431,0.04118440182091603,293,56
fixed,NIRv,EOS10,GPP,mean,SOL_to_EOS90,-8.721276561926432,2.9091423330492048,0.0027185950126512553,-0.4116386435118537,0.002848905874128357,244,34
fixed,NIRv,EOS10,GPP,mean,SOL_to_EOS10,1.6554305239403289,3.716896439497964,0.6560453209991242,-0.19751708577988386,0.1456616765175345,285,40
fixed,NIRv,EOS10,GPP,mean,SOS_to_EOS90,-6.521227899219751,3.383313604297782,0.05392136200060688,-0.26927169418420926,-0.06504152517824659,294,41
fixed,NIRv,EOS10,GPP,mean,SOS_to_EOS50,-6.714939688911932,3.6830841817640105,0.06827554653189581,-0.30871875989374536,-0.040068157102140546,294,41
fixed,NIRv,EOS10,GPP,mean,SOS_to_EOS10,-4.019242035894277,3.90667265075719,0.30356678358506206,-0.29485611279655194,0.031004997534501817,293,41
fixed,NIRv,EOS10,GPP,mean,EOS90_to_EOS50,0.149934270007959,3.4209075207852484,0.9650408704149159,-0.36639373683357923,0.10134064252330657,300,41
fixed,NIRv,EOS10,NEP,cum,SOS_to_SOL,-6.457840748253303,2.2926081959186515,0.004850327190470999,-0.2788696418311841,-0.141553442089203,297,57
fixed,NIRv,EOS10,NEP,cum,SOL_to_EOS90,-2.6117518949184726,2.624624107057456,0.31968977148806166,-0.06881806583607111,-0.09774829282488498,252,35
fixed,NIRv,EOS10,NEP,cum,SOL_to_EOS10,2.9309454017754186,2.8478610062639387,0.30339776942829244,0.08152387567872094,0.033696980943405765,292,41
fixed,NIRv,EOS10,NEP,cum,SOS_to_EOS90,-4.819635156396631,2.599030992353939,0.06368239022911812,-0.03138458624428682,-0.12356013591845286,299,42
fixed,NIRv,EOS10,NEP,cum,SOS_to_EOS50,-3.517987640295304,2.740784575416506,0.19929260770527868,-0.05732425083783206,-0.08488675444325222,301,42
fixed,NIRv,EOS10,NEP,cum,SOS_to_EOS10,-0.8636360222895225,2.677504673843965,0.7470341163953326,-0.053084581474093825,-0.020140938747826256,298,42
fixed,NIRv,EOS10,NEP,cum,EOS90_to_EOS50,2.8277419088953732,2.4889365419279814,0.25590444174384763,-0.10386839040503755,0.07965450302756738,308,42
fixed,NIRv,EOS10,NEP,mean,SOS_to_SOL,-0.18019052851137463,2.4950005565400755,0.9424263224233136,-0.08800851998308444,0.01211303886456749,297,57
fixed,NIRv,EOS10,NEP,mean,SOL_to_EOS90,-3.989781794388716,2.673149396752403,0.1355576986294278,-0.27213989195953237,-0.0326801901123219,252,35
fixed,NIRv,EOS10,NEP,mean,SOL_to_EOS10,4.388990694586122,2.8232513810351665,0.12004439433170609,-0.01148057255996801,0.09249790649868786,292,41
fixed,NIRv,EOS10,NEP,mean,SOS_to_EOS90,-1.4890990816867296,2.8305269973723983,0.598828834458627,-0.09281626490511335,-0.017848119371783763,299,42
fixed,NIRv,EOS10,NEP,mean,SOS_to_EOS50,-1.6104550724912667,2.892632043406892,0.5777024590281334,-0.1474316314289702,-0.012099900558844339,301,42
fixed,NIRv,EOS10,NEP,mean,SOS_to_EOS10,-0.00958785010013034,2.834972816114492,0.9973015674296897,-0.1256343688967997,0.02205827735979235,298,42
fixed,NIRv,EOS10,NEP,mean,EOS90_to_EOS50,2.4537216349206203,2.4727189855609515,0.3210428047056352,-0.21827024871784606,0.08362949635877191,308,42
fixed,NIRv,EOS50,GPP,cum,SOS_to_SOL,-17.709482662712396,2.7247873596151253,8.06410434205629e-11,-0.5582896271111557,-0.29583053127596154,293,56
fixed,NIRv,EOS50,GPP,cum,SOL_to_EOS90,0.7060213935036871,3.164290554205987,0.823440911436206,0.10011922624357165,-0.07668443569479642,244,34
fixed,NIRv,EOS50,GPP,cum,SOL_to_EOS10,7.155403376426518,3.396611447982675,0.035149669260042204,0.15403038013529863,0.11626953751299605,285,40
fixed,NIRv,EOS50,GPP,cum,SOS_to_EOS90,-9.138169750211446,3.0462471694275632,0.0027014601820806606,-0.07954456358594689,-0.19630497807035452,294,41
fixed,NIRv,EOS50,GPP,cum,SOS_to_EOS50,-7.257919285363707,3.458734715368324,0.035867009155449964,-0.11526813950550246,-0.13037003138310202,294,41
fixed,NIRv,EOS50,GPP,cum,SOS_to_EOS10,-4.411995001572199,3.6163376122398874,0.22245825890898663,-0.14708629249810878,-0.04961800440354125,293,41
fixed,NIRv,EOS50,GPP,cum,EOS90_to_EOS50,7.037106202136664,3.587285649838487,0.04979976186476369,-0.16749797754880918,0.19301639896157718,300,41
fixed,NIRv,EOS50,GPP,mean,SOS_to_SOL,-0.9398869949412758,3.40562275520432,0.7825626998230066,-0.25845481969075046,0.07919556421177584,293,56
fixed,NIRv,EOS50,GPP,mean,SOL_to_EOS90,-7.779878283066368,3.2169335729899315,0.01558831533470101,-0.39935492210526136,0.030438285927173136,244,34
fixed,NIRv,EOS50,GPP,mean,SOL_to_EOS10,4.1315843740174145,3.530328095656011,0.24187554392946187,-0.16884423143733968,0.16721596510885722,285,40
fixed,NIRv,EOS50,GPP,mean,SOS_to_EOS90,-4.286392385192236,3.2316844546983092,0.18471890465504137,-0.26122396544513365,-0.031459465025394706,294,41
fixed,NIRv,EOS50,GPP,mean,SOS_to_EOS50,-3.123116962771607,3.5694749266673904,0.3816003685469985,-0.29754353206306644,0.018632463108515775,294,41
fixed,NIRv,EOS50,GPP,mean,SOS_to_EOS10,-1.018013378517144,3.7759655957979663,0.7874653404225341,-0.28312506698575013,0.07359184567891533,293,41
fixed,NIRv,EOS50,GPP,mean,EOS90_to_EOS50,6.297277145845243,3.25552684861125,0.0530720424626977,-0.3523310521941707,0.21290794872642088,300,41
fixed,NIRv,EOS50,NEP,cum,SOS_to_SOL,-9.628966207217841,2.1607659303713596,8.339621916895994e-06,-0.31278335807958885,-0.24720880213861018,297,57
fixed,NIRv,EOS50,NEP,cum,SOL_to_EOS90,-2.0753804678996732,2.79680843681864,0.4580551429313868,-0.022707163261519385,-0.09862585735190876,252,35
fixed,NIRv,EOS50,NEP,cum,SOL_to_EOS10,3.3790256011258526,2.698354075920399,0.21047720112759172,0.10743363874461107,0.04442808445024318,292,41
fixed,NIRv,EOS50,NEP,cum,SOS_to_EOS90,-6.834023814438955,2.4300000853737505,0.00491801334141651,-0.03201689389980412,-0.18855982819101724,299,42
fixed,NIRv,EOS50,NEP,cum,SOS_to_EOS50,-4.9672963241413335,2.5796403287081615,0.054157201304444014,-0.058014867882808734,-0.1315679424672567,301,42
fixed,NIRv,EOS50,NEP,cum,SOS_to_EOS10,-2.243696347603777,2.5105054978225296,0.3714701498018588,-0.05413502840133662,-0.06373249609704962,298,42
fixed,NIRv,EOS50,NEP,cum,EOS90_to_EOS50,3.989654648243726,2.3276948649377935,0.08652985811586512,-0.09953703936487877,0.11539338064491556,308,42
fixed,NIRv,EOS50,NEP,mean,SOS_to_SOL,-0.6488981026736274,2.408694151622098,0.7876231964600036,-0.09304157841248896,-0.004948066144380703,297,57
fixed,NIRv,EOS50,NEP,mean,SOL_to_EOS90,-2.9171051548264755,2.8625807754597843,0.3081805206976581,-0.26984290498218483,0.008791047817000741,252,35
fixed,NIRv,EOS50,NEP,mean,SOL_to_EOS10,4.206797419815583,2.6749581622533207,0.11579776433311713,0.00475460495155923,0.08571857064921892,292,41
fixed,NIRv,EOS50,NEP,mean,SOS_to_EOS90,-2.9491305926916147,2.6631518716335827,0.2681281319654697,-0.10648317203411195,-0.06009886170460188,299,42
fixed,NIRv,EOS50,NEP,mean,SOS_to_EOS50,-2.4437524800261587,2.725897405049743,0.3699886285636942,-0.15057079146966415,-0.04155736771149148,301,42
fixed,NIRv,EOS50,NEP,mean,SOS_to_EOS10,-0.9533832246101126,2.658135319082994,0.7198448362334774,-0.12086901973246696,-0.011358723565047836,298,42
fixed,NIRv,EOS50,NEP,mean,EOS90_to_EOS50,3.9105325968092908,2.3048531149152938,0.08976255871743737,-0.20301239694912496,0.12378854608238624,308,42
fixed,NIRv,EOS90,GPP,cum,SOS_to_SOL,-20.44804668848463,3.057351400608191,2.2599835036022688e-11,-0.5540330501395341,-0.29230888815791173,293,56
fixed,NIRv,EOS90,GPP,cum,SOL_to_EOS90,3.8584828048642343,3.4777588420420193,0.26722578051187007,0.09278495850966183,0.016964037459816686,244,34
fixed,NIRv,EOS90,GPP,cum,SOL_to_EOS10,8.868319028519592,3.7717011536029816,0.018709035568098328,0.09776884579160372,0.16904386832706206,285,40
fixed,NIRv,EOS90,GPP,cum,SOS_to_EOS90,-9.394388727559713,3.3878511803827243,0.005554829737685263,-0.1154359149312954,-0.17743309891584294,294,41
fixed,NIRv,EOS90,GPP,cum,SOS_to_EOS50,-7.053521353785347,3.7661755203405063,0.06108765146982928,-0.16095249282484209,-0.09526018520381013,294,41
fixed,NIRv,EOS90,GPP,cum,SOS_to_EOS10,-5.395894092032862,3.9368401682507352,0.1704948535734112,-0.19915848311716589,-0.031259667462363555,293,41
fixed,NIRv,EOS90,GPP,cum,EOS90_to_EOS50,8.343237912990109,4.196866641479066,0.046815194149245884,-0.22614459538101395,0.24866315077502027,300,41
fixed,NIRv,EOS90,GPP,mean,SOS_to_SOL,-5.043761556686842,3.7769990408749727,0.18174918568135068,-0.2886045722662388,0.03158411719470873,293,56
fixed,NIRv,EOS90,GPP,mean,SOL_to_EOS90,-9.084170938420135,3.6149195510309617,0.011972077735065369,-0.4035587869412385,0.09570615590697337,244,34
fixed,NIRv,EOS90,GPP,mean,SOL_to_EOS10,3.605594457392756,3.958262294224549,0.36234629065109103,-0.1909116619428013,0.17774822671900886,285,40
fixed,NIRv,EOS90,GPP,mean,SOS_to_EOS90,-3.8981709581875497,3.6103622551935626,0.2802680417883472,-0.29209849752210515,0.013646151080652626,294,41
fixed,NIRv,EOS90,GPP,mean,SOS_to_EOS50,-2.181878109446482,3.9981892427219283,0.5852607818020831,-0.3203169227935826,0.07603106851188166,294,41
fixed,NIRv,EOS90,GPP,mean,SOS_to_EOS10,-1.2535226710653924,4.2079779897009715,0.7657856499056745,-0.30888114200243655,0.10875787955153761,293,41
fixed,NIRv,EOS90,GPP,mean,EOS90_to_EOS50,8.18982596186546,3.801712115278705,0.031220826545486784,-0.35775624731385997,0.25788920914050384,300,41
fixed,NIRv,EOS90,NEP,cum,SOS_to_SOL,-11.300123957121048,2.550931016791741,9.431885035836801e-06,-0.3419062053230998,-0.23078708820318977,297,57
fixed,NIRv,EOS90,NEP,cum,SOL_to_EOS90,-0.9830435649713101,3.1686167676412036,0.7563755990135058,-0.041382278585480506,-0.048850148739378194,252,35
fixed,NIRv,EOS90,NEP,cum,SOL_to_EOS10,3.6172853835934164,2.994171778990077,0.22700540129638114,0.06807134626954603,0.0554024059868162,292,41
fixed,NIRv,EOS90,NEP,cum,SOS_to_EOS90,-7.291204809092076,2.7492995880578883,0.008001117176781859,-0.08096557760423938,-0.1730413636880075,299,42
fixed,NIRv,EOS90,NEP,cum,SOS_to_EOS50,-5.375035856722322,2.89444866451231,0.06330895761262556,-0.10826935737007355,-0.1167965078030773,301,42
fixed,NIRv,EOS90,NEP,cum,SOS_to_EOS10,-3.3595951653625424,2.824988418732963,0.23434441135529638,-0.10706016103792902,-0.07069665352147947,298,42
fixed,NIRv,EOS90,NEP,cum,EOS90_to_EOS50,3.5778756817145405,2.6248568446583054,0.17285900232081586,-0.12534007722406793,0.11066607987302274,308,42
fixed,NIRv,EOS90,NEP,mean,SOS_to_SOL,-3.052578979312721,2.809642103467876,0.27727313324191594,-0.1447500640585725,-0.04247176226051168,297,57
fixed,NIRv,EOS90,NEP,mean,SOL_to_EOS90,-4.161159311911608,3.295029748851156,0.20663971077135856,-0.29587908721467426,0.043530634062976664,252,35
fixed,NIRv,EOS90,NEP,mean,SOL_to_EOS10,3.5594982177768903,2.980243181229332,0.2323352123224659,-0.028190780801057497,0.07642681351675451,292,41
fixed,NIRv,EOS90,NEP,mean,SOS_to_EOS90,-4.656945647156342,2.9779193488221183,0.11785859882684943,-0.16324381331608728,-0.07348925275552078,299,42
fixed,NIRv,EOS90,NEP,mean,SOS_to_EOS50,-3.615200513841075,3.04305439027022,0.23482669063266015,-0.18979764759640808,-0.0455394720173396,301,42
fixed,NIRv,EOS90,NEP,mean,SOS_to_EOS10,-2.376559668933426,2.9771086222797907,0.42470930816284125,-0.1598797803417952,-0.026688739728603958,298,42
fixed,NIRv,EOS90,NEP,mean,EOS90_to_EOS50,3.9218823008811676,2.6099364866517334,0.13292326885332809,-0.1985559565679779,0.12395107409478316,308,42
year,EVI,EOS10,GPP,cum,SOS_to_SOL,-10.230160110776545,3.3427847722987063,0.002210632917895892,-0.4711492086776463,-0.05048006195056037,279,55
year,EVI,EOS10,GPP,cum,SOL_to_EOS90,3.5909708932840116,2.4068187120859097,0.13569943127277703,-0.0658864263177387,0.1788097692442003,249,50
year,EVI,EOS10,GPP,cum,SOL_to_EOS10,18.493885655065103,2.950846815237233,3.6732730069421343e-10,0.08289916565863993,0.4504673818682397,294,56
year,EVI,EOS10,GPP,cum,SOS_to_EOS90,8.241497566810278,3.1961585582766103,0.009921208415255648,-0.009741552472847158,0.1948805247633929,311,56
year,EVI,EOS10,GPP,cum,SOS_to_EOS50,15.779260460297175,3.8113365083392643,3.471758237788406e-05,-0.022542352346409743,0.3436514493631523,310,56
year,EVI,EOS10,GPP,cum,SOS_to_EOS10,19.170668151351617,4.03061810301495,1.972123249823411e-06,-0.051121036644707754,0.40704784760240686,310,56
year,EVI,EOS10,GPP,cum,EOS90_to_EOS50,7.82297094303788,2.6292983920170663,0.002926950897771722,-0.08548571388637557,0.2356651237471512,307,55
year,EVI,EOS10,GPP,mean,SOS_to_SOL,-5.84297578992959,3.577953497346591,0.10245854991592851,-0.2511216401802659,-0.004756778464467017,279,55
year,EVI,EOS10,GPP,mean,SOL_to_EOS90,-12.578170817997568,2.12948473996288,3.49084890106619e-09,-0.45863537193304466,-0.1443616008457791,249,50
year,EVI,EOS10,GPP,mean,SOL_to_EOS10,-15.856746124411503,2.993853021606297,1.1808573446441337e-07,-0.3251559721373097,-0.3114027275017958,294,56
year,EVI,EOS10,GPP,mean,SOS_to_EOS90,-7.370367240698521,3.3897796985055217,0.02968329342480722,-0.2560713096622287,-0.07594874993313779,311,56
year,EVI,EOS10,GPP,mean,SOS_to_EOS50,-11.250721597782713,3.514706144937106,0.0013693162381823872,-0.2929658942711016,-0.14625668160137434,310,56
year,EVI,EOS10,GPP,mean,SOS_to_EOS10,-18.149081234195055,3.5653559738200653,3.5731257076711244e-07,-0.30841508152098257,-0.30357459419360117,310,56
year,EVI,EOS10,GPP,mean,EOS90_to_EOS50,-16.127332886974155,2.8693154401031125,1.9027293721313753e-08,-0.40647124656085387,-0.2853346269603654,307,55
year,EVI,EOS10,NEP,cum,SOS_to_SOL,-5.202477851006237,2.6393415717660544,0.04870933307129359,-0.23630771906142495,-0.08258222403060018,283,56
year,EVI,EOS10,NEP,cum,SOL_to_EOS90,-1.9209195920377018,2.331263516514666,0.4099496839826634,-0.14687493658479528,-0.025541995816287216,257,51
year,EVI,EOS10,NEP,cum,SOL_to_EOS10,0.5126304488810456,2.5950910787515977,0.843406141279432,-0.021953280301084045,0.0050176983194691605,301,57
year,EVI,EOS10,NEP,cum,SOS_to_EOS90,0.3275155122712776,2.839623148570699,0.9081774827368396,-0.007198508648061146,-0.0009453685979825127,315,57
year,EVI,EOS10,NEP,cum,SOS_to_EOS50,-0.5596374207254602,2.795817410065918,0.8413480065640675,-0.045336393918174206,-0.01625165444499886,317,57
year,EVI,EOS10,NEP,cum,SOS_to_EOS10,-3.7547555042182585,2.8089768972687494,0.18132103699358793,-0.07718210718217253,-0.09267479783968209,315,57
year,EVI,EOS10,NEP,cum,EOS90_to_EOS50,-2.92169666976548,2.205012820512325,0.18516292620325958,-0.14972669210791012,-0.0826357845828033,315,56
year,EVI,EOS10,NEP,mean,SOS_to_SOL,-1.076951162480734,2.7471442232425014,0.6950392179285689,-0.09663866832845472,0.00260979666674465,283,56
year,EVI,EOS10,NEP,mean,SOL_to_EOS90,-7.625384404063109,2.329891080547071,0.0010646890209226763,-0.34506401709452783,-0.09554049850989146,257,51
year,EVI,EOS10,NEP,mean,SOL_to_EOS10,-6.658392593930644,2.586013348422219,0.010030642646257916,-0.1429096361019042,-0.1877959888029042,301,57
year,EVI,EOS10,NEP,mean,SOS_to_EOS90,-3.648560677547471,2.892734605239933,0.20720644364091678,-0.12731966049854251,-0.061651157706629774,315,57
year,EVI,EOS10,NEP,mean,SOS_to_EOS50,-7.825678475051504,2.842151387223477,0.005897351949932019,-0.1858649648094256,-0.16056903580915963,317,57
year,EVI,EOS10,NEP,mean,SOS_to_EOS10,-12.030060243751231,2.8109305313423727,1.871092542590841e-05,-0.19481356489205837,-0.2723304450772169,315,57
year,EVI,EOS10,NEP,mean,EOS90_to_EOS50,-9.566142678454344,2.350067743836459,4.689589674384699e-05,-0.3187224427410629,-0.24051683279094357,315,56
year,EVI,EOS50,GPP,cum,SOS_to_SOL,-12.956554988272169,2.822679615214234,4.429034169121717e-06,-0.5082998292930325,-0.1832745596821148,279,55
year,EVI,EOS50,GPP,cum,SOL_to_EOS90,12.745853453955355,2.1650852585398934,3.932725186520867e-09,0.1369952078177343,0.4124595010916432,249,50
year,EVI,EOS50,GPP,cum,SOL_to_EOS10,16.548226478575028,2.790405062845609,3.0219211377685173e-09,0.128182636473255,0.36155146919467335,294,56
year,EVI,EOS50,GPP,cum,SOS_to_EOS90,15.94914168996054,2.7257136330253524,4.87558874322218e-09,0.07502507945287146,0.3616137157836896,311,56
year,EVI,EOS50,GPP,cum,SOS_to_EOS50,16.220596848513537,3.245563092723304,5.799534184613755e-07,0.004910299096991491,0.3513839629022808,310,56
year,EVI,EOS50,GPP,cum,SOS_to_EOS10,10.98071101742329,3.332703014144506,0.0009847901405322448,-0.06539294266846693,0.26649646136774097,310,56
year,EVI,EOS50,GPP,cum,EOS90_to_EOS50,-4.228837840101371,2.3048988719535926,0.06654758729147707,-0.19707941226212466,-0.08398906643482251,307,55
year,EVI,EOS50,GPP,mean,SOS_to_SOL,-2.097123263040533,3.2431467503419134,0.5178699839901884,-0.22365519984867394,0.0371020524887254,279,55
year,EVI,EOS50,GPP,mean,SOL_to_EOS90,-12.152084355901808,2.417161685621258,4.971256031102105e-07,-0.46585173796752277,-0.1705545364218759,249,50
year,EVI,EOS50,GPP,mean,SOL_to_EOS10,-6.175333730126138,3.1692540243966043,0.05135357073724961,-0.19969446950426845,-0.12078900337781308,294,56
year,EVI,EOS50,GPP,mean,SOS_to_EOS90,-4.00107337594211,3.09181220237381,0.19563543861615174,-0.22081212158130287,-0.04100781682951495,311,56
year,EVI,EOS50,GPP,mean,SOS_to_EOS50,-8.616478616536106,3.241193429057618,0.007850617699076138,-0.2639023310160757,-0.12600360907363317,310,56
year,EVI,EOS50,GPP,mean,SOS_to_EOS10,-9.143346292456624,3.2790206683121936,0.005296286114582983,-0.2488841669141874,-0.13820016767714371,310,56
year,EVI,EOS50,GPP,mean,EOS90_to_EOS50,-17.155705441162997,2.5552988412576396,1.8965066055487982e-11,-0.41457662883678936,-0.3533130132022414,307,55
year,EVI,EOS50,NEP,cum,SOS_to_SOL,-7.696949366275426,2.197815589223861,0.00046162257688371166,-0.2760042585896039,-0.19339317694338098,283,56
year,EVI,EOS50,NEP,cum,SOL_to_EOS90,0.806096618999726,2.217273080224103,0.7161917147838248,-0.0679179714568048,0.04022872311542522,257,51
year,EVI,EOS50,NEP,cum,SOL_to_EOS10,3.0665612938154547,2.630675635093567,0.24373841905587923,0.07321358260806267,0.017314510049480376,301,57
year,EVI,EOS50,NEP,cum,SOS_to_EOS90,0.8051918450146437,2.483933250433115,0.7458168907538746,0.024597235095665648,0.003885985914191037,315,57
year,EVI,EOS50,NEP,cum,SOS_to_EOS50,-2.032367547870171,2.4404280701759777,0.40496237685622927,-0.030522037474318794,-0.06728652851558768,317,57
year,EVI,EOS50,NEP,cum,SOS_to_EOS10,-3.80393844623843,2.4515903089306725,0.12075299009906616,-0.0519513218017178,-0.1133807201713753,315,57
year,EVI,EOS50,NEP,cum,EOS90_to_EOS50,-6.710729706373437,1.9098618237504512,0.0004418696034510719,-0.17927992373639615,-0.22083173075971635,315,56
year,EVI,EOS50,NEP,mean,SOS_to_SOL,-0.686264445243921,2.339563007928597,0.7692697850931189,-0.07923929169776593,-0.009288486198632054,283,56
year,EVI,EOS50,NEP,mean,SOL_to_EOS90,-8.823837305287707,2.2503696476438706,8.815983558023137e-05,-0.3875713410129954,-0.16078930742391015,257,51
year,EVI,EOS50,NEP,mean,SOL_to_EOS10,-1.1772555769677842,2.6246383505601996,0.6537634447779697,-0.028588310475672084,-0.07669710559773335,301,57
year,EVI,EOS50,NEP,mean,SOS_to_EOS90,-6.240097569539371,2.519662332293044,0.01326549391344215,-0.13287750212645683,-0.1510841798743889,315,57
year,EVI,EOS50,NEP,mean,SOS_to_EOS50,-8.662850363827427,2.4755783465811696,0.00046643967504140626,-0.1727555470363809,-0.21688163886212322,317,57
year,EVI,EOS50,NEP,mean,SOS_to_EOS10,-8.038104604001383,2.46714309989099,0.0011217598780199653,-0.14083124417907122,-0.21087027273324283,315,57
year,EVI,EOS50,NEP,mean,EOS90_to_EOS50,-9.761420899339033,2.064559524765287,2.2664299435887517e-06,-0.30849093901807495,-0.28090883860426297,315,56
year,EVI,EOS90,GPP,cum,SOS_to_SOL,-16.042529008876095,3.0399728416905076,1.3117638917054404e-07,-0.5118449903964171,-0.21618753201090224,279,55
year,EVI,EOS90,GPP,cum,SOL_to_EOS90,19.683915915269953,2.2332187253606492,1.2060079914570111e-18,0.21576076587807008,0.5504928328616387,249,50
year,EVI,EOS90,GPP,cum,SOL_to_EOS10,13.551209428005459,3.265162383261728,3.321259999671454e-05,0.07962081734872188,0.2647954442944869,294,56
year,EVI,EOS90,GPP,cum,SOS_to_EOS90,19.83803750972538,3.042511729569277,7.01748624930495e-11,0.08834388594989642,0.4033140468881901,311,56
year,EVI,EOS90,GPP,cum,SOS_to_EOS50,10.910582401001795,3.6216096691089543,0.0025899154275244116,-0.03423693377335738,0.23576680199992753,310,56
year,EVI,EOS90,GPP,cum,SOS_to_EOS10,2.829967479341608,3.6401048645415774,0.4368985153445113,-0.12041884749154955,0.10699658560922294,310,56
year,EVI,EOS90,GPP,cum,EOS90_to_EOS50,-16.31803574853567,2.4399232075809025,2.2634926907813113e-11,-0.3378396888117646,-0.3582046696412288,307,55
year,EVI,EOS90,GPP,mean,SOS_to_SOL,-3.0851332572187307,3.5335269276557524,0.3826068931944506,-0.22907135134660103,0.030380964971310178,279,55
year,EVI,EOS90,GPP,mean,SOL_to_EOS90,-11.677127410887373,2.8806724830644836,5.043292230395174e-05,-0.4565954850657632,-0.08881241323416161,249,50
year,EVI,EOS90,GPP,mean,SOL_to_EOS10,1.3753088365188375,3.659643756436634,0.7070625987693209,-0.16287716670251978,0.07495768705983594,294,56
year,EVI,EOS90,GPP,mean,SOS_to_EOS90,-1.4803702564035965,3.4634778032763003,0.6690712194754145,-0.21924819186079558,0.031445093067381566,311,56
year,EVI,EOS90,GPP,mean,SOS_to_EOS50,-5.4233119076176015,3.622953368655998,0.13441116276832077,-0.2601898411353627,-0.027667735593765497,310,56
year,EVI,EOS90,GPP,mean,SOS_to_EOS10,-2.8310592159719357,3.7024189422054996,0.4444792516171766,-0.2343283759415522,0.02497933806676539,310,56
year,EVI,EOS90,GPP,mean,EOS90_to_EOS50,-16.024714985692434,2.895969359489047,3.139842745770793e-08,-0.4227065548641713,-0.26343232731348465,307,55
year,EVI,EOS90,NEP,cum,SOS_to_SOL,-9.412126096885634,2.4680952113537065,0.000137002411377862,-0.3151385241464844,-0.2002229407985959,283,56
year,EVI,EOS90,NEP,cum,SOL_to_EOS90,2.403877935613626,2.4788891212193542,0.33217610700904754,-0.04992211967864896,0.09428209938296953,257,51
year,EVI,EOS90,NEP,cum,SOL_to_EOS10,3.6762307295797783,2.9872989490166915,0.21846490910271055,0.0658732943252291,0.03090802678454227,301,57
year,EVI,EOS90,NEP,cum,SOS_to_EOS90,1.4845110894461908,2.7822637418192264,0.593644385294366,-0.0019979876157587076,0.02914037344504722,315,57
year,EVI,EOS90,NEP,cum,SOS_to_EOS50,-3.0148742950090863,2.7335607052109467,0.27006579709631495,-0.06578934361416564,-0.07530719332992836,317,57
year,EVI,EOS90,NEP,cum,SOS_to_EOS10,-4.574815922281213,2.735475129663217,0.09444494512455608,-0.08263744611100848,-0.11356733444329414,315,57
year,EVI,EOS90,NEP,cum,EOS90_to_EOS50,-9.993072664452402,2.1359227321314975,2.8887684658548257e-06,-0.22306988056083038,-0.28459450448657264,315,56
year,EVI,EOS90,NEP,mean,SOS_to_SOL,-2.141351326193082,2.6197988862276578,0.4137156383881013,-0.11149179988334522,-0.03954214033251119,283,56
year,EVI,EOS90,NEP,mean,SOL_to_EOS90,-9.91340574660147,2.5474745675001147,9.964114657409141e-05,-0.39994818993332304,-0.15311869028460798,257,51
year,EVI,EOS90,NEP,mean,SOL_to_EOS10,1.9661600958931622,2.9658420830513097,0.507372276446673,-0.012303222459399722,0.012994200550757846,301,57
year,EVI,EOS90,NEP,mean,SOS_to_EOS90,-8.324171623628695,2.8115201466473785,0.0030690392695709016,-0.17567039672270668,-0.17120550490342504,315,57
year,EVI,EOS90,NEP,mean,SOS_to_EOS50,-8.111638737502824,2.784383352492045,0.0035767415355819395,-0.18577620045011817,-0.17302275134800893,317,57
year,EVI,EOS90,NEP,mean,SOS_to_EOS10,-5.394987731022881,2.7709123692074935,0.05153381101280574,-0.13834353627216,-0.11992642609372164,315,57
year,EVI,EOS90,NEP,mean,EOS90_to_EOS50,-8.816765087032357,2.3554206583984376,0.00018170547802342875,-0.2896088642510173,-0.21820573440886756,315,56
year,NDVI,EOS10,GPP,cum,SOS_to_SOL,-15.726892230451245,4.205219869192631,0.0001841299785904764,-0.33833383653640525,-0.17881874600861114,222,52
year,NDVI,EOS10,GPP,cum,SOL_to_EOS90,9.460697549690591,3.2884950040348193,0.004015926747032898,-0.028930839558425576,0.34518128845649676,215,50
year,NDVI,EOS10,GPP,cum,SOL_to_EOS10,20.88331905268016,4.154526409968958,4.99141593067618e-07,0.16720145858734523,0.46759390002924905,261,53
year,NDVI,EOS10,GPP,cum,SOS_to_EOS90,9.262334947369963,3.7241408514021437,0.01287868359709996,0.09752853133659674,0.14471542770325777,273,54
year,NDVI,EOS10,GPP,cum,SOS_to_EOS50,11.886186566072128,4.310157251253895,0.005820686951771795,0.06642167120133695,0.20314178387576703,272,54
year,NDVI,EOS10,GPP,cum,SOS_to_EOS10,10.903962845500013,4.575137593287682,0.01715782383354472,0.017702859202115277,0.2149112600303847,271,54
year,NDVI,EOS10,GPP,cum,EOS90_to_EOS50,-0.5374914981963423,2.99298073587522,0.8574791546158186,-0.11559016812276691,0.05929656185226574,261,51
year,NDVI,EOS10,GPP,mean,SOS_to_SOL,-2.115276682011469,4.378369017171426,0.6290106893297935,-0.09491441119519912,0.03566157830616432,222,52
year,NDVI,EOS10,GPP,mean,SOL_to_EOS90,-14.962190851908089,2.512324173979531,2.592499856019494e-09,-0.4558361324752548,-0.05940926155371891,215,50
year,NDVI,EOS10,GPP,mean,SOL_to_EOS10,-17.310329136700112,3.6365641164819436,1.9351807973058075e-06,-0.2480926584957432,-0.33942568485724095,261,53
year,NDVI,EOS10,GPP,mean,SOS_to_EOS90,-1.5449232622828515,3.7399607669221058,0.6795440315427557,-0.1360642313519194,0.013730936233020186,273,54
year,NDVI,EOS10,GPP,mean,SOS_to_EOS50,-8.463050508868795,4.177346446035098,0.04277100103061462,-0.20783044663266154,-0.09227767213735974,272,54
year,NDVI,EOS10,GPP,mean,SOS_to_EOS10,-19.956978626587397,4.328326802064934,4.011537865139832e-06,-0.249435464798126,-0.31672279456737035,271,54
year,NDVI,EOS10,GPP,mean,EOS90_to_EOS50,-16.555773134605925,3.305429874955958,5.481040882762778e-07,-0.4096550101021139,-0.2511794406138181,261,51
year,NDVI,EOS10,NEP,cum,SOS_to_SOL,-4.813027062338641,3.726071223345835,0.19645539859119177,-0.11715965210876259,-0.02132873907329373,225,53
year,NDVI,EOS10,NEP,cum,SOL_to_EOS90,0.880067048759573,2.9204393340575057,0.7631495348411826,-0.17174840062201704,0.18353431365448833,221,51
year,NDVI,EOS10,NEP,cum,SOL_to_EOS10,-1.5031431666087014,3.2292724343592343,0.6415918724103279,-0.0558131656082063,-0.01950371137852644,266,54
year,NDVI,EOS10,NEP,cum,SOS_to_EOS90,3.9201580675508163,3.170165007093187,0.2162435849898814,0.05771961064074331,0.06759429275990159,278,55
year,NDVI,EOS10,NEP,cum,SOS_to_EOS50,2.871085372444113,3.470412463901772,0.4080648980864302,0.009336410925176421,0.06076930141011265,277,55
year,NDVI,EOS10,NEP,cum,SOS_to_EOS10,-2.727714536050432,3.5503093165617265,0.4423069857875567,-0.04266616203216871,-0.04660463801021105,276,55
year,NDVI,EOS10,NEP,cum,EOS90_to_EOS50,-5.928597053415752,2.71331301572983,0.028888627327159966,-0.22730361754873848,-0.08739836776717368,268,52
year,NDVI,EOS10,NEP,mean,SOS_to_SOL,2.9548563159679313,3.6976267386301664,0.4242194481618038,0.04434022473561876,0.07705905501040504,225,53
year,NDVI,EOS10,NEP,mean,SOL_to_EOS90,-10.846300748802177,2.672364173380852,4.9348535354494936e-05,-0.4054686901136452,-0.024396418069054144,221,51
year,NDVI,EOS10,NEP,mean,SOL_to_EOS10,-13.236920937429074,3.161809765405728,2.832872153308332e-05,-0.24276515272111737,-0.2999890405370667,266,54
year,NDVI,EOS10,NEP,mean,SOS_to_EOS90,0.8290947854133819,3.2967484781632006,0.8014363453565356,-0.06831313614920174,0.04701511104834094,278,55
year,NDVI,EOS10,NEP,mean,SOS_to_EOS50,-5.567272025463038,3.6400069373469948,0.1261486093956161,-0.1610490518665772,-0.0536521952885238,277,55
year,NDVI,EOS10,NEP,mean,SOS_to_EOS10,-13.686704709158185,3.6085099847721063,0.00014890025956533967,-0.19416173400735626,-0.23312406789113277,276,55
year,NDVI,EOS10,NEP,mean,EOS90_to_EOS50,-11.979035016695025,2.930373044405955,4.353193599785004e-05,-0.40099088544374706,-0.19513031053751395,268,52
year,NDVI,EOS50,GPP,cum,SOS_to_SOL,-18.079369127327926,3.9898144537724023,5.859936301561131e-06,-0.339762209686596,-0.2813376824620252,222,52
year,NDVI,EOS50,GPP,cum,SOL_to_EOS90,22.337637181651193,3.125079516281552,8.813983858955329e-13,0.257398195913112,0.5505408232551354,215,50
year,NDVI,EOS50,GPP,cum,SOL_to_EOS10,22.888447946743256,4.324135451224108,1.2020435422469576e-07,0.26676533215813225,0.39186123025879815,261,53
year,NDVI,EOS50,GPP,cum,SOS_to_EOS90,24.276452442081272,3.2807915033064217,1.3662428727147015e-13,0.24269917340522365,0.44222941522399745,273,54
year,NDVI,EOS50,GPP,cum,SOS_to_EOS50,20.931328859203166,4.064652218801713,2.6104400819249866e-07,0.1587231798841004,0.3433717392665738,272,54
year,NDVI,EOS50,GPP,cum,SOS_to_EOS10,6.126442133772987,4.312815886602943,0.15545628882432286,0.046845825678104115,0.08936480860158375,271,54
year,NDVI,EOS50,GPP,cum,EOS90_to_EOS50,-13.01646547929273,2.5060054752039065,2.057026517017037e-07,-0.21613340903757733,-0.3328298776840175,261,51
year,NDVI,EOS50,GPP,mean,SOS_to_SOL,13.080857742714644,4.192131030414894,0.0018064480221208097,0.03991036238126381,0.3086287721944767,222,52
year,NDVI,EOS50,GPP,mean,SOL_to_EOS90,-13.348638338585847,3.245336127988973,3.9025280072980405e-05,-0.32167594169430413,-0.10576143672046721,215,50
year,NDVI,EOS50,GPP,mean,SOL_to_EOS10,-7.542494571980928,4.325695876077063,0.08122034235645119,-0.07423819585073095,-0.15867452349295497,261,53
year,NDVI,EOS50,GPP,mean,SOS_to_EOS90,11.977210949606958,3.4972251677776987,0.0006153077188146441,-0.02058957108174611,0.26780408874190653,273,54
year,NDVI,EOS50,GPP,mean,SOS_to_EOS50,4.0465927450788595,4.162056498513152,0.33092221054122295,-0.10990153179841472,0.12149421361110252,272,54
year,NDVI,EOS50,GPP,mean,SOS_to_EOS10,-1.63816924892898,4.215147924989745,0.6975434978217918,-0.11520505238159079,0.015053252101937975,271,54
year,NDVI,EOS50,GPP,mean,EOS90_to_EOS50,-24.750360601462518,2.6474762735691284,8.876353417295944e-21,-0.4743952009491953,-0.5076990588231349,261,51
year,NDVI,EOS50,NEP,cum,SOS_to_SOL,-5.567819052503459,3.4131662054113816,0.10283191362006891,-0.08323300209921781,-0.08536809482470878,225,53
year,NDVI,EOS50,NEP,cum,SOL_to_EOS90,6.659540122921535,3.0304515965179144,0.027981867177030436,-0.010799929398820868,0.28693008991144286,221,51
year,NDVI,EOS50,NEP,cum,SOL_to_EOS10,1.0604615694902706,3.8390468159046343,0.7823710830188522,0.05895739108614059,-0.04126873062336281,266,54
year,NDVI,EOS50,NEP,cum,SOS_to_EOS90,10.473504105905684,2.8510864253697217,0.00023923815209673488,0.1744469738618198,0.22153551258616985,278,55
year,NDVI,EOS50,NEP,cum,SOS_to_EOS50,5.64579907082155,3.2157379684614784,0.07914347623826827,0.09099013433215333,0.10542350285388329,277,55
year,NDVI,EOS50,NEP,cum,SOS_to_EOS10,-1.5860953200485146,3.3221869105176443,0.6330594653395025,0.027452018115315866,-0.04498925561570043,276,55
year,NDVI,EOS50,NEP,cum,EOS90_to_EOS50,-15.273778163675214,2.163144502501674,1.654104746053131e-12,-0.31568548127931295,-0.41977975780727605,268,52
year,NDVI,EOS50,NEP,mean,SOS_to_SOL,9.159587554989074,3.2903216560915274,0.005372664857459471,0.15660870604509988,0.20911688473269963,225,53
year,NDVI,EOS50,NEP,mean,SOL_to_EOS90,-8.173384373491778,3.03851611347149,0.007146780299669956,-0.29177627826472174,-0.02998899104429697,221,51
year,NDVI,EOS50,NEP,mean,SOL_to_EOS10,-8.038464256026984,3.8524275826475822,0.036924568858957,-0.09090647522061596,-0.20783217510840243,266,54
year,NDVI,EOS50,NEP,mean,SOS_to_EOS90,6.314131794303412,3.016247499766292,0.03631584950514127,0.018004369152814555,0.16235798070792,278,55
year,NDVI,EOS50,NEP,mean,SOS_to_EOS50,-1.1914806376550398,3.4466393979573255,0.7295731131042715,-0.08622989271670682,0.007926342704560024,277,55
year,NDVI,EOS50,NEP,mean,SOS_to_EOS10,-4.824903001845526,3.457260676522114,0.16283933987963106,-0.08362303446632113,-0.07099044882019287,276,55
year,NDVI,EOS50,NEP,mean,EOS90_to_EOS50,-19.021506764575168,2.323586434687587,2.694460571144834e-16,-0.49306737125169053,-0.4483606720348131,268,52
year,NDVI,EOS90,GPP,cum,SOS_to_SOL,-23.420096495978054,4.822376237671867,1.194504829497452e-06,-0.3163930352505149,-0.3727598341707225,222,52
year,NDVI,EOS90,GPP,cum,SOL_to_EOS90,31.12427214481622,3.296449032879996,3.66578602534039e-21,0.33778541114767235,0.6387249802266073,215,50
year,NDVI,EOS90,GPP,cum,SOL_to_EOS10,19.52015138225041,4.953157985474664,8.11593100477114e-05,0.22649820298448803,0.29361231333473453,261,53
year,NDVI,EOS90,GPP,cum,SOS_to_EOS90,34.68398925846267,3.9013004830512354,6.090793550023835e-19,0.29275837578373054,0.5289093335573245,273,54
year,NDVI,EOS90,GPP,cum,SOS_to_EOS50,16.621522061701686,4.8592988047612815,0.0006249239896279349,0.13560198760517242,0.2343382767397421,272,54
year,NDVI,EOS90,GPP,cum,SOS_to_EOS10,-0.6606626634603385,5.073879452499865,0.8964014026390351,0.0161840888266033,-0.03599555221696672,271,54
year,NDVI,EOS90,GPP,cum,EOS90_to_EOS50,-28.121232468016654,2.5636753710260693,5.38004171438834e-28,-0.42485816352103134,-0.5637170923705789,261,51
year,NDVI,EOS90,GPP,mean,SOS_to_SOL,17.09380537613686,5.059698059472703,0.000729025795432492,0.09283476081226727,0.3495887181787495,222,52
year,NDVI,EOS90,GPP,mean,SOL_to_EOS90,-15.07259895217187,3.9476879309099715,0.00013449285031008599,-0.2636353566079722,-0.1493100478513656,215,50
year,NDVI,EOS90,GPP,mean,SOL_to_EOS10,-3.6988268185194597,4.898134129311172,0.45015888360054856,-0.04971144496069062,-0.04413158412418659,261,53
year,NDVI,EOS90,GPP,mean,SOS_to_EOS90,17.43499484954059,4.258930643118444,4.244530209594403e-05,0.020793767292977303,0.32519572131375835,273,54
year,NDVI,EOS90,GPP,mean,SOS_to_EOS50,7.272477811877155,5.0067325575790145,0.14635159853840482,-0.08158072301731648,0.17812735034766572,272,54
year,NDVI,EOS90,GPP,mean,SOS_to_EOS10,5.074097804523484,5.076832525144737,0.3175712612167767,-0.07415868542889667,0.1423131255735238,271,54
year,NDVI,EOS90,GPP,mean,EOS90_to_EOS50,-29.681761840944958,3.1175113173821987,1.715540733384607e-21,-0.49471554403073636,-0.5138517796520703,261,51
year,NDVI,EOS90,NEP,cum,SOS_to_SOL,-6.518454390118816,4.109947537893674,0.11273502683741722,-0.05760989486317969,-0.11648379025378805,225,53
year,NDVI,EOS90,NEP,cum,SOL_to_EOS90,10.657606531776352,3.434402594735745,0.0019144617033941514,0.03794813513100556,0.34525647578215013,221,51
year,NDVI,EOS90,NEP,cum,SOL_to_EOS10,0.6064151180560651,4.4716149134678425,0.8921261662398161,0.048049901572671236,-0.047283863782412276,266,54
year,NDVI,EOS90,NEP,cum,SOS_to_EOS90,15.043899574613654,3.4382392338111876,1.2117321502705881e-05,0.20795857736805132,0.2661397466236834,278,55
year,NDVI,EOS90,NEP,cum,SOS_to_EOS50,4.876004332172523,3.892017928582901,0.21027061988060824,0.08821389614340071,0.06627039267982074,277,55
year,NDVI,EOS90,NEP,cum,SOS_to_EOS10,-2.951102385888979,4.018803999741498,0.46275157337957495,0.02334820547526507,-0.07170224421016917,276,55
year,NDVI,EOS90,NEP,cum,EOS90_to_EOS50,-23.80527629818923,2.394832799852566,2.780821264226256e-23,-0.43710993507529516,-0.5174424799511778,268,52
year,NDVI,EOS90,NEP,mean,SOS_to_SOL,11.863575889479677,3.9946439989742872,0.002979251853653269,0.1915417752376456,0.21417312448204257,225,53
year,NDVI,EOS90,NEP,mean,SOL_to_EOS90,-8.06649903927866,3.5311377152349346,0.02234856497770755,-0.2323994228726362,-0.04074893826266124,221,51
year,NDVI,EOS90,NEP,mean,SOL_to_EOS10,-5.8358210493800025,4.4398343790323676,0.1887038472630922,-0.06709713828983127,-0.13812421972782588,266,54
year,NDVI,EOS90,NEP,mean,SOS_to_EOS90,9.031753630103116,3.665138928944794,0.0137307099655346,0.047869307615497625,0.19239219968413798,278,55
year,NDVI,EOS90,NEP,mean,SOS_to_EOS50,0.25473570038168974,4.138164899184003,0.950915104528896,-0.060918930317192095,0.03777490413001795,277,55
year,NDVI,EOS90,NEP,mean,SOS_to_EOS10,-1.1867379177448052,4.158425521551709,0.775351841633915,-0.04957281450134333,0.011565485421080102,276,55
year,NDVI,EOS90,NEP,mean,EOS90_to_EOS50,-22.242941040859165,2.766489967192842,8.974266619639744e-16,-0.4965310193144173,-0.4397670581410079,268,52
year,NIRv,EOS10,GPP,cum,SOS_to_SOL,-13.064964064541668,2.961722918756451,1.0276533868483944e-05,-0.53863427089335,-0.14991349571720428,293,56
year,NIRv,EOS10,GPP,cum,SOL_to_EOS90,1.6093802707129325,2.0881289317591807,0.4408679345904575,-0.048407136052753236,0.06772802805749423,250,52
year,NIRv,EOS10,GPP,cum,SOL_to_EOS10,17.965604299107245,2.842582596790452,2.612762787303926e-10,0.12457745147842901,0.4132867072080165,298,56
year,NIRv,EOS10,GPP,cum,SOS_to_EOS90,5.4595433411002645,2.7725355609839335,0.04893566400281922,-0.0254579708571912,0.13789779636777055,315,56
year,NIRv,EOS10,GPP,cum,SOS_to_EOS50,15.48589515532668,3.5353246196734416,1.1849868613794996e-05,-0.03626407111859903,0.3388373174479668,315,56
year,NIRv,EOS10,GPP,cum,SOS_to_EOS10,17.44702757936035,3.621086127078898,1.4487708940922475e-06,-0.062090792927839186,0.38291513051972154,314,56
year,NIRv,EOS10,GPP,cum,EOS90_to_EOS50,8.348730012817576,2.234221788518403,0.0001864135211941722,-0.050573027656768334,0.2586160269779411,313,55
year,NIRv,EOS10,GPP,mean,SOS_to_SOL,-3.0548628383516117,3.4465423920999503,0.37542582922584744,-0.2645141140446431,0.04118440182091603,293,56
year,NIRv,EOS10,GPP,mean,SOL_to_EOS90,-12.538500318478702,2.0378327255661977,7.609777621701221e-10,-0.4746388763667482,-0.19489351981249264,250,52
year,NIRv,EOS10,GPP,mean,SOL_to_EOS10,-11.874028226891616,3.053584161268062,0.00010084305538791407,-0.2519001615569995,-0.24915110944235136,298,56
year,NIRv,EOS10,GPP,mean,SOS_to_EOS90,-6.785917997774877,3.0720127042760654,0.027178219980204345,-0.25392251884396266,-0.08655610360998045,315,56
year,NIRv,EOS10,GPP,mean,SOS_to_EOS50,-10.09850832816352,3.28577499887102,0.0021163299668591944,-0.29434436623209526,-0.1359476293280047,315,56
year,NIRv,EOS10,GPP,mean,SOS_to_EOS10,-14.712928058273379,3.354908506662327,1.1572333436476975e-05,-0.30833255632144935,-0.22947463693295822,314,56
year,NIRv,EOS10,GPP,mean,EOS90_to_EOS50,-13.142910327145339,2.604834835064024,4.5214059210490117e-07,-0.38070353183133254,-0.25547285795491437,313,55
year,NIRv,EOS10,NEP,cum,SOS_to_SOL,-6.457840748253303,2.2926081959186515,0.004850327190470999,-0.2788696418311841,-0.141553442089203,297,57
year,NIRv,EOS10,NEP,cum,SOL_to_EOS90,-1.3684402805798228,2.123825041537217,0.5193626589648523,-0.11494441763309424,-0.03387187402245133,258,53
year,NIRv,EOS10,NEP,cum,SOL_to_EOS10,1.9636852110211362,2.5732031056243723,0.4453866291510521,0.026908923817869863,0.010911822337763173,305,57
year,NIRv,EOS10,NEP,cum,SOS_to_EOS90,-0.8145737573018303,2.46197884449643,0.7407491827499095,-0.0064028416865743835,-0.02955361963969306,320,57
year,NIRv,EOS10,NEP,cum,SOS_to_EOS50,-0.9575722394623338,2.579390390962536,0.7104589701863682,-0.03323768772679155,-0.03243306242226623,322,57
year,NIRv,EOS10,NEP,cum,SOS_to_EOS10,-1.9076427526288537,2.580303392234489,0.45971909563589153,-0.060597123397755664,-0.05248105393475301,319,57
year,NIRv,EOS10,NEP,cum,EOS90_to_EOS50,-2.027962059975736,2.0527492946749604,0.32318944916328674,-0.11057041126526794,-0.07304478897731322,321,56
year,NIRv,EOS10,NEP,mean,SOS_to_SOL,-0.18019052851137463,2.4950005565400755,0.9424263224233136,-0.08800851998308444,0.01211303886456749,297,57
year,NIRv,EOS10,NEP,mean,SOL_to_EOS90,-6.903355904835605,2.1869497817752084,0.0015961258053077169,-0.34458996042352674,-0.10640574312994314,258,53
year,NIRv,EOS10,NEP,mean,SOL_to_EOS10,-3.9574091248489203,2.565784396871902,0.12298179113854561,-0.0912358488677271,-0.14299977877774325,305,57
year,NIRv,EOS10,NEP,mean,SOS_to_EOS90,-3.181122708030025,2.6218254589466667,0.2250061228593072,-0.0999321829414853,-0.06782044396854867,320,57
year,NIRv,EOS10,NEP,mean,SOS_to_EOS50,-7.596066754167198,2.644176365365916,0.004069115493849952,-0.16353069358753886,-0.17641981218592642,322,57
year,NIRv,EOS10,NEP,mean,SOS_to_EOS10,-10.030999418773312,2.6004109706899596,0.00011456815693397975,-0.1780487047910801,-0.24182521924305592,319,57
year,NIRv,EOS10,NEP,mean,EOS90_to_EOS50,-7.7764803873290305,2.0689284099654004,0.0001707987542733961,-0.283684449047076,-0.22939820275903383,321,56
year,NIRv,EOS50,GPP,cum,SOS_to_SOL,-17.709482662712396,2.7247873596151253,8.06410434205629e-11,-0.5582896271111557,-0.29583053127596154,293,56
year,NIRv,EOS50,GPP,cum,SOL_to_EOS90,11.689655533929553,2.01337275250281,6.398043234942825e-09,0.14649162646410535,0.3733888096995788,250,52
year,NIRv,EOS50,GPP,cum,SOL_to_EOS10,15.811680873910401,2.9071743105742844,5.362600564054923e-08,0.12817521449676555,0.34448034052822907,298,56
year,NIRv,EOS50,GPP,cum,SOS_to_EOS90,16.605870442694382,2.5777178828465193,1.1784543593050648e-10,0.051871127865781345,0.3997457459208106,315,56
year,NIRv,EOS50,GPP,cum,SOS_to_EOS50,16.02992569267161,3.3966420843167113,2.3660529885518333e-06,-0.0260305593572153,0.34800639318012494,315,56
year,NIRv,EOS50,GPP,cum,SOS_to_EOS10,7.399949934338509,3.3764369848595828,0.028405177814880583,-0.09180119771460332,0.19723021156289006,314,56
year,NIRv,EOS50,GPP,cum,EOS90_to_EOS50,-5.046435694981147,2.1820629815881736,0.020739677672082978,-0.17880293819196322,-0.11536587726870091,313,55
year,NIRv,EOS50,GPP,mean,SOS_to_SOL,-0.9398869949412758,3.40562275520432,0.7825626998230066,-0.25845481969075046,0.07919556421177584,293,56
year,NIRv,EOS50,GPP,mean,SOL_to_EOS90,-13.972062464586397,2.4721421110762622,1.5877265479466407e-08,-0.5052281857777572,-0.23889532008057307,250,52
year,NIRv,EOS50,GPP,mean,SOL_to_EOS10,-6.053273641627594,3.2187350432772663,0.06002125467833726,-0.18463260989545155,-0.09552635799152455,298,56
year,NIRv,EOS50,GPP,mean,SOS_to_EOS90,-3.4997782394339256,3.0232510787689333,0.24701882977485412,-0.2352610258653947,-0.0181975465745092,315,56
year,NIRv,EOS50,GPP,mean,SOS_to_EOS50,-7.869199639512415,3.2413399941470975,0.015192340612251536,-0.2815303202965062,-0.0932343977161501,315,56
year,NIRv,EOS50,GPP,mean,SOS_to_EOS10,-8.226546325359546,3.3491109578186804,0.014036132601881463,-0.2769153678359282,-0.08969775757909744,314,56
year,NIRv,EOS50,GPP,mean,EOS90_to_EOS50,-17.01454255910567,2.4734148952698902,6.028758951227141e-12,-0.4096428922431941,-0.3551719617616235,313,55
year,NIRv,EOS50,NEP,cum,SOS_to_SOL,-9.628966207217841,2.1607659303713596,8.339621916895994e-06,-0.31278335807958885,-0.24720880213861018,297,57
year,NIRv,EOS50,NEP,cum,SOL_to_EOS90,1.1590709270603285,2.129825336559879,0.5862973974101247,-0.062091281091266964,0.06372325206255461,258,53
year,NIRv,EOS50,NEP,cum,SOL_to_EOS10,1.6815035161434122,2.675346223252513,0.529664595509747,0.05987376472433588,-0.004758937183936385,305,57
year,NIRv,EOS50,NEP,cum,SOS_to_EOS90,-0.27904194430203055,2.373739206601285,0.9064212532327494,0.010998072119627736,-0.018902465543995994,320,57
year,NIRv,EOS50,NEP,cum,SOS_to_EOS50,-3.5593038556097656,2.4924982478242663,0.15328996956167332,-0.03937295803101185,-0.10560472439367831,322,57
year,NIRv,EOS50,NEP,cum,SOS_to_EOS10,-4.874745183437778,2.48493400552002,0.049795071120479754,-0.06984862126184077,-0.13723221809022007,319,57
year,NIRv,EOS50,NEP,cum,EOS90_to_EOS50,-7.216741504416,1.9657733026647475,0.00024141694782058324,-0.16049882981639504,-0.23079505909555187,321,56
year,NIRv,EOS50,NEP,mean,SOS_to_SOL,-0.6488981026736274,2.408694151622098,0.7876231964600036,-0.09304157841248896,-0.004948066144380703,297,57
year,NIRv,EOS50,NEP,mean,SOL_to_EOS90,-9.246924593931498,2.2328572250938494,3.453476637286712e-05,-0.40657585991973433,-0.17866857695964222,258,53
year,NIRv,EOS50,NEP,mean,SOL_to_EOS10,-1.419890998480484,2.645934961970451,0.5915224549059845,-0.038150461294031,-0.07309729885738415,305,57
year,NIRv,EOS50,NEP,mean,SOS_to_EOS90,-7.114743760318956,2.513986871220661,0.004653869256108493,-0.12200949542475283,-0.1756579478549637,320,57
year,NIRv,EOS50,NEP,mean,SOS_to_EOS50,-9.772802813647075,2.5439037043370574,0.00012220705070180792,-0.16895653403055827,-0.2408429251409653,322,57
year,NIRv,EOS50,NEP,mean,SOS_to_EOS10,-8.592099557981708,2.5190383132147915,0.0006475715103849164,-0.15684573014434344,-0.21717588763005607,319,57
year,NIRv,EOS50,NEP,mean,EOS90_to_EOS50,-9.333964451315989,1.9929290762885523,2.819614286193709e-06,-0.29259702113219865,-0.27850314430749235,321,56
year,NIRv,EOS90,GPP,cum,SOS_to_SOL,-20.44804668848463,3.057351400608191,2.2599835036022688e-11,-0.5540330501395341,-0.29230888815791173,293,56
year,NIRv,EOS90,GPP,cum,SOL_to_EOS90,20.492636621345127,2.229964781641068,3.940546490283977e-20,0.20931229686271594,0.5583965430740996,250,52
year,NIRv,EOS90,GPP,cum,SOL_to_EOS10,12.049709272999108,3.4542792823694675,0.00048602504268403183,0.060986290359131765,0.24614691072094208,298,56
year,NIRv,EOS90,GPP,cum,SOS_to_EOS90,23.60944634598723,2.991285239776539,2.9561541333612063e-15,0.0595579517080828,0.4916224457886795,315,56
year,NIRv,EOS90,GPP,cum,SOS_to_EOS50,11.3677091404002,3.9114054061662764,0.00365733124891195,-0.07364326025668237,0.2623970851087562,315,56
year,NIRv,EOS90,GPP,cum,SOS_to_EOS10,-1.1140259998598436,3.7062009157088136,0.7637314654076386,-0.15615779520500966,0.04082346963968984,314,56
year,NIRv,EOS90,GPP,cum,EOS90_to_EOS50,-16.89766794846601,2.3049901851722847,2.2860081006444153e-13,-0.32508766548976475,-0.39145894155762884,313,55
year,NIRv,EOS90,GPP,mean,SOS_to_SOL,-5.043761556686842,3.7769990408749727,0.18174918568135068,-0.2886045722662388,0.03158411719470873,293,56
year,NIRv,EOS90,GPP,mean,SOL_to_EOS90,-14.005282219081423,2.984014553696141,2.6865367345139682e-06,-0.49791679576269565,-0.12673152473921737,250,52
year,NIRv,EOS90,GPP,mean,SOL_to_EOS10,-0.7656547497885304,3.7528501622998496,0.8383382322528569,-0.17776724769046787,0.07103008237661579,298,56
year,NIRv,EOS90,GPP,mean,SOS_to_EOS90,-2.972410923447704,3.4708518734631926,0.39178080569933016,-0.2574155910952268,0.031522707645316284,315,56
year,NIRv,EOS90,GPP,mean,SOS_to_EOS50,-6.940769286966021,3.6651322522903826,0.0582609156224294,-0.29796557000610346,-0.02590891737584597,315,56
year,NIRv,EOS90,GPP,mean,SOS_to_EOS10,-4.1799849989751054,3.840416632205526,0.27640988199451033,-0.280270682943099,0.04356128516035122,314,56
year,NIRv,EOS90,GPP,mean,EOS90_to_EOS50,-17.96610270099352,2.7639818700117935,8.027742043139638e-11,-0.4352000023156528,-0.3159453709168375,313,55
year,NIRv,EOS90,NEP,cum,SOS_to_SOL,-11.300123957121048,2.550931016791741,9.431885035836801e-06,-0.3419062053230998,-0.23078708820318977,297,57
year,NIRv,EOS90,NEP,cum,SOL_to_EOS90,3.181986727368635,2.5484564448126146,0.21181370834609525,-0.07142278027913115,0.15072060914252736,258,53
year,NIRv,EOS90,NEP,cum,SOL_to_EOS10,1.38920397555894,3.0928547311262005,0.6533121951451404,0.02292833894033368,0.0017294120054645937,305,57
year,NIRv,EOS90,NEP,cum,SOS_to_EOS90,0.16032125741678457,2.750356602667225,0.9535167723722314,-0.02605534692076719,0.008121247763576894,320,57
year,NIRv,EOS90,NEP,cum,SOS_to_EOS50,-5.075520234598975,2.866521247512074,0.07662389158007304,-0.09287513778332002,-0.11309035177659722,322,57
year,NIRv,EOS90,NEP,cum,SOS_to_EOS10,-6.3531669001162445,2.84927066452642,0.025763913075802076,-0.11909704749185329,-0.14082068775987283,319,57
year,NIRv,EOS90,NEP,cum,EOS90_to_EOS50,-10.731744298898498,2.1964007987931273,1.02874284744335e-06,-0.2218464819716004,-0.2905554286743036,321,56
year,NIRv,EOS90,NEP,mean,SOS_to_SOL,-3.052578979312721,2.809642103467876,0.27727313324191594,-0.1447500640585725,-0.04247176226051168,297,57
year,NIRv,EOS90,NEP,mean,SOL_to_EOS90,-11.332858756418732,2.6267986707212496,1.6009250802361367e-05,-0.4302735270321055,-0.152025307277026,258,53
year,NIRv,EOS90,NEP,mean,SOL_to_EOS10,0.2957473084106816,3.049529516619614,0.922741252298513,-0.05094109131861649,-0.007373291071017661,305,57
year,NIRv,EOS90,NEP,mean,SOS_to_EOS90,-10.34685295669682,2.8768053854756332,0.00032234566898060976,-0.18393907269806326,-0.2090989734410557,320,57
year,NIRv,EOS90,NEP,mean,SOS_to_EOS50,-10.236311707236574,2.926481466689415,0.000469073816103155,-0.2038645006788558,-0.20680975933930845,322,57
year,NIRv,EOS90,NEP,mean,SOS_to_EOS10,-6.832825141267487,2.898646906583337,0.018411023263841798,-0.17416255438582753,-0.1346431275428098,319,57
year,NIRv,EOS90,NEP,mean,EOS90_to_EOS50,-8.94511985357213,2.2786641819029616,8.651449068312467e-05,-0.29141843091848385,-0.22529661468710066,321,56
