site_id,year,gpp_peak_doy,gpp_amplitude,GPP_EOS10
AT-Neu,2002,139,15.728101369999997,296.0
AT-Neu,2003,194,16.588429896333334,293.0
AT-Neu,2004,248,16.27064246971154,314.0
AT-Neu,2005,147,16.75853413333333,320.0
AT-Neu,2006,180,15.74981769,328.0
AT-Neu,2007,195,14.490361855,314.0
AT-Neu,2008,187,18.227269946666667,317.0
AT-Neu,2009,191,21.765999283333336,316.0
AT-Neu,2010,190,17.000749483333333,328.0
AT-Neu,2011,134,19.295741482142855,309.0
AT-Neu,2012,142,16.277090196666666,331.0
AT-Neu,2013,122,14.816718766666668,320.0
AT-Neu,2014,192,21.237640710416663,309.0
AT-Neu,2015,181,15.88757138,328.0
AT-Neu,2016,143,20.81456192820513,312.0
AT-Neu,2017,144,19.784911346666668,312.0
AT-Neu,2018,144,20.158180556666665,318.0
AT-Neu,2019,206,25.483102600000002,313.0
AT-Neu,2020,102,21.250859881666667,328.0
AT-Zoe,2014,159,9.59724833497619,289.0
AT-Zoe,2015,158,8.822839815431033,320.0
AT-Zoe,2016,207,5.428185020766667,316.0
AT-Zoe,2017,163,6.918235024,318.0
AT-Zoe,2019,175,8.20950251,297.0
AT-Zoe,2020,191,7.532590008333332,291.0
AT-Zoe,2021,173,9.55009452,310.0
AT-Zoe,2022,172,9.587840602166667,326.0
AT-Zoe,2023,227,9.684920151666667,314.0
BE-Bra,1999,194,9.322200440333333,313.0
BE-Bra,2000,165,8.221383165,305.0
BE-Bra,2001,210,9.040318935833334,364.0
BE-Bra,2002,204,6.788765065576924,315.0
BE-Bra,2005,221,9.286161065,
BE-Bra,2006,186,9.978405608333333,321.0
BE-Bra,2007,202,8.682711206666665,262.0
BE-Bra,2009,179,9.637954801666666,312.0
BE-Bra,2010,174,9.020574556666666,311.0
BE-Bra,2011,185,11.214010314102563,331.0
BE-Bra,2012,147,11.857620873333333,315.0
BE-Bra,2013,162,11.77580976348485,316.0
BE-Bra,2014,210,9.256624148333334,329.0
BE-Bra,2015,162,9.951114891666666,313.0
BE-Bra,2016,193,10.197674357916666,312.0
BE-Bra,2017,161,10.994855715333333,317.0
BE-Bra,2018,168,10.552413951666667,317.0
BE-Bra,2019,178,11.86686784,318.0
BE-Bra,2020,199,10.326653483333333,317.0
BE-Bra,2021,204,10.38009875,316.0
BE-Bra,2022,191,12.161685997142422,316.0
BE-Bra,2023,152,10.841746275641025,308.0
BE-Bra,2024,181,11.223496966666668,307.0
BE-Dor,2011,160,12.038282236666667,331.0
BE-Dor,2012,179,13.141185994533334,315.0
BE-Dor,2013,188,13.621367353333333,307.0
BE-Dor,2014,145,13.906687766666668,325.0
BE-Dor,2015,131,12.661506933333335,320.0
BE-Dor,2016,129,12.686749793333334,312.0
BE-Dor,2017,159,14.859749276666665,330.0
BE-Dor,2018,110,12.741375566666667,320.0
BE-Dor,2019,150,15.334862699999999,310.0
BE-Dor,2020,135,13.874703930952379,322.0
BE-Dor,2021,111,11.205447433333333,312.0
BE-Dor,2022,173,13.33619972,224.0
BE-Dor,2023,120,14.201296233333334,313.0
BE-Dor,2024,127,10.997062391666667,319.0
BE-Maa,2016,203,2.9733974949999995,312.0
BE-Maa,2017,239,1.7823435450000003,317.0
BE-Maa,2018,161,5.547850826366666,
BE-Maa,2019,175,4.859026436878788,311.0
BE-Maa,2020,206,5.170968081666666,317.0
BE-Maa,2021,205,7.615959238333333,314.0
BE-Maa,2022,175,6.564190098333333,325.0
BE-Maa,2023,181,6.136157366666666,314.0
BE-Maa,2024,195,7.920835944871795,310.0
BE-Maa,2025,173,6.294625827651515,316.0
BE-Vie,1997,196,10.815417359666665,328.0
BE-Vie,1998,224,13.713067383333335,297.0
BE-Vie,1999,195,11.827941741833333,309.0
BE-Vie,2000,178,9.186433668333333,304.0
BE-Vie,2001,209,13.643296985416667,321.0
BE-Vie,2002,174,11.133752251136361,310.0
BE-Vie,2003,219,11.880702418333332,322.0
BE-Vie,2004,142,10.45815529,320.0
BE-Vie,2005,191,12.446841844833333,322.0
BE-Vie,2006,186,9.801007411428571,315.0
BE-Vie,2007,160,9.818028460227275,305.0
BE-Vie,2008,156,11.1643444,313.0
BE-Vie,2009,200,13.049646571333334,311.0
BE-Vie,2010,194,13.947325361666666,330.0
BE-Vie,2011,139,11.578419586666666,333.0
BE-Vie,2012,207,11.992282974166667,327.0
BE-Vie,2013,195,13.270508679848486,305.0
BE-Vie,2014,168,11.690321580906668,314.0
BE-Vie,2015,181,11.96138558,315.0
BE-Vie,2016,168,11.193412133333332,312.0
BE-Vie,2017,170,11.296321094666666,313.0
BE-Vie,2018,150,11.357098476666668,324.0
BE-Vie,2019,200,12.82927101228788,310.0
BE-Vie,2020,198,7.707549149999999,322.0
BE-Vie,2021,197,11.320102625,329.0
BE-Vie,2022,180,10.257195336666667,334.0
BE-Vie,2023,188,9.448709966666668,303.0
BE-Vie,2024,209,11.559343364583333,317.0
BE-Vie,2025,157,12.502711009523809,299.0
CA-Ca1,1998,208,17.23269884848485,306.0
CA-Ca1,1999,207,11.882596416666667,299.0
CA-Ca1,2000,217,13.209577636666669,305.0
CA-Ca1,2001,225,13.1199301,308.0
CA-Ca1,2002,199,14.196926683333334,305.0
CA-Ca1,2003,190,12.646787616666666,319.0
CA-Ca1,2004,191,21.13697283333333,286.0
CA-Ca1,2005,215,12.941343466666668,284.0
CA-Ca1,2006,201,14.677446899999998,313.0
CA-Ca1,2007,210,13.099958681818181,304.0
CA-Ca1,2008,221,14.754323300000001,318.0
CA-Ca1,2009,211,15.548750233333337,294.0
CA-Ca2,2001,222,3.5400698621666664,306.0
CA-Ca2,2002,176,5.561680623333333,277.0
CA-Ca2,2003,173,5.527700989833332,306.0
CA-Ca2,2004,177,7.5491233336666665,299.0
CA-Ca2,2005,151,10.032351347222221,280.0
CA-Ca2,2006,179,8.978607502523811,288.0
CA-Ca2,2007,211,9.200749925401515,305.0
CA-Ca2,2008,180,11.495721841111111,299.0
CA-Ca2,2009,186,11.258226786666667,319.0
CA-Ca2,2010,179,10.612789858333333,298.0
CA-Cbo,1996,180,13.418296311666667,297.0
CA-Cbo,1997,197,13.8955872095,295.0
CA-Cbo,1998,240,12.474189138,313.0
CA-Cbo,1999,190,12.886536888000002,284.0
CA-Cbo,2000,208,12.898947022833333,300.0
CA-Cbo,2001,172,13.493476523166667,352.0
CA-Cbo,2002,183,11.870453261500002,299.0
CA-Cbo,2003,179,14.698284936,292.0
CA-Cbo,2005,216,12.192318011851851,302.0
CA-Cbo,2006,183,13.333759175,284.0
CA-Cbo,2007,168,12.363700650666665,303.0
CA-Cbo,2008,217,11.608347860333334,286.0
CA-Cbo,2009,179,14.8035742985,287.0
CA-Cbo,2010,208,16.081627556833332,292.0
CA-Cbo,2011,167,17.895320147333333,291.0
CA-Cbo,2012,181,14.90730072029762,290.0
CA-Cbo,2013,208,15.426571035000002,293.0
CA-Cbo,2014,205,17.923948647818182,278.0
CA-Cbo,2015,197,16.462484123333333,292.0
CA-Cbo,2016,212,17.782270345000004,301.0
CA-Cbo,2017,186,18.5867733138,291.0
CA-Cbo,2018,166,16.788797633699634,295.0
CA-Cbo,2019,179,15.226204022383333,299.0
CA-Cbo,2020,207,17.535314310166665,289.0
CA-Cbo,2021,165,13.117521226666666,292.0
CA-Cbo,2022,186,14.436628987250002,295.0
CA-Cbo,2023,192,19.395647743333335,293.0
CA-Cbo,2024,220,12.4586398481,299.0
CA-Gro,2004,178,11.904568786666667,261.0
CA-Gro,2005,166,9.659154552,305.0
CA-Gro,2006,190,10.916394892166666,297.0
CA-Gro,2007,176,10.184073728333333,307.0
CA-Gro,2008,222,10.920447826666665,301.0
CA-Gro,2009,183,9.666079863166667,301.0
CA-Gro,2010,188,8.532492729666666,303.0
CA-Gro,2011,187,8.864832919666666,309.0
CA-Gro,2012,183,8.824869778333333,301.0
CA-Gro,2013,196,7.984976666666666,303.0
CA-Man,1994,204,6.294091060666666,291.0
CA-Man,1995,213,6.677475041999999,292.0
CA-Man,1996,189,6.2059529009,297.0
CA-Man,1997,36,13.67266757576923,47.0
CA-Man,1998,202,6.537139664666666,297.0
CA-Man,1999,220,6.201331094196429,310.0
CA-Man,2000,198,5.387070551785714,301.0
CA-Man,2001,188,5.959162636,294.0
CA-Man,2002,216,6.156228795333333,289.0
CA-Man,2003,212,6.350180858333333,293.0
CA-Man,2007,178,4.614340121666666,304.0
CA-Man,2008,54,18.049537057300004,69.0
CA-TP1,2003,225,3.6577578266666673,
CA-TP1,2004,172,4.043025981333333,353.0
CA-TP1,2005,157,2.1575040875,328.0
CA-TP1,2007,209,5.001107040666666,313.0
CA-TP1,2008,177,5.664928793333333,325.0
CA-TP1,2009,230,6.745900209666666,339.0
CA-TP1,2010,202,8.148542899333334,333.0
CA-TP1,2011,156,8.8103823765,342.0
CA-TP1,2012,164,8.405905923333334,335.0
CA-TP1,2013,170,10.108056308633332,328.0
CA-TP1,2014,261,8.495336108666667,327.0
CA-TP1,2015,168,12.6483704275,
CA-TP1,2016,136,11.936185453333334,347.0
CA-TP1,2017,190,12.709731285666667,340.0
CA-TP1,2018,226,20.265046035,299.0
CA-TP1,2019,226,15.510121806666668,316.0
CA-TP1,2020,221,19.010204133333335,322.0
CA-TP1,2021,235,14.549752778999999,329.0
CA-TP1,2022,207,15.828122066666667,328.0
CA-TP1,2023,215,15.945018749833332,328.0
CA-TP3,2003,232,7.2996770966666675,317.0
CA-TP3,2004,156,5.928954003333334,292.0
CA-TP3,2005,152,8.145285865,
CA-TP3,2007,203,5.813506806666666,325.0
CA-TP3,2008,186,10.503446793833334,324.0
CA-TP3,2009,187,11.127116649583332,337.0
CA-TP3,2010,178,12.323273575303032,332.0
CA-TP3,2011,224,13.136562528000002,337.0
CA-TP3,2012,166,10.775977290666665,335.0
CA-TP3,2013,220,12.456007176,327.0
CA-TP3,2014,197,13.240843013,322.0
CA-TP3,2015,169,13.632870072166668,353.0
CA-TP3,2016,224,9.8736974305,342.0
CA-TP3,2017,182,11.875320835,340.0
CA-TP3,2018,228,12.777004944166666,320.0
CA-TP3,2019,219,13.139939933333332,322.0
CA-TP3,2020,201,12.530265486666668,342.0
CA-TP3,2021,214,11.7657108777,334.0
CA-TP3,2022,208,11.667917238333333,328.0
CA-TP3,2023,216,11.005087183333332,330.0
CA-TP4,2003,192,10.945540818666666,332.0
CA-TP4,2004,181,9.764773538846153,328.0
CA-TP4,2005,167,8.689710816666667,324.0
CA-TP4,2006,223,9.494181882,332.0
CA-TP4,2007,206,10.904962660866667,325.0
CA-TP4,2008,220,13.302548109000002,320.0
CA-TP4,2009,180,16.79663128,322.0
CA-TP4,2010,189,12.756490959383333,325.0
CA-TP4,2011,166,12.62669412,336.0
CA-TP4,2012,174,10.105966156666664,324.0
CA-TP4,2013,190,12.565423711333333,327.0
CA-TP4,2014,213,14.471067670555556,318.0
CA-TP4,2015,206,13.260355581666667,342.0
CA-TP4,2016,185,11.354208369999998,337.0
CA-TP4,2017,172,14.043696207166665,308.0
CA-TP4,2018,214,12.332875246666665,316.0
CA-TP4,2019,175,12.700176737,330.0
CA-TP4,2020,214,11.869863567333335,336.0
CA-TP4,2021,214,13.535716785,330.0
CA-TP4,2022,162,10.3430003545,327.0
CA-TP4,2023,194,11.837706502666666,326.0
CA-TPD,2012,186,13.841372307999999,301.0
CA-TPD,2013,193,12.294826526666666,298.0
CA-TPD,2014,212,14.250671443666665,298.0
CA-TPD,2015,206,13.18432173466667,299.0
CA-TPD,2016,190,14.854867326666666,308.0
CA-TPD,2017,177,12.785003504141025,301.0
CA-TPD,2018,157,11.199076111111111,302.0
CA-TPD,2019,200,14.516864346666669,296.0
CA-TPD,2020,214,12.308033826333334,295.0
CA-TPD,2021,160,10.372085368333332,308.0
CA-TPD,2022,209,14.033041585499998,304.0
CA-TPD,2023,186,14.473545056666667,300.0
CH-Aws,2011,206,10.439831565934066,284.0
CH-Aws,2014,155,12.873059621633335,324.0
CH-Aws,2015,221,10.539828251333335,319.0
CH-Aws,2016,160,13.467002296000002,309.0
CH-Aws,2017,165,13.376448585499999,305.0
CH-Aws,2018,172,15.125085926499999,302.0
CH-Aws,2019,164,15.966595511666666,306.0
CH-Aws,2020,148,15.604829528333335,296.0
CH-Aws,2021,164,17.127943537649998,303.0
CH-Aws,2022,166,16.187326748666667,301.0
CH-Aws,2023,164,15.305854448499998,305.0
CH-Aws,2024,162,17.699476187371797,310.0
CH-Cha,2006,160,17.768960879880954,337.0
CH-Cha,2007,170,16.10648966666667,316.0
CH-Cha,2008,202,19.481081806428573,321.0
CH-Cha,2010,113,14.854283933333333,292.0
CH-Cha,2011,168,16.543232034632034,243.0
CH-Cha,2012,211,16.881192963333334,280.0
CH-Cha,2013,128,15.160484196666667,313.0
CH-Cha,2014,162,13.978061499999999,301.0
CH-Cha,2015,198,14.015217031666666,330.0
CH-Cha,2016,168,17.3772968,321.0
CH-Cha,2017,235,24.717882325,312.0
CH-Cha,2018,105,12.258764966666666,304.0
CH-Cha,2019,149,16.104734599358974,317.0
CH-Cha,2020,139,12.802565166666668,326.0
CH-Cha,2021,88,19.415334163333334,229.0
CH-Cha,2022,122,16.032037404285717,330.0
CH-Cha,2023,154,13.87937065,312.0
CH-Cha,2024,196,16.080509216666666,313.0
CH-Dav,1997,162,9.241283216666666,329.0
CH-Dav,1998,200,11.486993953333334,323.0
CH-Dav,1999,159,11.903339299999999,316.0
CH-Dav,2000,207,10.410480746666668,317.0
CH-Dav,2001,184,10.712750562083334,313.0
CH-Dav,2002,204,11.523105283333333,335.0
CH-Dav,2003,182,12.377123929999998,345.0
CH-Dav,2004,182,9.301065215,319.0
CH-Dav,2005,184,9.463432764999999,323.0
CH-Dav,2006,227,9.251402524999998,341.0
CH-Dav,2007,169,7.83670149,294.0
CH-Dav,2009,188,8.252688253333334,335.0
CH-Dav,2012,161,10.556210328333334,333.0
CH-Dav,2013,212,8.726383421666666,329.0
CH-Dav,2014,209,13.824016325,337.0
CH-Dav,2015,167,9.387844886666667,324.0
CH-Dav,2016,186,9.630452761666666,314.0
CH-Dav,2017,187,10.743125373333331,325.0
CH-Dav,2018,164,9.528224735,346.0
CH-Dav,2019,190,8.866293658333333,333.0
CH-Dav,2020,195,7.0419993000000005,364.0
CH-Dav,2021,156,7.2813933933333335,331.0
CH-Dav,2022,183,8.541958723333334,337.0
CH-Dav,2023,201,7.2491292195,327.0
CH-Dav,2024,206,8.945798685,322.0
CH-Dav,2025,222,8.971536298333332,326.0
CH-Fru,2006,158,12.536054890444445,338.0
CH-Fru,2007,210,14.666081938333335,294.0
CH-Fru,2008,130,13.27934828,320.0
CH-Fru,2009,158,14.352137708333332,
CH-Fru,2010,139,12.245531847606062,331.0
CH-Fru,2011,134,16.836771029761906,326.0
CH-Fru,2012,169,16.180351554999998,330.0
CH-Fru,2013,243,12.667382865000002,337.0
CH-Fru,2014,158,15.602673314791666,316.0
CH-Fru,2015,131,12.821586810000001,272.0
CH-Fru,2016,234,13.928651216666667,306.0
CH-Fru,2017,140,14.093773251666665,361.0
CH-Fru,2018,232,19.69071431833333,323.0
CH-Fru,2019,144,24.428943685000004,316.0
CH-Fru,2020,207,14.484803091666667,334.0
CH-Fru,2021,149,14.616775974666666,326.0
CH-Fru,2022,187,16.33845029333333,340.0
CH-Fru,2023,205,16.190661467,329.0
CH-Fru,2024,197,22.417835710000002,319.0
CH-Lae,2004,342,11.145788306666667,355.0
CH-Lae,2005,161,9.858318061666669,300.0
CH-Lae,2006,164,8.608047724499999,312.0
CH-Lae,2007,140,13.776966790000001,295.0
CH-Lae,2008,171,10.989739191666668,297.0
CH-Lae,2009,186,11.68755215,299.0
CH-Lae,2010,183,10.313858356666666,302.0
CH-Lae,2011,130,10.641481551515152,336.0
CH-Lae,2012,169,14.493123183333335,306.0
CH-Lae,2013,192,13.1525065,325.0
CH-Lae,2014,139,10.714100490833333,310.0
CH-Lae,2015,144,13.39979145488889,307.0
CH-Lae,2016,186,17.340777072,297.0
CH-Lae,2017,175,13.834547873333333,314.0
CH-Lae,2018,145,14.235162799999998,306.0
CH-Lae,2019,223,14.560511156249998,310.0
CH-Lae,2020,186,14.895574248484849,304.0
CH-Lae,2021,172,16.1261142,312.0
CH-Lae,2022,184,15.614465446666665,342.0
CH-Lae,2023,164,13.513592826166665,309.0
CH-Lae,2024,196,17.05352440333333,315.0
CH-Oe1,2002,127,14.92535856025641,336.0
CH-Oe1,2003,124,13.381989446083335,316.0
CH-Oe1,2004,118,15.239945770833334,312.0
CH-Oe1,2005,153,12.391683961166667,324.0
CH-Oe1,2006,128,12.208289170518334,
CH-Oe1,2007,140,14.012158116666669,291.0
CH-Oe1,2008,240,12.601126832272728,339.0
CH-Oe1,2009,149,15.287427924999998,341.0
CH-Oe1,2010,179,13.187058445142856,325.0
CH-Oe1,2011,210,12.189641283333334,311.0
CH-Oe3,2002,199,9.572971676666665,311.0
CH-Oe3,2003,125,12.056273673333333,294.0
CH-Oe3,2004,198,14.56914320528846,314.0
CH-Oe3,2005,125,13.221099296666669,324.0
CH-Oe3,2006,128,13.86266223,307.0
CH-Oe3,2007,223,10.91180083,298.0
CH-Oe3,2008,125,11.529090448333333,317.0
CH-Oe3,2009,234,12.550464836666665,299.0
CH-Oe3,2010,183,16.204986737765154,316.0
CH-Oe3,2011,210,10.845783086666668,317.0
CH-Rtb,2009,223,9.026698548666667,338.0
CH-Rtb,2010,113,9.393001921833333,327.0
CH-Rtb,2011,223,9.535578393333335,342.0
CH-Rtb,2012,224,9.400839886,335.0
CH-Rtb,2013,128,9.15778888285,327.0
CH-Rtb,2014,175,8.6256357825,331.0
CH-Rtb,2015,175,10.612085136666668,330.0
CH-Rtb,2016,176,7.889227333974358,277.0
CH-Rtb,2017,165,11.838128587999998,333.0
CH-Rtb,2018,176,11.730243993571428,318.0
CH-Rtb,2019,115,9.678341493333335,158.0
CH-Rtb,2020,204,9.242724334615385,233.0
CH-Rtb,2021,135,9.063201088333335,333.0
CH-Rtb,2022,174,12.404064410714286,339.0
CN-Aro,2014,189,9.660472706666667,279.0
CN-Aro,2015,191,9.909660102833334,285.0
CN-Aro,2017,195,8.938688799999998,293.0
CN-Aro,2019,200,6.7559228723333336,283.0
CN-Aro,2020,190,7.258092510666668,304.0
CN-Aro,2021,195,7.911228436666666,288.0
CN-Aro,2022,194,7.921140096666667,288.0
CN-Aro,2023,214,9.308736843333335,293.0
CN-Aro,2024,206,7.7096397166666675,299.0
CN-Dsh,2014,190,4.74826641,271.0
CN-Dsh,2015,196,4.640585805666667,298.0
CN-Dsh,2016,202,5.841644654866665,282.0
CN-Dsh,2018,194,5.535096673333333,295.0
CN-Dsh,2019,219,4.025997413333333,282.0
CN-Dsh,2020,232,5.660591994833333,268.0
CN-Dsh,2021,205,5.324904691666667,268.0
CN-Dsh,2022,258,1.9187400923333333,300.0
CN-Dsh,2023,209,7.40499625,
CN-HaM,2002,207,8.694032583333334,276.0
CN-HaM,2003,231,8.643607846666667,295.0
CN-HaM,2004,209,7.935399168333334,290.0
CN-HaM,2005,209,8.832265103333333,319.0
CN-HaM,2006,189,9.195183841666667,310.0
CN-HaM,2008,179,8.257137487333333,290.0
CN-HaM,2009,222,9.488924476000001,285.0
CN-HaM,2013,174,11.973562188333332,328.0
CN-HaM,2014,219,13.658008850988093,288.0
CN-HeM,2014,199,6.023906613166667,285.0
CN-HeM,2015,201,6.531810073333333,293.0
CN-HeM,2016,173,6.248376968333334,
CN-HeM,2017,156,4.9899748445,
CN-HeM,2018,210,6.778469865333333,283.0
CN-HeM,2019,183,5.990647858974359,291.0
CN-HeM,2020,181,7.951304503599999,321.0
CN-HeM,2021,213,6.7301246400000005,295.0
CN-HeM,2022,184,5.988262875999999,287.0
CN-HeM,2023,172,4.868509733333332,293.0
CN-HeM,2024,169,4.864193253333333,291.0
CN-Sdq,2014,232,5.082400387222222,282.0
CN-Sdq,2015,197,5.660139981666668,277.0
CN-Sdq,2016,215,5.344548115199999,295.0
CN-Sdq,2017,212,6.160726583333333,279.0
CN-Sdq,2018,217,6.520654536666667,270.0
CN-Sdq,2019,214,5.5086723545,
CN-Sdq,2020,168,6.312234066666668,336.0
CN-Sdq,2021,211,5.30851925,292.0
CN-Sdq,2022,188,5.4005125199999995,296.0
CN-Sdq,2023,235,5.0281969562499995,320.0
CN-Sdq,2024,177,4.7362439,280.0
CN-Xi2,2011,213,6.642776500543561,281.0
CN-Xi2,2013,194,7.831198181666665,268.0
CN-Xi2,2014,184,5.908203412066667,284.0
CN-Xi2,2015,206,5.672817467333333,302.0
CN-Xi2,2017,185,2.6383839901890753,279.0
CN-Xi2,2018,225,6.81828251,277.0
CN-Xi2,2019,236,4.583879436,266.0
CN-Xi2,2020,203,6.426553651666667,301.0
CN-YaS,2012,190,5.4631189173333325,288.0
CN-YaS,2013,199,4.282689485333334,308.0
CN-YaS,2014,228,2.7205537365000003,338.0
CN-YaS,2015,233,3.2055126071666664,296.0
CN-YaS,2016,162,4.198524616666666,298.0
CN-YaS,2017,217,3.7371932466666666,304.0
CN-YaS,2018,192,4.138845459805555,294.0
CN-YaS,2019,217,4.148633176666666,305.0
CN-YaS,2020,252,3.245488752,308.0
CZ-BK1,2004,219,11.589201523833331,316.0
CZ-BK1,2005,204,9.747773861666667,321.0
CZ-BK1,2006,169,9.691455166833336,357.0
CZ-BK1,2007,177,11.68444622952381,308.0
CZ-BK1,2008,171,12.661773926666665,319.0
CZ-BK1,2009,233,12.325194150416666,351.0
CZ-BK1,2010,185,12.790399616666667,326.0
CZ-BK1,2011,169,11.75013556297619,324.0
CZ-BK1,2012,208,10.278802980833335,333.0
CZ-BK1,2013,195,12.294658120000001,331.0
CZ-BK1,2014,163,14.410072677777778,323.0
CZ-BK1,2015,162,13.734989244666664,320.0
CZ-BK1,2016,187,11.829274006799999,313.0
CZ-BK1,2017,191,16.623142526666665,318.0
CZ-BK1,2018,208,16.575324759,317.0
CZ-BK1,2019,172,14.519233417499999,331.0
CZ-BK1,2020,185,16.49425457846667,326.0
CZ-BK1,2021,208,17.046734595500002,324.0
CZ-BK1,2022,199,14.361787028333332,323.0
CZ-BK1,2023,159,16.54440679,317.0
CZ-BK1,2024,199,15.257533600000002,325.0
CZ-BK1,2025,199,15.24954796,273.0
CZ-Lnz,2015,155,14.311466469299999,293.0
CZ-Lnz,2016,186,14.528190686499999,296.0
CZ-Lnz,2017,159,13.330502303333333,298.0
CZ-Lnz,2018,154,15.707740047000001,345.0
CZ-Lnz,2019,169,16.248998389666667,297.0
CZ-Lnz,2020,189,15.791215673333332,303.0
CZ-Lnz,2021,179,16.243403432,299.0
CZ-Lnz,2022,186,13.612689971866667,294.0
CZ-Lnz,2023,167,14.626337666666666,305.0
CZ-Lnz,2024,170,15.654234132333332,298.0
CZ-Lnz,2025,167,13.615127910000002,296.0
CZ-RAJ,2012,180,11.074146793333332,324.0
CZ-RAJ,2013,167,13.418390143333333,326.0
CZ-RAJ,2014,159,9.8464655645,324.0
CZ-RAJ,2015,131,9.02936725,324.0
CZ-RAJ,2016,180,10.547151378633336,317.0
CZ-RAJ,2017,158,10.170199443458335,335.0
CZ-RAJ,2018,176,9.52471,320.0
CZ-RAJ,2019,157,10.397785443333333,332.0
CZ-RAJ,2020,181,8.806775408333335,328.0
CZ-RAJ,2021,192,9.311132497333332,322.0
CZ-RAJ,2022,172,9.849488503166667,324.0
CZ-RAJ,2023,172,11.119115546666666,319.0
CZ-RAJ,2024,174,14.2065298,310.0
CZ-Stn,2010,196,16.913643979166665,291.0
CZ-Stn,2011,151,17.12597180261905,302.0
CZ-Stn,2012,165,12.296094723666664,299.0
CZ-Stn,2013,186,13.948585873333332,284.0
CZ-Stn,2014,162,13.063276275,297.0
CZ-Stn,2015,164,13.655703130036631,296.0
CZ-Stn,2016,206,14.109503831666668,296.0
CZ-Stn,2017,148,14.226023965,292.0
CZ-Stn,2018,174,15.525421922738095,298.0
CZ-Stn,2019,158,13.680835434166667,295.0
CZ-Stn,2020,144,14.554340375666667,291.0
CZ-Stn,2021,163,13.935077864833335,297.0
CZ-Stn,2022,197,13.279396677333333,293.0
CZ-Stn,2023,172,16.260306708066665,300.0
CZ-Stn,2024,186,12.286752751,301.0
DE-Gri,2004,162,10.796019940666666,306.0
DE-Gri,2005,217,7.883288431666666,323.0
DE-Gri,2006,170,9.993580729833335,346.0
DE-Gri,2007,201,11.397675676363638,310.0
DE-Gri,2008,131,12.075473038333334,318.0
DE-Gri,2009,224,8.102531806333333,340.0
DE-Gri,2010,183,12.950044799999999,316.0
DE-Gri,2011,149,12.664305465,292.0
DE-Gri,2012,145,12.585290253333332,302.0
DE-Gri,2013,134,12.455300761166667,318.0
DE-Gri,2014,200,14.799746866602565,321.0
DE-Gri,2015,158,10.859299386666667,320.0
DE-Gri,2016,154,16.08678286683333,313.0
DE-Gri,2017,145,15.054380508333333,305.0
DE-Gri,2018,127,14.346289293666667,230.0
DE-Gri,2019,156,13.597062162333332,315.0
DE-Gri,2020,171,10.128730359999999,191.0
DE-Gri,2021,157,14.807297566666668,318.0
DE-Gri,2022,139,14.740967094666669,226.0
DE-Gri,2023,135,13.996356973333333,317.0
DE-Gri,2024,141,11.131661054166667,310.0
DE-GsB,2015,131,12.831938183333333,229.0
DE-GsB,2016,115,10.337796046666668,313.0
DE-GsB,2017,146,14.163487016666668,315.0
DE-GsB,2018,111,10.935100504166666,297.0
DE-GsB,2019,176,10.064538390000001,306.0
DE-GsB,2020,122,9.117524745416667,315.0
DE-GsB,2021,132,10.124781166499998,307.0
DE-GsB,2022,127,11.1378554,244.0
DE-GsB,2023,223,10.594253521666666,319.0
DE-GsB,2024,211,10.148776265416668,312.0
DE-Hai,2000,171,13.989935338333332,294.0
DE-Hai,2001,181,14.670284836833332,280.0
DE-Hai,2002,215,14.612167326166666,296.0
DE-Hai,2003,171,15.064797789999998,295.0
DE-Hai,2004,205,12.918506408333334,295.0
DE-Hai,2005,177,13.6818157865,301.0
DE-Hai,2006,175,14.677683183333333,300.0
DE-Hai,2007,164,13.535170933333331,291.0
DE-Hai,2008,156,13.632783804416668,289.0
DE-Hai,2009,187,13.361329948333333,299.0
DE-Hai,2010,182,13.431245626666666,307.0
DE-Hai,2011,167,12.198432598333333,299.0
DE-Hai,2012,181,12.554896201666667,299.0
DE-Hai,2013,194,15.484822854999999,284.0
DE-Hai,2014,214,13.901199835,296.0
DE-Hai,2015,161,13.104803106666667,301.0
DE-Hai,2016,176,13.970729050000003,311.0
DE-Hai,2017,191,15.32809182,284.0
DE-Hai,2018,158,11.951263214166667,301.0
DE-Hai,2019,165,11.147919258571429,294.0
DE-Hai,2020,178,8.975565902676282,298.0
DE-Hai,2021,184,9.656296389333335,
DE-Hai,2022,180,11.932210642000001,297.0
DE-Hai,2023,165,12.339939892307694,306.0
DE-Hai,2024,174,10.364335358333333,288.0
DE-HoH,2015,161,14.598450863333333,292.0
DE-HoH,2016,174,16.168303716666667,300.0
DE-HoH,2017,172,16.751843348958335,299.0
DE-HoH,2018,164,14.69683648,302.0
DE-HoH,2019,169,17.732057318000003,303.0
DE-HoH,2020,178,16.194825485,308.0
DE-HoH,2021,166,21.47250255666667,299.0
DE-HoH,2022,167,16.2675718825,309.0
DE-HoH,2023,183,15.686232173333334,311.0
DE-HoH,2024,181,17.412872390151513,308.0
DE-HoH,2025,164,18.08125386333333,299.0
DE-Hzd,2011,167,9.424686928666667,341.0
DE-Hzd,2012,171,10.130121196428572,332.0
DE-Hzd,2013,213,11.5971829,308.0
DE-Hzd,2014,197,12.372439465333334,308.0
DE-Hzd,2015,183,17.592390021666667,287.0
DE-Hzd,2016,179,17.022226585714286,303.0
DE-Hzd,2018,155,12.307284651071427,301.0
DE-Hzd,2019,172,17.317840601666667,299.0
DE-Hzd,2020,184,11.271534160333335,304.0
DE-Hzd,2021,222,14.852362458333335,302.0
DE-Hzd,2022,191,16.139197628333335,231.0
DE-Hzd,2023,189,16.340061763500003,315.0
DE-Hzd,2024,192,16.363096223333336,256.0
DE-Hzd,2025,170,18.116965285000003,302.0
DE-Obe,2008,173,13.39349337,322.0
DE-Obe,2009,162,12.087156063333335,338.0
DE-Obe,2010,177,12.255311993333331,323.0
DE-Obe,2011,193,11.933708756666666,334.0
DE-Obe,2012,174,13.279677116666667,335.0
DE-Obe,2013,202,13.5154751812,323.0
DE-Obe,2014,200,13.274449006666666,294.0
DE-Obe,2015,208,11.533356747833334,324.0
DE-Obe,2016,226,11.599814926666667,313.0
DE-Obe,2017,196,12.281174379102563,335.0
DE-Obe,2018,114,9.209770294999998,324.0
DE-Obe,2019,205,9.347422376666666,337.0
DE-Obe,2020,180,9.542009891666668,294.0
DE-Obe,2021,184,10.84511697555769,326.0
DE-Obe,2022,198,11.158217075833333,325.0
DE-Obe,2023,209,12.707063423166664,321.0
DE-Obe,2024,192,11.924640292666664,316.0
DE-Obe,2025,178,14.686104384583333,312.0
DE-RuC,2014,252,3.1561363523333332,343.0
DE-RuC,2015,181,5.110246621638889,328.0
DE-RuC,2016,168,8.035589067333333,309.0
DE-RuC,2017,168,7.173020668333334,321.0
DE-RuC,2018,148,9.660916231666665,302.0
DE-RuC,2019,175,8.537896226666666,309.0
DE-RuC,2020,226,7.128068043333333,314.0
DE-RuC,2021,165,10.324075216666666,309.0
DE-RuC,2022,190,8.265807296666667,328.0
DE-RuC,2023,171,7.807952426666666,304.0
DE-RuC,2024,176,8.889783147916665,317.0
DE-RuC,2025,167,9.10377214,299.0
DE-RuR,2011,161,10.566253213333333,333.0
DE-RuR,2012,147,12.016485403333334,306.0
DE-RuR,2013,211,10.884778776666668,317.0
DE-RuR,2014,159,12.437362324333332,319.0
DE-RuR,2015,220,13.657124560000002,320.0
DE-RuR,2016,135,12.561450683333332,290.0
DE-RuR,2017,154,11.303570057738094,327.0
DE-RuR,2018,160,14.662872466666666,298.0
DE-RuR,2019,171,14.679184603,310.0
DE-RuR,2020,167,13.068762933333334,304.0
DE-RuR,2021,165,15.999225995066666,321.0
DE-RuR,2022,125,14.584618083333334,328.0
DE-RuR,2023,158,12.932315531666667,320.0
DE-RuR,2024,222,13.62182752,317.0
DE-RuW,2012,155,10.834842583333334,279.0
DE-RuW,2013,183,11.869836266666667,339.0
DE-RuW,2014,191,9.629517866666665,317.0
DE-RuW,2015,198,9.723296933333334,317.0
DE-RuW,2016,207,14.925207556666667,312.0
DE-RuW,2017,168,14.151295033333334,
DE-RuW,2018,172,10.013750526086955,305.0
DE-RuW,2019,238,13.418229542083333,327.0
DE-RuW,2020,189,9.385054433333334,318.0
DE-RuW,2021,203,16.42335070897436,300.0
DE-RuW,2022,207,13.945225574999998,253.0
DE-RuW,2023,217,23.65025768666667,298.0
DE-RuW,2024,208,20.255647393333334,336.0
DE-Tha,1997,181,9.386150048484849,305.0
DE-Tha,1998,177,10.195275361333334,319.0
DE-Tha,1999,150,10.049764893435897,315.0
DE-Tha,2000,154,9.298821715833334,347.0
DE-Tha,2001,181,10.466958797272728,324.0
DE-Tha,2002,169,10.301307539166666,330.0
DE-Tha,2003,155,9.488000655,338.0
DE-Tha,2004,163,9.592414998958334,316.0
DE-Tha,2005,149,10.180704317166667,324.0
DE-Tha,2006,168,8.602744333499999,358.0
DE-Tha,2007,164,6.146227201410256,343.0
DE-Tha,2008,156,11.437273416666665,319.0
DE-Tha,2009,186,9.971598561666667,338.0
DE-Tha,2010,171,11.822907939999999,323.0
DE-Tha,2011,193,8.551117687166668,337.0
DE-Tha,2012,174,9.828697834999998,327.0
DE-Tha,2013,194,10.966654249666664,324.0
DE-Tha,2014,160,8.576713994242425,326.0
DE-Tha,2015,161,9.492723476666665,329.0
DE-Tha,2016,155,12.414793046666666,314.0
DE-Tha,2017,172,9.740220646666668,327.0
DE-Tha,2018,160,8.853845125,323.0
DE-Tha,2019,173,9.3326792075,336.0
DE-Tha,2020,167,7.360561324242424,329.0
DE-Tha,2021,159,11.141258406,322.0
DE-Tha,2022,161,10.132792910000001,320.0
DE-Tha,2023,173,11.49477713,319.0
DE-Tha,2024,161,11.152568575833333,321.0
DK-Sor,1997,162,14.807887543333335,299.0
DK-Sor,1998,169,15.334328391686666,293.0
DK-Sor,1999,187,16.323596418733334,297.0
DK-Sor,2000,168,16.561227928333334,297.0
DK-Sor,2001,181,17.388335926666667,301.0
DK-Sor,2002,170,16.505983289999996,287.0
DK-Sor,2003,158,17.516298327166663,295.0
DK-Sor,2004,167,16.283875458333334,294.0
DK-Sor,2005,176,17.486339161666667,302.0
DK-Sor,2006,164,18.003343134909095,300.0
DK-Sor,2007,156,18.1344288835,295.0
DK-Sor,2008,155,17.768204081666667,295.0
DK-Sor,2009,171,16.970234215454546,292.0
DK-Sor,2010,177,19.559329720555557,295.0
DK-Sor,2011,166,15.81569761939394,298.0
DK-Sor,2012,168,15.635477588333334,298.0
DK-Sor,2013,192,17.08546233566667,295.0
DK-Sor,2014,161,18.483517254000002,298.0
DK-Sor,2015,181,20.088405445,300.0
DK-Sor,2016,157,19.825509063083334,296.0
DK-Sor,2017,166,18.721800698333332,297.0
DK-Sor,2018,158,17.463748796666668,301.0
DK-Sor,2019,174,20.330722768181815,292.0
DK-Sor,2020,154,17.212523583333333,300.0
DK-Sor,2021,163,19.522928206666666,295.0
DK-Sor,2022,178,19.70899864895833,300.0
DK-Sor,2023,172,18.27795870333333,301.0
DK-Sor,2024,174,18.544768837824677,299.0
ES-LM1,2014,108,6.880424833333334,221.0
ES-LM1,2015,124,6.666072098333333,206.0
ES-LM1,2016,118,7.912059866666667,244.0
ES-LM1,2017,94,5.078781693333333,211.0
ES-LM1,2018,122,7.786604438333333,215.0
ES-LM1,2019,122,6.292047,186.0
ES-LM1,2020,123,7.348571033333333,207.0
ES-LM1,2021,117,8.2063201,195.0
ES-LM1,2022,123,7.263783813333333,196.0
ES-LM1,2023,171,4.763452133333333,216.0
ES-LM1,2024,109,7.629490586666666,206.0
ES-LM2,2014,108,7.361398143333334,217.0
ES-LM2,2015,115,6.268725566666666,205.0
ES-LM2,2016,118,8.0050697,205.0
ES-LM2,2017,99,5.458798249999999,211.0
ES-LM2,2018,124,7.2392910000000015,211.0
ES-LM2,2019,125,6.580860983333333,197.0
ES-LM2,2020,122,8.076597750000001,205.0
ES-LM2,2021,120,8.02200195,217.0
ES-LM2,2022,122,7.471372016666667,196.0
ES-LM2,2023,168,5.421933416666667,216.0
ES-LM2,2024,109,6.312833498333333,213.0
FI-Hyy,1997,199,10.617969580999999,288.0
FI-Hyy,1998,184,9.863844263488096,295.0
FI-Hyy,2001,201,9.318779944999998,302.0
FI-Hyy,2002,192,8.670899814166665,290.0
FI-Hyy,2003,182,9.325505902333331,294.0
FI-Hyy,2004,202,9.563478736261903,307.0
FI-Hyy,2005,179,9.020333295999999,294.0
FI-Hyy,2006,189,10.001698150333333,299.0
FI-Hyy,2007,169,10.36431155,296.0
FI-Hyy,2008,194,8.498690951999999,300.0
FI-Hyy,2009,179,10.542846419999998,294.0
FI-Hyy,2010,198,9.597341106666667,298.0
FI-Hyy,2011,185,11.168029088833334,302.0
FI-Hyy,2012,224,9.971809053500001,302.0
FI-Hyy,2013,191,10.7470918993,294.0
FI-Hyy,2014,198,10.200039482532052,293.0
FI-Hyy,2015,216,9.638423519166667,305.0
FI-Hyy,2016,178,9.576129170666666,306.0
FI-Hyy,2017,184,10.015271588333333,303.0
FI-Hyy,2018,148,9.792489227424639,296.0
FI-Hyy,2019,168,9.081205566666668,297.0
FI-Hyy,2020,174,7.636633173333334,294.0
FI-Hyy,2021,178,12.107388480333334,295.0
FI-Hyy,2022,179,12.312312523666664,299.0
FI-Hyy,2023,195,10.914355634424243,296.0
FI-Hyy,2024,174,11.073405942738097,306.0
FI-Hyy,2025,197,9.483242898666667,298.0
FI-Let,2010,188,12.772699048833333,294.0
FI-Let,2011,174,12.775183130500002,307.0
FI-Let,2012,202,10.947723873333333,295.0
FI-Let,2013,190,13.219619199666667,295.0
FI-Let,2014,198,10.436209440666666,288.0
FI-Let,2015,197,10.903825479333333,305.0
FI-Let,2016,189,7.826730296666667,295.0
FI-Let,2017,228,11.725954865,299.0
FI-Let,2018,193,11.471813063333334,296.0
FI-Let,2019,177,11.049393530666666,283.0
FI-Let,2020,220,13.147870064500001,297.0
FI-Let,2021,173,13.95623248,298.0
FI-Let,2022,181,13.768034589333334,302.0
FI-Let,2023,191,10.999359463433333,298.0
FI-Let,2024,235,7.276444568,301.0
FI-Var,2016,203,5.776414714666668,286.0
FI-Var,2017,204,5.690600493125,284.0
FI-Var,2018,196,5.742495358333333,290.0
FI-Var,2019,174,4.834221310166665,291.0
FI-Var,2020,214,6.621452910833333,281.0
FI-Var,2021,196,5.401370082291666,291.0
FI-Var,2022,183,6.822555236666666,288.0
FI-Var,2023,173,6.878491695,281.0
FI-Var,2024,203,6.425106705,286.0
FI-Var,2025,220,6.62522652,291.0
FR-Bil,2015,170,8.38656875,196.0
FR-Bil,2016,185,10.10940338095238,235.0
FR-Bil,2017,157,8.349346316666667,337.0
FR-Bil,2018,171,9.619892033333336,256.0
FR-Bil,2019,171,6.691366566666667,314.0
FR-Bil,2020,174,9.194345133333336,334.0
FR-Bil,2021,196,9.600842499999999,245.0
FR-Bil,2022,125,9.353390200000002,195.0
FR-Bil,2023,180,8.47437155,332.0
FR-Bil,2024,201,10.9564922,329.0
FR-Bil,2025,143,11.313740866666667,250.0
FR-FBn,2008,161,6.170494599999998,218.0
FR-FBn,2009,154,5.688263066666667,207.0
FR-FBn,2010,174,6.176997499999999,330.0
FR-FBn,2011,122,6.802127678571428,261.0
FR-FBn,2012,151,7.92689275,228.0
FR-FBn,2013,178,5.138613033333334,224.0
FR-FBn,2014,127,5.54434015,212.0
FR-FBn,2015,129,6.100355416666664,216.0
FR-FBn,2017,151,7.082576466666667,223.0
FR-FBn,2018,150,7.236105783333333,300.0
FR-FBn,2019,122,6.566342000000001,204.0
FR-FBn,2020,148,8.923978166666668,221.0
FR-FBn,2021,147,7.052391383333333,221.0
FR-FBn,2022,102,5.401557333333333,185.0
FR-FBn,2023,163,7.282586833333333,207.0
FR-FBn,2024,133,6.171262499999999,214.0
FR-LBr,2000,172,10.599924766666668,313.0
FR-LBr,2001,169,10.78957051388889,323.0
FR-LBr,2002,168,7.323100583333334,306.0
FR-LBr,2003,159,8.697492033333333,326.0
FR-LBr,2004,163,9.336231,344.0
FR-LBr,2005,150,6.406068416666667,222.0
FR-LBr,2006,187,6.771771099999999,325.0
FR-LBr,2007,191,10.1982230195,351.0
FR-LBr,2008,185,9.336408333333333,305.0
FR-Pue,2001,169,5.922241228666667,258.0
FR-Pue,2002,151,7.136224653333334,213.0
FR-Pue,2003,156,7.667406849999998,209.0
FR-Pue,2004,166,5.931081689999999,301.0
FR-Pue,2005,122,4.8296924500000005,208.0
FR-Pue,2006,146,4.281486416666666,190.0
FR-Pue,2007,168,6.777620683333335,243.0
FR-Pue,2008,178,6.195240466666666,265.0
FR-Pue,2009,160,6.200436933333334,224.0
FR-Pue,2010,170,5.054626888333333,226.0
FR-Pue,2011,164,6.431019533333333,269.0
FR-Pue,2012,191,6.0127838,226.0
FR-Pue,2013,169,4.7675526999999995,233.0
FR-Pue,2014,218,2.0481221683333337,324.0
FR-Pue,2015,171,6.891620366666667,333.0
FR-Pue,2016,162,8.057909800000001,221.0
FR-Pue,2017,160,7.470621416666668,228.0
FR-Pue,2018,159,8.495455158333336,247.0
FR-Pue,2019,137,5.631398733333334,218.0
FR-Pue,2020,164,7.194042383333334,212.0
FR-Pue,2021,174,6.2270002444444446,237.0
FR-Pue,2022,136,7.077953716666668,190.0
FR-Pue,2023,163,5.907658183333334,207.0
FR-Pue,2024,158,6.511478158333333,216.0
FR-Pue,2025,157,7.475187516666668,320.0
IL-Yat,2001,68,4.0381918,166.0
IL-Yat,2002,104,4.55861466,209.0
IL-Yat,2003,96,5.090225576666667,199.0
IL-Yat,2004,74,4.521436183333333,184.0
IL-Yat,2005,79,5.520135116666666,187.0
IL-Yat,2006,58,3.6711262416666672,146.0
IL-Yat,2007,87,4.512766918333334,149.0
IL-Yat,2008,71,3.6994931699999998,146.0
IL-Yat,2009,83,3.7842609081666665,152.0
IL-Yat,2011,66,4.102909296016952,164.0
IL-Yat,2012,87,4.434707816666667,187.0
IL-Yat,2013,61,3.6710968616666664,146.0
IL-Yat,2014,95,5.144596206666667,173.0
IL-Yat,2015,74,5.691131606666667,189.0
IL-Yat,2016,72,4.728422750000001,169.0
IL-Yat,2017,79,5.462824078333334,150.0
IL-Yat,2018,66,4.566653663333334,162.0
IL-Yat,2019,73,4.195796814666667,135.0
IL-Yat,2020,104,4.115666143333334,206.0
IL-Yat,2021,71,4.2249560135,122.0
IL-Yat,2022,82,3.1994504266666666,133.0
IL-Yat,2023,110,5.0799041250000005,172.0
IL-Yat,2024,59,4.39166989,138.0
IT-Cp2,2012,249,5.63231751,336.0
IT-Cp2,2013,155,6.009911333333334,253.0
IT-Cp2,2014,190,5.114711333333335,
IT-Cp2,2015,168,5.233980666666666,323.0
IT-Cp2,2019,169,4.242357,208.0
IT-Cp2,2020,175,6.025468066666665,216.0
IT-Cp2,2022,104,4.819661397435896,182.0
IT-Cp2,2023,175,10.63296682440476,287.0
IT-Cp2,2024,218,7.640248016666668,272.0
IT-Cp2,2025,241,11.289576833333333,
IT-Lav,2004,182,11.559647439583333,320.0
IT-Lav,2005,157,11.797774883333334,327.0
IT-Lav,2006,139,11.5611641625,346.0
IT-Lav,2007,175,9.1456775,321.0
IT-Lav,2008,248,11.150408866071427,330.0
IT-Lav,2009,134,13.786646738095238,357.0
IT-Lav,2010,179,11.024277703333334,325.0
IT-Lav,2011,110,9.900421023809525,342.0
IT-Lav,2012,154,11.676087966666667,332.0
IT-Lav,2013,191,11.971516716666667,319.0
IT-Lav,2014,178,10.919043318154761,332.0
IT-Lav,2015,174,9.504111849999997,328.0
IT-Lav,2016,183,8.345110291666668,312.0
IT-Lav,2017,203,9.658487166666667,338.0
IT-Lav,2018,171,10.351998409722224,326.0
IT-Lav,2019,223,9.672534516666666,324.0
IT-Lav,2020,148,10.761195783333333,333.0
IT-Lsn,2016,174,7.7108649075,347.0
IT-Lsn,2017,168,9.3486350695,331.0
IT-Lsn,2018,168,9.0889453,304.0
IT-Lsn,2019,173,7.782325512,313.0
IT-Lsn,2020,180,9.811803985,311.0
IT-Lsn,2021,169,8.335867196666667,300.0
IT-Lsn,2022,162,9.164792861666665,332.0
IT-Lsn,2023,215,9.633463650000001,286.0
IT-Lsn,2024,194,9.586332425757575,334.0
IT-Lsn,2025,218,8.9869255,320.0
IT-MBo,2003,141,13.352157114333334,296.0
IT-MBo,2004,181,13.499612892166667,309.0
IT-MBo,2005,153,13.036402846666668,322.0
IT-MBo,2006,172,13.316290405,317.0
IT-MBo,2007,174,11.90082406,298.0
IT-MBo,2008,179,15.916683348333333,309.0
IT-MBo,2009,168,13.925014428166666,305.0
IT-MBo,2010,181,12.833191291666665,294.0
IT-MBo,2011,172,13.287374316666668,307.0
IT-MBo,2012,173,13.716023556666668,305.0
IT-MBo,2013,170,14.533722411666666,318.0
IT-MBo,2014,164,11.386534833333332,328.0
IT-MBo,2015,154,15.197808536166665,325.0
IT-MBo,2016,178,14.868310476666668,310.0
IT-MBo,2017,148,13.749721264916666,307.0
IT-MBo,2018,155,14.999785465,304.0
IT-MBo,2019,159,14.232580118388887,307.0
IT-MBo,2020,148,14.219919054333333,351.0
IT-MBo,2023,166,13.904721608,300.0
IT-MBo,2024,197,13.280221000400001,319.0
IT-Ren,1999,195,7.930449431666666,315.0
IT-Ren,2001,249,7.2507160676666675,325.0
IT-Ren,2002,206,9.977900481333332,317.0
IT-Ren,2003,335,9.855694057333334,353.0
IT-Ren,2004,206,9.437331856666669,319.0
IT-Ren,2005,154,10.194188613333331,324.0
IT-Ren,2006,188,9.766590011410257,321.0
IT-Ren,2007,174,8.94130958,316.0
IT-Ren,2008,191,11.359282644166665,321.0
IT-Ren,2009,196,11.674693123333334,312.0
IT-Ren,2010,194,12.732087586666669,333.0
IT-Ren,2011,201,10.165252442015152,340.0
IT-Ren,2012,152,8.763716350000001,341.0
IT-Ren,2013,154,8.879773816666667,317.0
IT-Ren,2014,174,11.066972225,335.0
IT-Ren,2015,181,12.414842136666667,
IT-Ren,2016,186,9.653726486666669,311.0
IT-Ren,2017,202,10.709071130500002,323.0
IT-Ren,2018,228,10.746512438333333,320.0
IT-Ren,2019,157,10.2942440105,311.0
IT-Ren,2020,179,9.577058357833334,329.0
IT-Ren,2022,193,10.358281508500001,343.0
IT-Ren,2023,101,19.25166024,309.0
IT-Ren,2024,244,10.314475753333333,330.0
IT-Ren,2025,178,9.771474757291667,322.0
IT-Ro2,2002,147,11.600471116666668,327.0
IT-Ro2,2003,139,14.565002858333333,335.0
IT-Ro2,2004,177,13.713682487333333,304.0
IT-Ro2,2005,151,14.090033682366668,247.0
IT-Ro2,2006,144,13.410919575,315.0
IT-Ro2,2007,165,12.845328833333332,326.0
IT-Ro2,2008,164,12.687389270666666,330.0
IT-Ro2,2010,145,11.419741316666666,317.0
IT-Ro2,2011,208,12.47592582792,330.0
IT-Ro2,2012,151,12.085241119833334,347.0
IT-SR2,2013,210,8.912414566666667,311.0
IT-SR2,2014,216,10.301885829166668,312.0
IT-SR2,2015,134,10.590083166666666,316.0
IT-SR2,2016,182,11.286078666666668,329.0
IT-SR2,2017,178,9.221617833333335,338.0
IT-SR2,2018,195,9.5408052,294.0
IT-SR2,2019,167,11.468645769230768,337.0
IT-SR2,2020,148,12.310569046666664,
IT-SR2,2021,171,10.529199566666666,312.0
IT-SR2,2022,136,9.861851099999999,219.0
IT-SR2,2023,160,8.3210305,295.0
IT-SR2,2024,184,10.169113683333332,
IT-SR2,2025,118,12.764394386666668,241.0
IT-SRo,1999,150,5.838515166666666,342.0
IT-SRo,2000,140,6.9524203333333325,331.0
IT-SRo,2001,149,6.994206016666667,353.0
IT-SRo,2002,145,8.457149983333334,312.0
IT-SRo,2003,122,6.342162845833332,240.0
IT-SRo,2004,144,6.730478550000001,320.0
IT-SRo,2005,152,6.037382862025641,331.0
IT-SRo,2006,129,8.3407375,
IT-SRo,2007,133,8.989833699999998,328.0
IT-SRo,2008,166,13.229635393333332,
IT-SRo,2009,160,12.031582566666668,248.0
IT-SRo,2010,145,10.351654450000002,304.0
IT-SRo,2011,121,6.602863366666666,331.0
IT-SRo,2012,166,8.4104641875,320.0
IT-Tor,2009,181,11.884393433333331,313.0
IT-Tor,2010,196,9.720116756666666,307.0
IT-Tor,2011,198,8.645868521666667,339.0
IT-Tor,2012,184,9.003081524358974,304.0
IT-Tor,2013,199,11.626834246666666,307.0
IT-Tor,2014,212,10.211698058,315.0
IT-Tor,2015,202,10.449003853333334,295.0
IT-Tor,2016,185,9.79690103,297.0
IT-Tor,2017,212,6.917264244999999,305.0
IT-Tor,2018,192,9.561901902,303.0
IT-Tor,2019,194,8.290724373166666,309.0
IT-Tor,2020,175,8.441699266666665,281.0
IT-Tor,2021,171,7.3441608897999995,301.0
IT-Tor,2022,187,7.129329908333332,289.0
IT-Tor,2023,190,9.229175686666666,298.0
IT-Tor,2024,202,9.883436614666667,304.0
JP-Api,2000,178,12.467963842,291.0
JP-Api,2001,225,13.572853960833331,287.0
JP-Api,2002,175,10.2208324985,292.0
JP-Api,2003,168,12.761847416666665,291.0
JP-Api,2004,211,14.198716872499999,290.0
JP-Api,2005,170,11.963846991166667,293.0
JP-Api,2006,184,13.067642308333335,287.0
JP-Api,2007,194,13.119988909055557,285.0
JP-Api,2008,203,11.926951136166666,286.0
JP-Api,2009,223,10.833379914333333,288.0
JP-Api,2010,175,11.106955748333332,288.0
JP-Api,2011,210,12.516699874778572,290.0
JP-Api,2012,181,13.0884784965,298.0
JP-Api,2013,182,11.383076755666666,293.0
JP-Api,2014,237,12.191268581904762,289.0
JP-Api,2015,170,11.372125122717948,288.0
JP-Api,2016,207,14.539313912666666,293.0
JP-Api,2017,212,12.587383370423332,290.0
JP-Api,2018,206,11.869207619444444,290.0
JP-Api,2019,185,11.794868955937499,297.0
JP-Api,2020,202,12.328398875555555,295.0
JP-Api,2021,178,11.663706785833334,290.0
JP-Api,2022,195,10.436629541333334,293.0
JP-Fhk,2006,177,17.63825873020833,310.0
JP-Fhk,2007,173,12.509364142333332,313.0
JP-Fhk,2008,164,12.21840615,313.0
JP-Fhk,2009,189,15.716482405,309.0
JP-Fhk,2010,180,17.08734925,313.0
JP-Fhk,2011,180,14.499265888333333,307.0
JP-Fhk,2012,213,12.822831185333333,313.0
JP-Fhk,2013,193,12.983597736666665,318.0
JP-Fhk,2014,212,14.768213205000002,312.0
JP-Fhk,2015,213,14.50810033735,317.0
JP-Fhk,2016,149,12.603318434666667,322.0
JP-Fhk,2017,196,17.928675400000003,309.0
JP-Fhk,2018,201,15.354869463166667,313.0
JP-Fhk,2019,176,13.991024635,319.0
JP-Fhk,2020,162,14.961945616666666,313.0
JP-Fhk,2021,157,16.292664549999998,310.0
JP-Fhk,2022,174,14.266973286666667,317.0
JP-Fhk,2023,181,14.65706803625,311.0
JP-Fjy,2001,182,11.086722943833333,350.0
JP-Fjy,2002,199,10.78488372875,340.0
JP-Fjy,2003,239,8.002092703958334,356.0
JP-Fjy,2004,190,10.137697173333333,360.0
JP-Fjy,2005,215,11.856284992291666,337.0
JP-Fjy,2006,190,11.1990603285,358.0
JP-Fjy,2007,222,12.455369956666667,344.0
JP-Fjy,2008,200,10.353855884999998,362.0
JP-Fjy,2009,234,11.073854749545454,343.0
JP-Fjy,2010,188,14.286429441828787,353.0
JP-Fjy,2011,191,12.117268204999998,352.0
JP-Fjy,2012,213,11.632940883333331,342.0
JP-Fjy,2013,195,10.709726328333334,350.0
JP-Fjy,2014,212,11.660536366666665,343.0
JP-Fjy,2015,208,13.605656260833332,364.0
JP-Fjy,2016,217,12.241821205,364.0
JP-Fjy,2017,195,13.348081568333331,341.0
JP-Fjy,2018,198,14.162969084848486,356.0
JP-Fjy,2019,217,13.319249520000001,
JP-Fjy,2020,226,12.462480471666666,346.0
JP-NsC,2005,216,13.963553058333332,325.0
JP-NsC,2006,230,11.573128466666665,325.0
JP-NsC,2007,231,14.07387195530303,257.0
JP-NsC,2008,165,13.497005466666668,319.0
JP-NsC,2009,124,12.165911599999998,348.0
JP-NsC,2010,241,16.0332485,283.0
JP-NsC,2011,223,14.904686125,297.0
JP-NsC,2012,216,14.080585099999999,246.0
JP-NsC,2013,122,13.160584449999998,308.0
JP-NsC,2014,121,11.592134533333333,333.0
JP-NsC,2015,217,14.994100766666664,
JP-NsM,2005,170,12.5968952,330.0
JP-NsM,2006,174,12.8097078,318.0
JP-NsM,2007,230,13.984124733333331,253.0
JP-NsM,2008,169,12.419401741025641,319.0
JP-NsM,2009,124,13.656724233333334,
JP-NsM,2010,241,13.547214199999999,280.0
JP-NsM,2011,161,13.038705733333332,302.0
JP-NsM,2012,180,13.874758265000002,246.0
JP-NsM,2013,125,11.526965955555557,310.0
JP-NsM,2014,112,10.7929324,327.0
JP-NsM,2015,120,12.311752126666667,243.0
JP-SMF,2003,192,8.513264516666666,
JP-SMF,2004,204,11.464486446504063,354.0
JP-SMF,2005,124,7.622475942078753,339.0
JP-SMF,2006,223,10.395711919666667,340.0
JP-SMF,2007,183,11.668922899999998,
JP-SMF,2008,163,9.739152283333336,355.0
JP-SMF,2009,222,10.380771447619047,339.0
JP-SMF,2010,234,8.300806866666667,290.0
JP-SMF,2011,180,7.6184411999999995,316.0
JP-SMF,2012,212,9.00199337,340.0
JP-SMF,2013,193,9.2562267,345.0
JP-SMF,2014,259,7.551574051666666,331.0
JP-Spp,2000,170,13.97081352172619,301.0
JP-Spp,2001,173,14.948791123333333,291.0
JP-Spp,2002,184,13.561000725,297.0
JP-Spp,2003,163,13.146226778333334,308.0
JP-Spp,2004,213,11.989780933333334,
JP-Spp,2005,200,11.404505135333332,317.0
JP-Spp,2006,207,12.11641685,294.0
JP-Spp,2007,166,12.739334141666667,309.0
JP-Spp,2008,181,11.75017444,319.0
JP-Spp,2009,218,13.566757039999999,300.0
JP-Spp,2010,177,12.421181745999998,325.0
JP-Spp,2011,207,12.050702479999998,328.0
JP-Spp,2012,204,14.440974186666669,308.0
JP-Spp,2013,198,12.85278434090909,311.0
JP-Spp,2014,175,12.11386205,306.0
JP-Spp,2015,208,11.129671791666667,308.0
JP-Spp,2016,219,12.730500485166667,309.0
JP-Spp,2017,186,14.497220949999999,320.0
JP-Spp,2018,205,10.768291304573335,
JP-Tak,1999,211,11.136890339999999,315.0
JP-Tak,2000,218,12.001597783166668,318.0
JP-Tak,2001,198,11.919579913233333,301.0
JP-Tak,2002,218,11.634097893783334,303.0
JP-Tak,2003,215,14.785914339,287.0
JP-Tak,2004,186,10.516322046549998,250.0
JP-Tak,2005,208,10.928086389666667,301.0
JP-Tak,2006,232,10.408246220666667,305.0
JP-Tak,2007,224,11.013785196666666,299.0
JP-Tak,2008,166,9.323132366666666,305.0
JP-Tak,2009,181,11.617337959333332,308.0
JP-Tak,2010,202,11.150710531,311.0
JP-Tak,2011,191,11.250750082857143,306.0
JP-Tak,2012,216,11.924780658666666,307.0
JP-Tak,2013,196,12.454199255555555,303.0
JP-Tak,2014,203,9.147572066833332,306.0
JP-Tak,2015,217,9.226197041166666,296.0
JP-Tak,2016,207,10.8595105305,306.0
JP-Tak,2017,196,9.573137017166667,308.0
JP-Tak,2018,161,8.0222013185,301.0
JP-Tak,2019,191,7.197933087716667,309.0
JP-Tak,2020,234,6.0988799153999995,307.0
JP-Tak,2021,178,8.629202609358975,302.0
JP-Tef,2002,184,11.056641473333334,311.0
JP-Tef,2003,233,3.7146385110476188,316.0
JP-Tef,2004,235,6.092477213333334,336.0
JP-Tef,2005,225,9.339987016666665,
JP-Tef,2006,224,7.978903556666666,334.0
JP-Tef,2007,241,10.185446809794872,321.0
JP-Tef,2008,207,7.476121471833333,326.0
JP-Tef,2009,223,8.261950403333334,322.0
JP-Tef,2010,183,8.964886945000002,334.0
JP-Tef,2011,218,11.256527898333331,324.0
JP-Tef,2012,203,8.569356006666666,327.0
JP-Tef,2013,199,10.239007653333333,335.0
JP-Tef,2014,181,10.7795868815,323.0
JP-Tef,2015,207,11.600600109999998,322.0
JP-Tef,2016,220,14.381373219999999,307.0
JP-Tef,2017,210,10.508216754666668,317.0
JP-Tef,2018,210,12.02816753911111,326.0
JP-Tef,2019,191,11.8072085305625,315.0
JP-Tef,2020,209,10.93499381,320.0
JP-Tef,2021,173,10.872784778333331,331.0
JP-Tef,2022,193,13.590537481666667,325.0
JP-Tef,2023,145,10.963052161931818,310.0
JP-Tmd,2006,214,6.103178095224359,
JP-Tmd,2007,169,9.817919290933332,316.0
JP-Tmd,2009,181,8.589302216848484,294.0
JP-Tmd,2010,183,8.82553989,316.0
JP-Tmd,2011,207,11.36392556060606,293.0
JP-Tmd,2012,183,11.344858947666667,288.0
JP-Tmd,2013,195,10.159736946666666,309.0
JP-Tmd,2014,199,11.219432006333333,331.0
JP-Tmd,2015,191,10.804751981666666,291.0
JP-Tmd,2016,192,9.078649172666669,326.0
JP-Tmd,2017,189,13.00811589625,318.0
JP-Tmd,2018,199,10.6957595272,319.0
JP-Tmd,2019,185,9.621504615223332,315.0
JP-Tmd,2020,195,9.757070293782052,329.0
JP-Tmd,2021,174,9.959484316266666,322.0
JP-Tmd,2022,184,9.932741342992307,316.0
JP-Tmd,2023,173,11.724117635,314.0
JP-Yms,2000,258,5.360741706666667,
JP-Yms,2001,181,8.038755949999999,337.0
JP-Yms,2002,190,10.305998511533334,324.0
JP-Yms,2003,237,9.80557204,313.0
JP-Yms,2004,186,11.79088055,346.0
JP-Yms,2005,213,9.627600982142857,343.0
JP-Yms,2006,147,7.7142380338827845,340.0
JP-Yms,2007,183,10.292179621666666,331.0
JP-Yms,2008,171,8.495422575000001,321.0
JP-Yms,2009,173,10.989952566666666,325.0
JP-Yms,2010,202,8.167492033333332,259.0
JP-Yms,2011,179,10.822180766666666,352.0
JP-Yms,2012,133,6.5866122833333325,
JP-Yms,2013,139,8.095936033333333,326.0
JP-Yms,2014,199,8.273921483333332,323.0
JP-Yms,2015,212,9.888125722727274,337.0
JP-Yms,2016,199,7.098161200000001,364.0
JP-Yms,2017,244,9.620671600000001,340.0
JP-Yms,2018,135,9.907273633333334,325.0
JP-Yms,2019,170,10.201915649999998,325.0
JP-Yms,2020,256,6.728618176666667,331.0
JP-Yms,2021,204,12.2224012,336.0
JP-Yms,2022,175,14.954113487554114,330.0
JP-Yms,2023,185,13.227907666666665,334.0
NL-Hrw,2002,174,14.273343983333335,336.0
NL-Hrw,2003,128,10.105129779999999,
NL-Hrw,2005,193,13.208132755000001,322.0
NL-Hrw,2006,157,14.424869400000002,332.0
NL-Hrw,2007,145,12.428147088333333,318.0
NL-Hrw,2008,115,10.747740133333336,322.0
NL-Hrw,2009,166,9.779675106666666,325.0
NL-Hrw,2010,177,13.018097656666665,328.0
NL-Loo,1997,195,8.81766437,319.0
NL-Loo,1998,210,8.420410141833333,318.0
NL-Loo,1999,181,8.850729699999999,317.0
NL-Loo,2000,228,9.887636230000002,275.0
NL-Loo,2001,138,7.211367283333334,314.0
NL-Loo,2002,194,7.099544166666667,330.0
NL-Loo,2003,161,8.808869868333334,321.0
NL-Loo,2004,215,10.49315,
NL-Loo,2005,159,7.478672445000001,324.0
NL-Loo,2006,186,7.678940693333334,322.0
NL-Loo,2007,219,7.609881166666666,304.0
NL-Loo,2008,212,8.316674572692309,317.0
NL-Loo,2009,191,8.517246096666668,315.0
NL-Loo,2010,197,8.260759426282052,328.0
NL-Loo,2011,185,8.115960684916667,330.0
NL-Loo,2012,187,8.028069246666666,332.0
NL-Loo,2013,209,8.546661287424243,322.0
NL-Loo,2014,218,8.493013326666667,317.0
NL-Loo,2015,219,8.383678184871794,313.0
NL-Loo,2016,107,13.640337698833333,312.0
NL-Loo,2017,147,8.83922738,317.0
NL-Loo,2018,183,8.137577284999999,324.0
NL-Loo,2019,238,11.395378655,
NL-Loo,2020,178,7.731686651190475,317.0
NL-Loo,2021,129,10.434641483333335,321.0
NL-Loo,2022,184,10.778578809545454,329.0
NL-Loo,2023,227,10.286823153333334,321.0
NL-Loo,2024,195,9.127750126111113,317.0
NL-Loo,2025,216,8.999726401666665,319.0
NL-Vkp,2014,157,10.693449311999998,329.0
NL-Vkp,2015,208,9.783740341666666,289.0
NL-Vkp,2016,159,10.726390758333332,299.0
NL-Vkp,2017,149,12.63133441,315.0
NL-Vkp,2018,144,11.459477183333334,302.0
NL-Vkp,2019,174,9.504497503205128,316.0
NL-Vkp,2020,171,9.229596732142857,331.0
NL-Vkp,2021,186,9.792113252,324.0
NL-Vkp,2022,186,9.495792276666666,336.0
NL-Vkp,2023,195,11.12480186,310.0
NL-Vkp,2024,174,9.809510216666666,335.0
RU-Fy2,2015,196,11.810364461799999,292.0
RU-Fy2,2016,204,11.110096783333335,293.0
RU-Fy2,2017,168,15.867629704666667,288.0
RU-Fy2,2018,165,19.26720517333333,284.0
RU-Fy2,2019,187,14.734840542166666,284.0
RU-Fy2,2020,207,14.661213993333332,286.0
RU-Fy2,2021,171,16.204082885666665,283.0
RU-Fy2,2022,180,17.30468662,289.0
RU-Fy2,2023,191,14.503694481481482,280.0
RU-Fy2,2024,155,14.261900527333333,303.0
RU-Fyo,1999,213,12.693976518500001,304.0
RU-Fyo,2000,172,11.957374776119048,304.0
RU-Fyo,2001,196,15.371050160666666,297.0
RU-Fyo,2002,171,12.140320319,289.0
RU-Fyo,2003,206,11.503122955666667,294.0
RU-Fyo,2004,179,10.447543536333335,317.0
RU-Fyo,2005,185,12.159807983333334,301.0
RU-Fyo,2006,204,11.349202618333335,308.0
RU-Fyo,2007,196,15.015679713333332,299.0
RU-Fyo,2008,191,12.110510496666667,317.0
RU-Fyo,2009,167,14.266588400000002,299.0
RU-Fyo,2010,156,9.314101391866666,325.0
RU-Fyo,2011,162,12.297592145333333,313.0
RU-Fyo,2012,210,12.115641863333336,302.0
RU-Fyo,2013,192,11.106675466666669,321.0
RU-Fyo,2014,191,11.97409568,289.0
RU-Fyo,2015,168,12.075861033,303.0
RU-Fyo,2016,169,11.458261732166667,301.0
RU-Fyo,2017,180,11.492815038333331,315.0
RU-Fyo,2018,214,12.204491726666667,304.0
RU-Fyo,2019,178,11.755556163666668,301.0
RU-Fyo,2020,181,11.642848553696968,317.0
RU-Fyo,2021,200,10.463988102654762,311.0
RU-Fyo,2022,201,10.213794626666665,252.0
RU-Fyo,2023,171,11.129303419999998,302.0
RU-Fyo,2024,203,15.4728230915,319.0
RU-Fyo,2025,169,11.240276146363637,304.0
SE-Svb,2014,212,10.951046285666665,287.0
SE-Svb,2015,188,10.689581623916668,305.0
SE-Svb,2016,199,11.806457887999999,294.0
SE-Svb,2017,220,3.1580625366666664,321.0
SE-Svb,2018,139,9.079480560666667,300.0
SE-Svb,2019,179,8.661959604666666,293.0
SE-Svb,2020,194,8.683542982333334,296.0
SE-Svb,2021,181,10.983705534583333,299.0
SE-Svb,2022,205,9.826928932602778,301.0
SE-Svb,2023,177,10.58885664820513,291.0
SE-Svb,2024,181,9.780843611833335,310.0
US-Aud,2003,291,5.132867416666667,
US-Aud,2004,225,5.375141666666668,
US-Aud,2005,243,9.547224933333334,
US-Aud,2006,236,7.59306175,316.0
US-Aud,2007,229,7.692775833333334,
US-Aud,2008,212,8.550934,271.0
US-Aud,2009,206,4.2361227,
US-Aud,2010,162,3.6448208210029494,277.0
US-Aud,2011,232,6.236979166666666,
US-Aud,2012,212,7.933795900000001,
US-Aud,2013,213,7.05773665,
US-Aud,2015,246,2.6740563777777777,
US-Aud,2016,231,7.7830614166666665,
US-Aud,2017,221,8.776573944166666,264.0
US-Aud,2018,218,6.342032483333333,322.0
US-Aud,2019,245,4.8107879454999996,334.0
US-Aud,2020,253,4.437258062500001,283.0
US-Aud,2021,234,8.031326133333334,313.0
US-Aud,2022,242,7.505184273333333,307.0
US-Aud,2024,204,3.733970935,247.0
US-Bar,2004,166,9.6416226641,292.0
US-Bar,2005,157,12.852462921666667,299.0
US-Bar,2006,189,11.623734805833333,285.0
US-Bar,2007,208,10.7506472165,306.0
US-Bar,2008,194,10.88390472,288.0
US-Bar,2009,202,12.625508499333334,290.0
US-Bar,2010,194,10.943675557045454,289.0
US-Bar,2011,187,11.805196991033332,293.0
US-Bar,2012,169,11.282276526666665,307.0
US-Bar,2013,161,12.129658244500002,291.0
US-Bar,2014,193,11.81416652,293.0
US-Bar,2015,198,9.255040728333332,309.0
US-Bar,2016,182,12.863877608333333,295.0
US-Bar,2017,186,12.107608641666666,308.0
US-Bar,2018,187,9.170279413333335,294.0
US-Bar,2019,212,12.914853305,297.0
US-Bar,2020,207,11.329617301666666,296.0
US-Bar,2021,160,10.842851337,
US-Bar,2023,210,11.282253596566667,297.0
US-CMW,2001,206,8.55397638399394,315.0
US-CMW,2002,220,7.0552649787625,316.0
US-CMW,2003,235,6.58513475,316.0
US-CMW,2004,167,6.189800995,314.0
US-CMW,2005,254,7.260219561666666,325.0
US-CMW,2006,237,7.981140688666667,332.0
US-CMW,2007,217,8.692900845555556,312.0
US-CMW,2008,224,9.994056481666666,306.0
US-CMW,2009,214,7.511671405,317.0
US-CMW,2010,238,9.758554249999998,316.0
US-CMW,2011,215,7.719610221,319.0
US-CMW,2012,214,8.583377103,319.0
US-CMW,2013,208,8.205441254404763,328.0
US-CMW,2014,233,8.782601508666666,319.0
US-CMW,2015,209,6.980432309999999,316.0
US-CMW,2016,200,7.102613031666667,323.0
US-CMW,2017,222,8.915009834166666,334.0
US-CMW,2018,227,8.312746475,319.0
US-CMW,2019,219,6.139696179333333,309.0
US-CMW,2020,176,8.343474107272726,308.0
US-CMW,2021,214,10.4346018325,333.0
US-Ced,2006,212,9.840610773333333,313.0
US-Ced,2007,163,7.989774191666667,337.0
US-Ced,2008,210,7.323486203333334,323.0
US-Ced,2009,185,11.474577405833335,346.0
US-Ced,2010,165,10.70176549,334.0
US-Ced,2011,176,10.980235032984847,362.0
US-Ced,2012,182,9.910357135416666,337.0
US-Ced,2013,195,11.94558698,324.0
US-Ced,2014,205,10.276869732916666,326.0
US-ChR,2006,126,11.84849567,327.0
US-ChR,2007,151,10.194337070075758,327.0
US-ChR,2008,154,10.9001802,319.0
US-ChR,2009,161,14.989262595000001,303.0
US-ChR,2010,191,12.408407523466666,305.0
US-ChR,2011,147,10.762962812167709,303.0
US-ChR,2012,215,11.181539906666666,297.0
US-ChR,2013,179,21.108756253333333,302.0
US-ChR,2014,147,11.254591112666667,304.0
US-ChR,2015,185,11.738740174833332,311.0
US-ChR,2016,171,9.352340095166666,306.0
US-ChR,2019,153,10.378106358333334,312.0
US-EML,2009,166,5.800466750819673,295.0
US-EML,2010,187,6.302665246666667,276.0
US-EML,2011,185,4.661188273333333,305.0
US-EML,2012,206,4.25924175,287.0
US-EML,2013,232,4.489423472,278.0
US-EML,2014,205,7.0200622535,276.0
US-EML,2015,171,7.679029673333334,
US-EML,2016,192,6.959489462666666,278.0
US-EML,2017,194,4.10572813875,287.0
US-EML,2018,189,4.963685262175325,306.0
US-EML,2019,179,7.104018763333334,266.0
US-EML,2021,196,5.973943670000001,268.0
US-EML,2022,189,9.055759752272728,298.0
US-GLE,2005,213,8.415728105333333,307.0
US-GLE,2006,203,9.027847501666667,286.0
US-GLE,2007,216,8.070029426785714,310.0
US-GLE,2008,237,5.862209326666667,292.0
US-GLE,2009,210,5.992515686666668,300.0
US-GLE,2010,215,5.183967621666666,301.0
US-GLE,2011,217,6.366528633333333,
US-GLE,2012,198,6.714242766666667,302.0
US-GLE,2013,212,6.149004531666667,283.0
US-GLE,2014,219,6.58503891,309.0
US-GLE,2015,204,6.551249465500001,297.0
US-GLE,2016,207,6.723232256666668,314.0
US-GLE,2017,192,7.400080461666667,296.0
US-GLE,2018,205,7.813133083333333,301.0
US-GLE,2019,211,7.161178826666666,290.0
US-GLE,2020,206,7.091307663333333,
US-Ha1,1992,168,11.311226183333334,295.0
US-Ha1,1993,192,12.377402797538462,298.0
US-Ha1,1994,188,12.055946106999999,289.0
US-Ha1,1995,190,13.900950251666668,298.0
US-Ha1,1996,187,13.581126070833335,295.0
US-Ha1,1997,192,16.47418009,294.0
US-Ha1,1998,202,10.201865378333334,288.0
US-Ha1,1999,181,11.686769328333336,294.0
US-Ha1,2000,190,12.895902365333333,309.0
US-Ha1,2001,208,13.999164967499999,300.0
US-Ha1,2002,180,15.607413790666667,299.0
US-Ha1,2003,182,13.091694443333335,302.0
US-Ha1,2004,187,15.116388722666667,299.0
US-Ha1,2005,199,14.08495184,300.0
US-Ha1,2006,184,16.635262733,294.0
US-Ha1,2007,149,14.475655329666669,296.0
US-Ha1,2008,195,15.933638635666666,324.0
US-Ha1,2009,213,19.829628826666667,331.0
US-Ha1,2010,152,16.527656799761903,294.0
US-Ha1,2011,186,16.84093766666667,322.0
US-Ha1,2012,197,17.312345028333333,292.0
US-Ha1,2013,199,13.1519932215,316.0
US-Ha1,2014,210,16.676171056666668,316.0
US-Ha1,2015,180,16.384246858333334,297.0
US-Ha1,2016,165,12.989947703333332,303.0
US-Ha1,2017,218,11.714723145833334,304.0
US-Ha1,2018,206,12.640432113333333,300.0
US-Ha1,2019,189,13.190545863333334,296.0
US-Ha1,2020,191,11.088742265,296.0
US-Ha1,2021,214,9.497188118333334,305.0
US-Ha1,2022,198,11.435238424166668,298.0
US-Ha1,2023,207,13.244654935333335,300.0
US-Ha1,2024,197,14.456427386287878,300.0
US-Ha1,2025,200,13.297051864333334,297.0
US-ICh,2008,188,2.6550841210666665,271.0
US-ICh,2009,203,2.9596650573333334,260.0
US-ICh,2010,186,3.37262444,256.0
US-ICh,2011,194,3.0970751466666666,243.0
US-ICh,2012,190,4.212037174333333,265.0
US-ICh,2013,192,3.796265828333333,257.0
US-ICh,2014,215,3.6220756916666668,267.0
US-ICh,2015,189,4.3440797385,254.0
US-ICh,2016,189,2.9178360388333333,264.0
US-ICh,2017,213,3.316072102333333,264.0
US-ICh,2018,208,3.3750486330999996,265.0
US-ICh,2019,188,2.8331437983333334,249.0
US-ICh,2020,191,3.5702828786666667,250.0
US-ICh,2021,202,3.9460232533333337,317.0
US-ICh,2022,184,3.0830618684999997,277.0
US-ICh,2023,203,5.254088580666666,305.0
US-ICh,2024,198,4.877518825,325.0
US-ICh,2025,189,5.905409566666667,312.0
US-ICt,2011,208,3.0298631443099997,233.0
US-ICt,2012,192,3.6303233476666668,244.0
US-ICt,2013,201,4.206849125500001,237.0
US-ICt,2014,194,5.186539359999999,270.0
US-ICt,2016,189,3.2291208483333333,250.0
US-ICt,2017,213,4.098866833333333,242.0
US-ICt,2018,206,4.6488424833333335,265.0
US-ICt,2019,190,4.048881291,245.0
US-ICt,2020,191,4.052094238666666,249.0
US-ICt,2021,192,3.5161464499999995,241.0
US-ICt,2022,183,7.0027259499999985,278.0
US-ICt,2023,210,5.111795866666667,273.0
US-ICt,2024,205,5.65494492702381,282.0
US-ICt,2025,189,6.7577908466666665,259.0
US-Jo1,2010,208,1.2635045108333334,308.0
US-Jo1,2012,141,1.4020620479166666,324.0
US-Jo1,2013,264,1.9684032636666668,319.0
US-Jo1,2014,273,1.975712666666667,343.0
US-Jo1,2015,142,1.6789715498484852,349.0
US-Jo1,2016,123,1.0258124166666667,335.0
US-Jo1,2019,171,1.603107675,308.0
US-Jo1,2020,106,2.0561291500000003,198.0
US-Jo1,2021,204,2.1987362383333333,304.0
US-Jo1,2022,253,1.8170002166666666,
US-KFS,2008,195,6.737968705,329.0
US-KFS,2009,231,8.122232886238095,312.0
US-KFS,2010,204,8.578437285,309.0
US-KFS,2011,186,6.193390815,301.0
US-KFS,2012,171,7.200550789572917,286.0
US-KFS,2013,164,9.347295333333333,349.0
US-KFS,2014,194,13.451116076666668,304.0
US-KFS,2015,199,11.481079276916667,288.0
US-KFS,2016,229,12.525634066666665,
US-KFS,2017,202,12.21286798,287.0
US-KFS,2018,182,10.312154156666665,301.0
US-KFS,2019,223,8.550338751833333,281.0
US-Kon,2004,156,13.952604321166666,287.0
US-Kon,2005,173,12.795925901666667,307.0
US-Kon,2007,191,12.867252316666665,288.0
US-Kon,2008,203,16.294282214833334,291.0
US-Kon,2009,173,19.59989182333333,279.0
US-Kon,2010,202,18.426624290000003,289.0
US-Kon,2011,163,16.966526805666668,264.0
US-Kon,2012,175,14.019557497788462,285.0
US-Kon,2013,170,18.167025318333334,295.0
US-Kon,2014,174,16.803273278333332,281.0
US-Kon,2015,199,18.385344486904764,292.0
US-Kon,2016,199,17.53494416666667,300.0
US-Kon,2017,160,18.340833877555553,294.0
US-Kon,2018,153,16.374748866666668,285.0
US-Kon,2019,181,16.568689717833337,306.0
US-MMS,1999,197,15.765613150000002,297.0
US-MMS,2000,202,14.399188898333334,299.0
US-MMS,2001,208,13.571831305000002,297.0
US-MMS,2002,176,15.468470143333334,301.0
US-MMS,2003,185,14.75738952,300.0
US-MMS,2004,199,15.849364416666669,298.0
US-MMS,2005,182,16.019504864871795,306.0
US-MMS,2006,153,13.906006628333332,298.0
US-MMS,2007,165,14.002878431666666,313.0
US-MMS,2008,176,13.331360116666666,308.0
US-MMS,2009,201,14.28510341,296.0
US-MMS,2010,181,15.606869287166667,296.0
US-MMS,2011,161,13.455108864935001,293.0
US-MMS,2012,144,12.991003143333334,295.0
US-MMS,2013,193,12.612666337999999,306.0
US-MMS,2014,172,14.107606570000002,296.0
US-MMS,2015,180,13.296422718333334,296.0
US-MMS,2016,158,13.337579614333334,303.0
US-MMS,2017,200,12.723145371666666,302.0
US-MMS,2018,219,13.854434757,304.0
US-MMS,2019,185,14.805845406666666,299.0
US-MMS,2020,189,13.882905363333332,297.0
US-MMS,2021,208,14.221133728333333,307.0
US-MMS,2022,149,13.383254144999999,297.0
US-MMS,2023,200,17.02422138,299.0
US-MOz,2005,148,10.883834730428571,308.0
US-MOz,2006,176,11.097757884666667,289.0
US-MOz,2007,153,11.373614236666665,309.0
US-MOz,2008,194,11.122354376666667,302.0
US-MOz,2009,176,13.161555430769232,286.0
US-MOz,2010,150,11.571513705,296.0
US-MOz,2011,191,10.5177588575,291.0
US-MOz,2012,131,10.423422883275057,233.0
US-MOz,2013,159,11.1783546,302.0
US-MOz,2014,196,11.654438808636362,301.0
US-MOz,2015,222,8.462944005151515,300.0
US-MOz,2016,156,13.214068140666667,301.0
US-MOz,2017,166,12.22340659,301.0
US-MOz,2018,152,12.509542831666668,299.0
US-MOz,2019,182,11.35026965439394,301.0
US-MOz,2020,171,11.932729616000001,296.0
US-MOz,2021,189,12.175112313333333,305.0
US-Me6,2010,179,6.450626885,273.0
US-Me6,2011,188,4.875286155,316.0
US-Me6,2012,190,5.926281093993507,273.0
US-Me6,2013,164,5.992301623435898,332.0
US-Me6,2014,172,5.9776760520000005,317.0
US-Me6,2015,156,5.445490803333333,243.0
US-Me6,2016,159,5.978055054285714,332.0
US-Me6,2017,170,5.5716163466666675,338.0
US-Me6,2018,194,4.039733194,316.0
US-Me6,2019,169,6.507495598666666,329.0
US-Me6,2020,176,7.0164398399999985,327.0
US-Me6,2021,159,6.043885226666667,322.0
US-Me6,2022,184,6.0820052066666666,314.0
US-Me6,2023,171,6.240413316666667,306.0
US-Me6,2024,177,6.661294335000001,326.0
US-Me6,2025,169,6.016423486666667,318.0
US-Mpj,2008,232,2.892948816666667,355.0
US-Mpj,2009,279,2.1269806499999997,336.0
US-Mpj,2010,214,3.33264991,335.0
US-Mpj,2011,232,2.5636782025000002,331.0
US-Mpj,2012,269,2.160644792333333,343.0
US-Mpj,2013,235,3.0521801999999996,338.0
US-Mpj,2014,229,2.9905912800000003,353.0
US-Mpj,2015,150,2.4250796333333335,345.0
US-Mpj,2016,149,2.961948933333333,336.0
US-Mpj,2017,213,2.560198703333333,
US-Mpj,2018,219,2.3200205416666666,357.0
US-Mpj,2019,122,1.7754153198809524,185.0
US-Mpj,2020,262,1.5933776316666666,331.0
US-Mpj,2021,217,4.558107246166666,315.0
US-Mpj,2022,240,2.722406231666666,
US-Mpj,2023,105,1.8064632366666666,224.0
US-Mpj,2024,207,1.7754422733333333,281.0
US-Mpj,2025,195,2.5740763773000004,
US-MtB,2010,228,6.4623849333333325,326.0
US-MtB,2011,240,5.31191944,
US-MtB,2014,158,4.547123329761904,331.0
US-MtB,2015,194,4.568665666666666,359.0
US-MtB,2016,204,4.725600708333333,319.0
US-MtB,2017,223,4.7343405559523815,337.0
US-MtB,2018,181,5.539706412499999,335.0
US-MtB,2019,246,6.478545874708624,347.0
US-MtB,2020,121,4.889708991666666,302.0
US-MtB,2021,252,5.892004999166666,359.0
US-MtB,2022,141,5.574310826666666,344.0
US-MtB,2023,148,5.4258123000000005,
US-MtB,2024,190,6.0337540700000005,
US-NC2,2005,202,11.172435233333331,342.0
US-NC2,2006,138,10.298913950000001,339.0
US-NC2,2007,157,12.067768833333332,322.0
US-NC2,2008,214,9.756315071666666,333.0
US-NC2,2009,196,12.202792047820513,317.0
US-NC2,2010,190,11.111841166666666,339.0
US-NC2,2011,157,9.35835774714286,
US-NC2,2012,172,10.116938693333335,316.0
US-NC2,2013,172,9.642671166666666,322.0
US-NC2,2014,231,12.464080383333332,
US-NC2,2015,239,13.940617416666665,
US-NC2,2016,167,10.565902691666667,334.0
US-NC2,2017,170,9.416611173333337,335.0
US-NC2,2018,214,9.569113233333333,313.0
US-NC2,2019,205,11.642812183333332,248.0
US-NC2,2020,224,8.390067816666669,289.0
US-NC2,2021,295,5.587626116666666,334.0
US-NC2,2022,204,11.59414758721154,341.0
US-NC2,2023,204,11.773339566666666,323.0
US-NC2,2024,197,9.000058676533333,
US-Oho,2004,181,15.68345887166667,291.0
US-Oho,2005,215,15.342017395000001,312.0
US-Oho,2006,182,15.48776329,290.0
US-Oho,2007,208,17.46923589333333,310.0
US-Oho,2008,200,15.318377658333334,299.0
US-Oho,2009,191,14.627348185999999,301.0
US-Oho,2010,211,14.53718774,293.0
US-Oho,2011,186,14.173270161666666,292.0
US-Oho,2012,183,13.377862868083334,293.0
US-Oho,2013,172,15.209612233333333,302.0
US-Prr,2011,184,4.596450091166666,279.0
US-Prr,2012,200,4.969375601714287,307.0
US-Prr,2013,203,3.9950667623333334,292.0
US-Prr,2014,184,5.152586347166666,273.0
US-Prr,2015,186,4.404680978333333,286.0
US-Prr,2016,191,4.706433851666666,274.0
US-Prr,2017,195,6.7327410006666675,285.0
US-Prr,2018,194,7.327035203333333,276.0
US-Prr,2019,196,6.256444956564103,297.0
US-Prr,2020,224,8.644694560000001,290.0
US-Prr,2021,172,8.876302840000001,285.0
US-Prr,2022,182,7.908741732,281.0
US-Rls,2015,163,5.828244013333333,255.0
US-Rls,2016,155,4.936993658666666,259.0
US-Rls,2017,148,5.54891257719697,305.0
US-Rls,2018,154,5.884756308333333,271.0
US-Rls,2019,167,7.024780933636364,296.0
US-Rls,2020,150,5.1990982416666665,312.0
US-Rls,2021,153,6.338460683333333,300.0
US-Rls,2022,172,6.415370702,302.0
US-Rls,2023,151,7.376829953333333,
US-Rms,2015,170,8.956813269333335,291.0
US-Rms,2016,181,8.838884270333333,283.0
US-Rms,2017,185,10.551232793333332,301.0
US-Rms,2018,177,9.655112703333335,327.0
US-Rms,2019,199,8.925858348333334,330.0
US-Rms,2020,189,10.114512771666668,311.0
US-Rms,2021,191,9.495536405000001,325.0
US-Rms,2022,186,11.763038503318183,301.0
US-Rms,2023,187,9.950750198666668,
US-Ro4,2014,205,15.318140433333332,276.0
US-Ro4,2015,179,14.526491975333332,278.0
US-Ro4,2016,174,13.959769014397436,270.0
US-Ro4,2017,191,13.3856323565,272.0
US-Ro4,2018,186,16.203703479166663,266.0
US-Ro4,2019,201,13.628175408333334,275.0
US-Ro4,2020,193,13.4543227253125,272.0
US-Ro4,2021,187,11.479576806666667,274.0
US-Ro4,2022,196,10.818466796166668,276.0
US-Ro4,2023,177,10.029733433333332,282.0
US-Ro4,2024,205,14.182394058333333,293.0
US-Ro4,2025,189,13.363423582857143,277.0
US-Rpf,2009,188,4.252859053333334,303.0
US-Rpf,2010,194,3.46748272,273.0
US-Rpf,2011,197,3.6717455011666664,276.0
US-Rpf,2012,189,3.592460584666666,274.0
US-Rpf,2013,205,3.745385270095238,279.0
US-Rpf,2014,191,5.638389484999999,273.0
US-Rpf,2015,191,4.740181370833334,272.0
US-Rpf,2016,191,6.147479957333333,273.0
US-Rpf,2017,202,7.368366883333334,283.0
US-Rpf,2018,181,8.223622108333332,264.0
US-Rpf,2019,173,7.224991303333333,264.0
US-Rpf,2020,186,9.868876917348485,273.0
US-Rpf,2021,178,9.201616729714287,312.0
US-Rpf,2022,182,9.382173129999998,268.0
US-Rpf,2023,184,11.837405500000001,274.0
US-Rpf,2024,200,9.458751296666668,279.0
US-Rwf,2015,169,8.884065286666667,286.0
US-Rwf,2016,158,7.748512745787878,246.0
US-Rwf,2017,176,9.231772621666666,256.0
US-Rwf,2018,178,9.239838536931817,271.0
US-Rwf,2019,171,7.94585981625,276.0
US-Rwf,2020,177,9.435044025059524,288.0
US-Rwf,2021,173,8.372385846666667,274.0
US-Rwf,2022,175,9.835866189217949,300.0
US-Rwf,2023,162,8.858575127999998,
US-Rws,2015,119,2.6702367,254.0
US-Rws,2016,97,2.8898386910714287,252.0
US-Rws,2017,126,3.871328105448485,199.0
US-Rws,2018,116,2.9309865299999998,218.0
US-Rws,2019,120,3.266746315,221.0
US-Rws,2020,123,3.9704052433333334,308.0
US-Rws,2021,128,2.8932427766666664,293.0
US-Rws,2022,133,3.156694495,299.0
US-Rws,2023,149,4.288703732769231,
US-SRG,2008,212,7.7778099224,281.0
US-SRG,2009,198,5.349610361583333,218.0
US-SRG,2010,227,7.76461982,312.0
US-SRG,2011,210,4.26143859,302.0
US-SRG,2012,238,5.6517739806666665,308.0
US-SRG,2013,242,4.439493476333333,310.0
US-SRG,2014,216,5.551316503944445,318.0
US-SRG,2015,218,5.45970234,334.0
US-SRG,2016,224,6.905987029848486,317.0
US-SRG,2017,220,5.62317137799359,291.0
US-SRG,2018,218,6.301776023333333,330.0
US-SRG,2019,220,5.401846136666667,328.0
US-SRG,2020,213,2.7987984299999997,240.0
US-SRG,2021,214,7.994400041547618,324.0
US-SRG,2022,221,8.270890379004328,325.0
US-SRG,2023,228,4.977567121458333,268.0
US-SRG,2024,233,4.0539905352564105,296.0
US-SRG,2025,294,2.4049780716666667,323.0
US-SRM,2004,227,3.171290607,
US-SRM,2005,243,4.871590262666666,331.0
US-SRM,2006,258,4.226296895,348.0
US-SRM,2007,226,4.448551318333333,349.0
US-SRM,2008,214,6.366141572416668,283.0
US-SRM,2009,199,2.6522149229933336,229.0
US-SRM,2010,236,4.865022807333333,315.0
US-SRM,2011,211,4.7076140833333335,342.0
US-SRM,2012,212,3.5034399883333336,308.0
US-SRM,2013,220,3.0534138216666666,321.0
US-SRM,2014,232,3.096814579551282,330.0
US-SRM,2015,256,3.004761171833333,331.0
US-SRM,2016,223,5.863500155333333,300.0
US-SRM,2017,219,4.438757876666666,307.0
US-SRM,2018,230,5.992073957833333,339.0
US-SRM,2019,124,2.95930121,357.0
US-SRM,2020,175,1.3791008266666667,223.0
US-SRM,2021,235,7.704996253333333,334.0
US-SRM,2022,229,7.170768103333333,330.0
US-SRM,2023,229,3.8862828157051283,283.0
US-SRM,2024,218,3.154455889205128,270.0
US-SRM,2025,205,2.1306878,
US-Seg,2007,154,1.8840389491666667,283.0
US-Seg,2008,232,4.350388101333333,298.0
US-Seg,2009,187,1.810860387666667,216.0
US-Seg,2010,220,2.1539993154999997,323.0
US-Seg,2012,200,2.1091270793333337,247.0
US-Seg,2013,223,3.9181393138888887,312.0
US-Seg,2014,235,3.210798665,324.0
US-Seg,2015,233,1.5724942700000002,295.0
US-Seg,2016,242,2.7926359001666663,299.0
US-Seg,2017,226,3.3130583300000005,263.0
US-Seg,2018,209,3.079962661316667,282.0
US-Seg,2019,122,1.8000722395833333,251.0
US-Seg,2020,218,1.7135155633333332,246.0
US-Seg,2021,249,3.143971865,337.0
US-Seg,2022,218,2.1674191483333334,257.0
US-Seg,2023,271,1.8100841533333334,
US-Seg,2024,212,2.6531653499999996,
US-Seg,2025,184,2.3913179535999998,315.0
US-Ses,2007,155,1.6655911893333335,328.0
US-Ses,2008,236,2.89909469,342.0
US-Ses,2009,262,1.0355159033333332,331.0
US-Ses,2010,216,1.2355993706666668,326.0
US-Ses,2011,366,1.5384914725,
US-Ses,2013,224,2.294124630333333,328.0
US-Ses,2014,272,1.09352209,345.0
US-Ses,2016,140,1.5077398141666665,301.0
US-Ses,2017,213,1.08542336,337.0
US-Ses,2019,119,1.28922030875,296.0
US-Ses,2020,219,1.5468080143333331,312.0
US-Ses,2021,200,2.1920425166666666,292.0
US-Ses,2023,241,1.3612082733333333,
US-Ses,2024,213,2.356188956527778,351.0
US-Ses,2025,183,1.65244473,
US-Slt,2005,170,13.505897836666666,281.0
US-Slt,2006,186,12.775677206666668,298.0
US-Slt,2007,242,5.233809833333333,347.0
US-Slt,2008,165,9.590690426666667,305.0
US-Slt,2009,213,12.128732855,302.0
US-Slt,2010,152,12.258761027348486,303.0
US-Slt,2011,192,11.901484497041668,305.0
US-Slt,2012,192,12.247925299871795,296.0
US-Slt,2013,224,11.19127666,301.0
US-Slt,2014,172,11.896008929999999,308.0
US-Slt,2015,187,14.090487998461537,294.0
US-Slt,2016,220,14.088983255555554,315.0
US-Slt,2017,179,13.004874094791665,313.0
US-Slt,2018,164,12.246900713333334,304.0
US-Slt,2019,163,9.863266110000001,310.0
US-Slt,2020,201,8.446618282000001,301.0
US-Slt,2021,210,11.65124100154762,301.0
US-Ton,2001,155,5.116743986666666,222.0
US-Ton,2002,117,7.05066015,237.0
US-Ton,2003,123,8.262108413166667,272.0
US-Ton,2004,98,6.620093983333334,233.0
US-Ton,2005,101,8.929959716666666,279.0
US-Ton,2006,123,7.080373266666667,259.0
US-Ton,2007,122,7.82243401,239.0
US-Ton,2008,105,5.017676933333333,244.0
US-Ton,2009,113,7.52234197,240.0
US-Ton,2010,148,7.584870859166667,285.0
US-Ton,2011,119,6.482254961174242,221.0
US-Ton,2012,131,5.981920866666666,227.0
US-Ton,2013,108,6.761686549999999,259.0
US-Ton,2014,107,8.444131166666665,202.0
US-Ton,2015,87,6.7102631299999995,210.0
US-Ton,2016,117,6.835205846666666,239.0
US-Ton,2017,124,8.615879900000001,236.0
US-Ton,2018,117,8.456083905,243.0
US-Ton,2019,114,6.053363359615385,254.0
US-Ton,2020,116,8.308105766858974,225.0
US-Ton,2021,107,4.98811288,202.0
US-Ton,2022,119,6.424497316666667,212.0
US-Ton,2023,121,7.412375955000001,242.0
US-Ton,2024,113,8.208620451666667,213.0
US-Ton,2025,108,7.058417638333333,216.0
US-UMd,2008,213,11.767910055,298.0
US-UMd,2009,172,12.126353258,296.0
US-UMd,2010,165,10.654330417166667,287.0
US-UMd,2011,184,12.32106833,299.0
US-UMd,2012,197,12.629552959500002,293.0
US-UMd,2013,181,12.179169496333333,300.0
US-UMd,2014,179,12.976095724493334,295.0
US-UMd,2015,173,11.803873891333335,303.0
US-UMd,2016,177,11.882254540233333,310.0
US-UMd,2017,185,12.578341816333335,301.0
US-UMd,2018,165,11.60081418466667,301.0
US-UMd,2019,188,13.271908385,300.0
US-UMd,2020,212,13.446037764999998,292.0
US-UMd,2021,202,12.8541930795,303.0
US-UMd,2022,195,13.151366423333332,304.0
US-UMd,2023,205,11.5202093315,298.0
US-UMd,2024,148,8.603686842799998,285.0
US-UMd,2025,195,3.083779578633333,
US-Var,2001,87,8.669389626666668,143.0
US-Var,2002,97,10.119074283333333,137.0
US-Var,2003,102,10.69586859,159.0
US-Var,2004,88,9.793342633333333,141.0
US-Var,2005,89,10.465788349999999,157.0
US-Var,2006,122,9.27165053,158.0
US-Var,2007,93,9.785709219999998,147.0
US-Var,2008,92,5.382983666666667,142.0
US-Var,2009,108,9.724361856666667,141.0
US-Var,2010,102,9.56855855,167.0
US-Var,2011,111,8.777968567333334,170.0
US-Var,2012,116,10.476063099,152.0
US-Var,2013,99,7.201140181666666,136.0
US-Var,2014,99,11.64649055,139.0
US-Var,2015,73,6.53252175,157.0
US-Var,2016,110,9.339979637633332,152.0
US-Var,2017,124,7.631275166666667,156.0
US-Var,2018,117,9.620635666666667,153.0
US-Var,2019,110,10.626047811666666,169.0
US-Var,2020,111,9.223735206666667,153.0
US-Var,2021,95,8.538712195,138.0
US-Var,2022,79,7.601185816666667,140.0
US-Var,2023,109,9.747971683333335,153.0
US-Var,2024,113,10.930443331183334,152.0
US-Var,2025,105,10.870961131333335,151.0
US-Vcm,2007,251,6.053670180666666,332.0
US-Vcm,2008,266,5.181970961666666,333.0
US-Vcm,2009,166,5.847492145166667,322.0
US-Vcm,2010,242,5.711528871794872,316.0
US-Vcm,2011,207,5.27083578,331.0
US-Vcm,2012,216,4.0253721633333335,321.0
US-Vcm,2014,246,2.5164508816666666,329.0
US-Vcm,2015,175,4.1276625536904765,293.0
US-Vcm,2016,231,3.3248005447222226,327.0
US-Vcm,2017,223,3.52854155,316.0
US-Vcm,2018,234,3.5210038045,309.0
US-Vcm,2019,165,3.471867145,323.0
US-Vcm,2020,167,2.2724110816666667,295.0
US-Vcm,2021,200,5.183693894999999,354.0
US-Vcm,2022,244,4.287298838333333,307.0
US-Vcm,2023,165,4.298106916666667,348.0
US-Vcm,2024,234,3.8825065533333336,324.0
US-Vcm,2025,183,4.083475843333334,323.0
US-Vcp,2007,249,5.754808078333333,328.0
US-Vcp,2008,188,6.5120353049999995,343.0
US-Vcp,2009,126,7.055822433333333,332.0
US-Vcp,2010,218,7.089711145,320.0
US-Vcp,2011,234,5.0586821366666666,338.0
US-Vcp,2012,228,6.6826775283333335,344.0
US-Vcp,2013,208,5.134415428571428,345.0
US-Vcp,2014,233,4.551947774038462,352.0
US-Vcp,2015,200,8.001936022727271,332.0
US-Vcp,2016,238,6.114185752777777,337.0
US-Vcp,2017,220,5.605866683333333,333.0
US-Vcp,2018,238,6.03654785,342.0
US-Vcp,2019,121,5.0511267958333335,323.0
US-Vcp,2020,122,5.284979526666667,335.0
US-Vcp,2021,103,4.410738118333333,164.0
US-Vcp,2022,276,7.287188424285715,324.0
US-Vcp,2023,126,5.2868171833333335,345.0
US-Vcp,2024,184,6.64436615,
US-Vcp,2025,261,6.303154493333333,364.0
US-Wjs,2007,200,3.9981161983333338,310.0
US-Wjs,2008,211,4.181993265,339.0
US-Wjs,2009,279,1.9030962299999996,332.0
US-Wjs,2010,217,3.3861620566666666,332.0
US-Wjs,2011,50,1.9713145303030302,209.0
US-Wjs,2012,202,3.0421598833333334,309.0
US-Wjs,2013,235,4.771656411666666,332.0
US-Wjs,2014,229,4.130650876190477,322.0
US-Wjs,2015,200,4.258319483333334,335.0
US-Wjs,2016,255,2.80833887,
US-Wjs,2017,216,3.159491468333333,329.0
US-Wjs,2018,255,3.546864986666667,336.0
US-Wjs,2019,163,2.446682980654762,294.0
US-Wjs,2020,218,3.8728807864583334,330.0
US-Wjs,2021,212,4.957684316666667,312.0
US-Wjs,2022,235,3.7179564333333337,352.0
US-Wjs,2023,148,2.31657133,325.0
US-Wjs,2024,213,3.5138653516666665,278.0
US-Wjs,2025,192,3.8085137466666668,
US-Wkg,2004,224,2.1153180833333334,248.0
US-Wkg,2005,239,1.6873820516666667,294.0
US-Wkg,2006,245,4.099930366666666,329.0
US-Wkg,2007,226,5.487876853333334,268.0
US-Wkg,2008,212,4.326020285,289.0
US-Wkg,2009,237,2.887575355208333,289.0
US-Wkg,2010,225,4.853488057142857,290.0
US-Wkg,2011,227,3.8933850233333334,299.0
US-Wkg,2012,219,3.695572649666667,300.0
US-Wkg,2013,217,3.8498368033333334,299.0
US-Wkg,2014,235,4.974546233333332,362.0
US-Wkg,2015,207,3.9224289383333333,321.0
US-Wkg,2016,201,3.5407819292,318.0
US-Wkg,2017,233,5.307929595716666,294.0
US-Wkg,2018,250,3.5600692127999998,328.0
US-Wkg,2019,237,3.7623909633333334,302.0
US-Wkg,2020,135,2.2445331884,266.0
US-Wkg,2021,226,4.869922598333334,297.0
US-Wkg,2022,215,5.540420013333335,313.0
US-Wkg,2023,235,2.902137558166667,284.0
US-Wkg,2024,221,2.196480913333333,272.0
US-Wkg,2025,217,2.3231720431666667,357.0
