group,eos_source,water,gpp_version,n_obs,n_sites,r_gpp_water_within,r2_gpp,r2_water,r2_both,r2_unique_gpp,r2_unique_water,gpp_alone_b,gpp_alone_se,gpp_alone_p,water_alone_b,water_alone_se,water_alone_p,gpp_with_water_b,gpp_with_water_se,gpp_with_water_p,water_with_gpp_b,water_with_gpp_se,water_with_gpp_p,gpp_with_water_T_b,gpp_with_water_T_se,gpp_with_water_T_p,water_with_gpp_T_b,water_with_gpp_T_se,water_with_gpp_T_p,T_with_gpp_water_b,T_with_gpp_water_se,T_with_gpp_water_p
dry-summer,GCC,water balance (P - PET),sos,31,5,0.29787208524183095,0.00877335640009369,0.0660960209041841,0.09790198730438038,0.031805966400196284,0.08912863090428669,-0.8657837321103592,1.3337872796735253,0.5162628830961074,2.3763707203013595,1.663568442983674,0.15315435739596178,-1.726858558724092,2.0347207903942275,0.39605070156897904,2.890753680106207,2.61474260986715,0.26891720314060064,-1.6844076965249957,1.9962522715165911,0.39878956641137353,2.9566764399216465,2.7667424267444773,0.2852278745025435,0.17874778734686403,1.3402552775179728,0.8939019848810331
dry-summer,GCC,water balance (P - PET),cal,31,5,0.234246583494048,0.10752647585746955,0.0660960209041841,0.1419139298461759,0.07581790894199181,0.03438745398870635,3.030988170028806,1.7660226768984126,0.0861109344581844,2.3763707203013595,1.663568442983674,0.15315435739596178,2.6179840602434403,1.6258516017765066,0.10734912610753673,1.7631168985474581,1.4267563612630423,0.21655079551588596,2.9024265237170885,2.0642988093186085,0.1597209029212575,2.2890013369022393,1.3933249430495172,0.10041732099469579,1.3480171211070027,2.297751957779164,0.557426827409043
dry-summer,NIRv,water balance (P - PET),sos,69,9,0.04499063017272252,0.013356347203561048,0.024599596157985237,0.03966725845712338,0.01506766229913814,0.02631091125356233,-1.2146895088789704,1.011525655817414,0.22980980477920376,1.6484865922751826,0.4973354548193839,0.0009176214076392828,-1.2914700974808384,0.9836195688996822,0.1891906208011812,1.706590645810073,0.5371926640098031,0.0014887433814405973,-1.2671805042666087,0.966231959365923,0.1897003239479732,1.7971276143843726,0.892094104942331,0.04395658988920714,0.18144552896735158,1.0863818647679597,0.8673557391107534
dry-summer,NIRv,water balance (P - PET),cal,70,9,0.05285185893586521,0.0019155721908750145,0.02265320872473542,0.02533586488297246,0.00268265615823704,0.023420292692097444,-0.45937507486677015,1.7109076380727042,0.7883161059724335,1.5797305927570398,0.5116994774794542,0.002020357085464623,-0.5443874210345493,1.7132246992744264,0.7506700319132669,1.6085024799400172,0.46406978706595325,0.0005281083513743665,-0.4724621649421198,1.8447062623355426,0.7978598546785058,1.7766252861115075,0.8925835346313483,0.04654355815500327,0.3394395939229583,1.3592482520000728,0.8027992699633243
dry-summer,NIRv,plant-available soil water,sos,37,6,0.24559851038258257,0.00427051797653577,4.732684464003878e-05,0.00483001019230378,0.004782683347663741,0.0005594922157680093,0.4825802859770829,1.6517187964393534,0.7701577564060382,-0.05080226486543092,1.482147553003346,0.9726569685124811,0.5268352246438638,1.490989487593787,0.7238290370078084,-0.18019221125503684,1.2146361010141367,0.8820659431650473,0.4020277324447716,1.5904496777498722,0.8004412055840656,-0.14669893207193926,1.2411165973266391,0.9059098601084554,-2.264785612635551,0.4586230389920276,7.883521650572422e-07
dry-summer,NIRv,plant-available soil water,cal,37,6,0.4141368233399494,0.0010527735698647733,4.732684464003878e-05,0.0015509922196271786,0.0015036653749871398,0.0004982186497624053,0.23960550173490044,1.6702495174285212,0.8859309158975388,-0.05080226486543092,1.482147553003346,0.9726569685124811,0.31460171246569635,1.7809250316728933,0.8597827414220272,-0.1810904186832825,1.524449207579994,0.9054411611410379,-0.06659075562303973,1.9060892870768913,0.9721309331248739,-0.02034622779634839,1.7037282235536004,0.990471746054259,-2.2947686580292537,0.5509267323836756,3.10959393029948e-05
dry-summer,NIRv,"plant-available soil water, after the solstice",sos,36,5,0.15677929703683482,0.014305266554275442,0.00828064623338498,0.026653760926964365,0.018373114693579384,0.012348494372688923,1.0100533538131806,2.1602382573898455,0.6400951848452,-0.7684727167852714,1.9079661683403213,0.6871169764378353,1.1590224457620182,2.3501091575912807,0.6218867275539312,-0.9501834410817529,2.0793609087462603,0.6477002527223522,0.9955321898924567,2.2896905499407287,0.6637156137071589,-1.1249850958610073,1.8898200721168406,0.5516517238833205,-2.270347865517691,0.5227037353634333,1.402497937566523e-05
dry-summer,NIRv,"plant-available soil water, after the solstice",cal,36,5,-0.06450808459211373,0.002187518795659593,0.00828064623338498,0.009960512741936878,0.0016798665085518971,0.007772993946277285,0.3949773888198654,1.8683254323189193,0.8325695637761503,-0.7684727167852714,1.9079661683403213,0.6871169764378353,0.3468480220371971,1.8467361251910661,0.8510202857739538,-0.7460982152390886,1.8649899541465762,0.6891161421251608,-0.03084935865235494,1.7875301015199967,0.9862307184893272,-0.97755829792301,1.641139268879248,0.5514034921346209,-2.3458096409634424,0.519443018366897,6.301581830402534e-06
dry-summer,stacked,water balance (P - PET),sos,132,9,0.14718175959506025,0.00038840243648574635,0.03837287626332386,0.04078111383597016,0.002408237572646299,0.040392711399484416,-0.19637775320469902,0.7127863329009182,0.7829266096081777,1.9519266368623023,0.690696953567658,0.004712963273184591,-0.4943751369686277,0.8248823517606731,0.5489541417631942,2.0246896394213927,0.811543500175642,0.01260058623159912,-0.500817341715321,0.8454235667854567,0.5535919357805723,1.967799471683002,0.9754663383824697,0.043665153594855045,-0.11515813162658661,0.9359430388721005,0.9020756768902394
dry-summer,stacked,water balance (P - PET),cal,136,9,0.08997822344709652,0.0026508803142087922,0.03463506011548845,0.035851869828598004,0.0012168097131095568,0.03320098951438921,0.5102179219862992,1.7075169821779494,0.7650873564768076,1.8442450331511884,0.6601500067332597,0.005211271056089645,0.3470860671095472,1.594048893106778,0.8276327413409409,1.8130148454494313,0.6205039438177251,0.0034796736221266032,0.40384162161038484,1.6604042533511956,0.8078358610415752,1.9686284405341148,0.8311877251290515,0.01786268583976066,0.3176060411651286,0.944800650131604,0.7367487346259428
dry-summer,stacked,plant-available soil water,sos,81,6,0.23316235008989294,0.009991455578952535,0.025673609766829975,0.029817354788986283,0.004143745022156309,0.01982589921003375,0.8879601420736506,0.7620764365816433,0.24394405797888674,1.4233855707040328,1.916028687042156,0.4575523824679958,0.5880493319623477,1.0300196433509998,0.568060114024668,1.2862746064948998,2.0569630258813154,0.5317564345541229,0.5273504022124058,1.0546285922782386,0.6170509711689047,1.2764198573295067,1.983855602477238,0.5199622412876392,-1.474572391672434,0.5135688147950411,0.004088824327645509
dry-summer,stacked,plant-available soil water,cal,81,6,0.49831483132088794,0.04149042335892861,0.025673609766829975,0.04607863258101064,0.020405022814180662,0.004588209222082029,1.8094768208004495,2.445328823326248,0.4593164977602874,1.4233855707040328,1.916028687042156,0.4575523824679958,1.4636271706180692,2.376088340331098,0.5379065324310337,0.6940384440608216,1.7583757563075373,0.6930611407139204,1.246364695135485,2.4421419186338245,0.6098012407964272,0.7804289795511492,1.8709294052497927,0.6765801183370768,-1.3435680818187448,0.5882802679547264,0.0223779304697632
dry-summer,stacked,"plant-available soil water, after the solstice",sos,79,6,0.12536867194263623,0.011717102651482736,0.00022130930958841333,0.012539260619339188,0.012317951309750774,0.0008221579678564517,1.0121612082772833,0.876763878767569,0.2483245368944168,-0.13910393416987726,1.0625633242131025,0.8958436975982877,1.0460414348952725,0.9835014991719239,0.28751490054765705,-0.27024475965966666,1.164496456076557,0.816483600613315,1.0036972192910718,0.9785306600691661,0.30502418631630146,-0.5880624840935593,1.0681838828333938,0.5819589801904127,-1.5635114890776858,0.5866220703441903,0.0076924472172795536
dry-summer,stacked,"plant-available soil water, after the solstice",cal,79,6,0.08121773607215199,0.03943865106505606,0.00022130930958841333,0.04040638388638118,0.04018507457679277,0.000967732821325118,1.85695165590538,2.5023000009884813,0.4580280027263818,-0.13910393416987726,1.0625633242131025,0.8958436975982877,1.8806547643802398,2.5180270786238865,0.45513822918698443,-0.2918464564661472,1.05187183037496,0.7814312234290621,1.7138314943059785,2.4236791875033052,0.47949204473594287,-0.5626323539871911,0.9872126437847751,0.5687318739953277,-1.3758112726433886,0.5258968799358775,0.008893434118932553
summer-green,GCC,water balance (P - PET),sos,174,21,-0.2426009577785434,0.008810540230086428,0.00799184698019606,0.013527093756730224,0.005535246776534164,0.004716553526643796,-1.242540652866212,1.3574642080783967,0.3600134118884363,1.1834036850939609,0.8899524166314227,0.18360455865609837,-1.0151953349945513,1.3386229600369395,0.4482188533239586,0.9371163244919732,0.8239228731211153,0.25537797992892297,-0.7596868580160003,1.3162151776498079,0.5638210573087759,0.46743791802096846,0.8184924712641659,0.5679344525873053,-1.572043573592194,1.0898202488469557,0.14916709740138
summer-green,GCC,water balance (P - PET),cal,202,25,-0.2364489254280754,0.007781688758106919,0.007850770561978915,0.012643066985665086,0.004792296423686171,0.004861378227558166,-1.208089917867554,1.146316846826158,0.29193405820478024,1.2134404676579635,0.8246572934661253,0.1411699537960796,-0.9757240981439147,1.1208956859416863,0.3840348199528474,0.9827315531375559,0.7636054360017736,0.19810736260729944,-0.6950703609292044,1.1143309979626823,0.5327880078710974,0.28956120966730015,0.7672783819090379,0.7058857136604928,-2.4200144039287723,1.058239911443229,0.022205768266969808
summer-green,GCC,plant-available soil water,sos,140,19,-0.008695389742920995,0.004161867354466997,0.008998176307626893,0.01326747101797121,0.004269294710344318,0.009105603663504214,-0.8546008547765728,1.6294306373488898,0.5999459754859628,-1.2565982623567797,1.168802580734111,0.2823228325426319,-0.8655929137275384,1.5595803713773624,0.5788833418798467,-1.2641249301003499,1.0944900235161885,0.24809455977409245,-0.13220210324769344,1.409927934922664,0.925295716548084,-2.0995860745241797,1.3684827063716158,0.12496969188875356,-2.9141416574727015,1.333337743333769,0.028844954808962785
summer-green,GCC,plant-available soil water,cal,160,22,-0.024614938342740034,0.003537404147683887,0.005174189784667438,0.008927619572970835,0.0037534297883033974,0.005390215425286948,-0.7965958673045934,1.4552813610268938,0.5841158255619305,-0.9634227241012122,1.0411907664811793,0.3548054297355565,-0.8208077817428977,1.4105668091377566,0.5606345393071875,-0.983626857040053,0.9860917523797262,0.31852170945466096,-0.20133301123259334,1.270916492867203,0.8741293142422041,-1.6982416237553377,1.1905374142971463,0.15373860388575394,-2.9939743886658894,1.050741989170793,0.004380306169276285
summer-green,GCC,"plant-available soil water, after the solstice",sos,141,19,-0.2445428635830237,0.0041489570967448985,0.005537560581815315,0.007809215426418881,0.0022716548446035656,0.003660258329673982,-0.8507877686489581,1.62356463734019,0.600261447472258,0.9829037928387445,1.077137987570465,0.36149805693633086,-0.6492516991051049,1.6081482788540933,0.6864140227994584,0.8241339231534391,1.0050927832546346,0.4122400195657472,-0.262885002381863,1.5689982296837888,0.8669376356399414,0.1309058183169699,0.9823868078539576,0.8939934342441972,-2.1896359653782884,1.1835525352418215,0.0643057836134776
summer-green,GCC,"plant-available soil water, after the solstice",cal,161,22,-0.21448984695598547,0.003604883625595079,0.0024469323402520615,0.005008150249818932,0.002561217909566871,0.0014032666242238534,-0.8020976260630283,1.4500283560612386,0.5801538824366488,0.6608343156366422,1.0595832455438274,0.532841828814861,-0.6922006865610707,1.4116709506554928,0.6238923478479206,0.5123642963133304,0.9739315237775782,0.5988337652254796,-0.28609905679939124,1.3767697445816707,0.8353815573379249,-0.12095611512829291,1.0058565166261633,0.9042836389393263,-2.5617358580238183,1.0128777337500179,0.011433395907972795
summer-green,NDVI_tower,water balance (P - PET),sos,303,34,-0.1686452238148674,0.021413409872108713,0.003765384557233742,0.022798544973971047,0.019033160416737305,0.0013851351018623337,-2.231246839141811,1.354779372028299,0.09956939279042859,0.9356412744963956,1.214015091238673,0.4408848482874911,-2.134153312769049,1.3470126464593861,0.11311175890518611,0.5757265114092195,1.1570546031243172,0.6187805407804163,-1.3183266622106784,1.4128308263942304,0.35076314366910843,0.05640571048414694,1.1123838815038554,0.9595589549327138,-2.531098254691881,1.0865592970873184,0.01983462033691889
summer-green,NDVI_tower,water balance (P - PET),cal,342,38,-0.18794989194143447,0.03176013664738464,0.004180683245805339,0.03276682764194283,0.02858614439613749,0.0010066909945581903,-2.801096324061728,1.205992902079263,0.02019810010199051,1.016273250132799,1.1428686142745437,0.373879392542799,-2.705665964715226,1.2020080989431126,0.024388396925095035,0.5077436244349565,1.0585858618573363,0.6314810460576458,-1.9609282766841134,1.2433421538512879,0.11476264307371363,0.026303725079752434,1.019714203752025,0.9794206957006117,-2.3179128760727674,0.910312356085859,0.010887688139981718
summer-green,NDVI_tower,plant-available soil water,sos,250,31,-0.028840663570669632,0.022192347993311046,0.0005965208220392038,0.02259779562965314,0.022001274807613935,0.00040544763634209335,-2.282206438241135,1.6348053892231402,0.1627111583800095,0.3741675352445671,1.096765668075328,0.7329865934658215,-2.2733060975934434,1.6570265322971056,0.17008867096630698,0.3086038788907227,1.090681005182358,0.7772181958420125,-1.1174923945723556,1.687288520655631,0.5077785183509818,0.15143739985926782,0.9797053562414298,0.8771568272877313,-3.194413217445139,1.302977738478727,0.01422126554724031
summer-green,NDVI_tower,plant-available soil water,cal,288,35,0.024894499137170758,0.03680649493850163,0.0007609798339658358,0.037854435487201465,0.03709345565323563,0.0010479405486998328,-3.045056839811628,1.41210343527834,0.03105261087597561,0.43784434692392826,1.0409095915387485,0.6740206911843758,-3.0578518166487028,1.4402189789878304,0.033738324287172695,0.513968036335086,0.997045027798638,0.6062097483657135,-2.050806055075161,1.4561131649367847,0.15900935178429298,0.2827465867187381,0.9258316704633663,0.7600635003509989,-2.760505934023918,1.0489220826715981,0.008494509481097848
summer-green,NDVI_tower,"plant-available soil water, after the solstice",sos,254,31,-0.11341530932407026,0.02428792486950282,0.0006611552377330243,0.02435337027737261,0.023692215039639586,6.54454078697908e-05,-2.3797198193185047,1.5951593727134132,0.1357415452656757,0.39262897261096613,0.9528713584994436,0.6803040606438404,-2.3656187130666173,1.6222619227544803,0.1447792448974942,0.12433159452570607,1.0518708815417745,0.9059088462259054,-1.298463430433998,1.6135011524611091,0.4209645402732972,-0.5799493381090383,1.0548665903736603,0.582467166976222,-3.199075710153972,1.2471225783135234,0.010312662703705084
summer-green,NDVI_tower,"plant-available soil water, after the solstice",cal,293,35,-0.11413384680735235,0.03901087783886659,0.0005222023655842012,0.039010974564814394,0.03848877219923019,9.672594780685273e-08,-3.123352338025666,1.361939763445696,0.021830068489934976,0.36136620478803655,1.0623464004568643,0.733737135741458,-3.1227873212645827,1.370995679468036,0.022741393716467197,0.0049504750508824235,1.1203225554847416,0.9964743236326971,-2.177314528604681,1.3504179777157315,0.10689093589003186,-0.6884754941413159,1.1869787153068487,0.5618988015448525,-2.882272735856342,1.0335610977467955,0.005292307984431624
summer-green,NDVI,water balance (P - PET),sos,378,58,0.04377973496822884,0.03849690717816334,0.0014029892213508477,0.03933179018542321,0.03792880096407236,0.0008348830072598679,-2.090407373021869,0.5085547380347927,3.948264059806103e-05,-0.3990664115511539,0.5387185651438292,0.4588330655058148,-2.076917106017131,0.5300410700153794,8.913578196075585e-05,-0.30813953109874376,0.4842460311163106,0.524562359033455,-2.0435982572635276,0.5491503739879939,0.00019813553256048182,-0.33421138241166926,0.5042333866381008,0.5074516748214015,-0.11128869210468868,0.6339345622956601,0.8606456524946842
summer-green,NDVI,water balance (P - PET),cal,436,65,0.012512085990069975,0.008013773120249423,0.0008972974574874559,0.008845351639553911,0.007948054182066455,0.0008315785193044878,-1.0626066695170944,0.525231100381384,0.043060556101813356,-0.3555676444206701,0.5113740968878981,0.48685599937320123,-1.0583234595421305,0.5313446623932467,0.046394832231425785,-0.3423258102895707,0.49199888344991916,0.4865630169865507,-0.7182646977684127,0.5263131727234268,0.17234430629166697,-0.684522994303856,0.5171901832130236,0.1856551570312982,-1.5453777824918902,0.7245602345045841,0.032937091267149665
summer-green,NDVI,plant-available soil water,sos,309,49,-0.08629659637836247,0.04776209751037941,0.00040359969726466716,0.04776362192418182,0.04736002222691715,1.5244138024117504e-06,-2.207999693323439,0.5155019317849244,1.842215130157606e-05,0.20297041008467187,0.7585811190566437,0.7890335122041473,-2.206919191297016,0.5114286228944954,1.5945508500378036e-05,0.012520795393650771,0.6587356794136502,0.9848352713515298,-2.1921971947225884,0.5134915395634801,1.9617682589239738e-05,0.006434757852767756,0.6542539319346329,0.9921527240111888,-0.0523459401910147,0.6944974295819181,0.9399184158989572
summer-green,NDVI,plant-available soil water,cal,346,54,-0.06152039997837073,0.010074212836222785,0.001132868059357306,0.010832413098744276,0.00969954503938697,0.0007582002625214912,-1.1243190235418605,0.5272442482558419,0.03297033393498126,0.3770280519990526,0.7241298306988523,0.6026011284598652,-1.1053074299010035,0.5101807866808618,0.03027288681249328,0.3090290968124778,0.6826647154577973,0.6507787259132776,-0.8364692680306168,0.5138449846720332,0.1035539261244605,0.13243534300434726,0.6609136566806924,0.8411816671309686,-1.1966457679945546,0.7622519155026628,0.11644250293584815
summer-green,NDVI,"plant-available soil water, after the solstice",sos,310,49,-0.154942870209738,0.04829765116834617,0.008293671889007315,0.051628698954445884,0.04333502706543857,0.0033310477860997167,-2.2186218041095462,0.5145421851822797,1.619040988112747e-05,0.9193771307076384,0.6309123729891317,0.14505609780900158,-2.1272401503035456,0.5233227948577518,4.805883977091122e-05,0.5897764361942129,0.5419318507246528,0.27646920285486876,-2.1204775064270684,0.5260732682933805,5.5595702894459825e-05,0.5889337048928283,0.541454434616825,0.27673269266666123,-0.023709445883553452,0.6945454433919659,0.9727681931662155
summer-green,NDVI,"plant-available soil water, after the solstice",cal,347,54,-0.17477607134950085,0.010436423576697718,0.00447798390115417,0.012919431863013142,0.008441447961858972,0.0024830082863154246,-1.1433990287170248,0.5246482929145072,0.029304719411437793,0.7489679510793151,0.6434933722093273,0.24446075099859987,-1.0444003096097791,0.5028003655116423,0.03778615164248078,0.5664317680495153,0.6023893808996872,0.34705941499579573,-0.7734576797673177,0.49412623552722545,0.11751168989861875,0.5297732596452844,0.5983992156594692,0.3759854482781395,-1.1908817969360743,0.7669682026809974,0.12049162229672153
summer-green,NIRv,water balance (P - PET),sos,581,78,0.07440611775180203,0.011872178875473982,2.949212252800759e-05,0.01187938289557644,0.011849890773048433,7.204020102458131e-06,-1.3382175262461715,0.5197069852136702,0.010025567991173465,-0.06669826124988065,0.5874635969886308,0.909605631404611,-1.340677118558096,0.520286039770523,0.009971738406851319,0.03305631830069989,0.5852739759998267,0.9549593677032145,-0.9672555129880466,0.5014825403821481,0.05375668915519164,-0.694732545743785,0.5650929816055514,0.2189170728993688,-2.4134432446765364,0.6843401844074494,0.00042081801657214144
summer-green,NIRv,water balance (P - PET),cal,611,79,0.03164796339901547,0.016880503999226026,5.9494088473166507e-05,0.016893486938359015,0.016833992849885848,1.2982939132988314e-05,-1.6102368639381066,0.44802032068827774,0.00032549519487805914,-0.0955947337256976,0.5784206780263367,0.8687326295753595,-1.6088228719756974,0.44721700512845336,0.00032140180207498257,-0.044678766357911764,0.5771779020982226,0.9382981783613679,-1.1893806295234735,0.4597846375956332,0.0096865853338657,-0.71838654187425,0.554307254825313,0.19497278767863346,-2.297157793733411,0.6942373677297814,0.000936653239588509
summer-green,NIRv,plant-available soil water,sos,456,68,0.013771595209188102,0.025499694009309293,0.0010161250127991295,0.026661077829999824,0.025644952817200695,0.0011613838206905314,-1.817945853103025,0.552434536495346,0.0009990659038710227,0.3629000518637474,0.6319959918922395,0.565823954461576,-1.823289365008224,0.5443381599406316,0.0008094214998585238,0.3880096549478589,0.5888659835243772,0.5099535969566745,-1.177271934734943,0.5474732484762606,0.03152568719973492,-0.28568806223160986,0.5727608558067957,0.617926502839806,-3.0556171812113746,0.670316465664746,5.15277395162957e-06
summer-green,NIRv,plant-available soil water,cal,480,69,0.03462356447658682,0.02801482203499428,0.0015392364163141492,0.030044800411526573,0.028505563995212424,0.002029978376532293,-1.9228956266382877,0.4964927971169775,0.00010752247263129842,0.4507279009040349,0.6184413292350734,0.46611623599254437,-1.940828080833771,0.48783106391219455,6.93560785614643e-05,0.5179262870987538,0.576801310417899,0.3692237140586089,-1.1968860568164255,0.5377822927267242,0.02604126219314066,-0.20487809023928039,0.5527961810010847,0.7109195463645503,-3.0593342368622207,0.6990537261365722,1.206590613399508e-05
summer-green,NIRv,"plant-available soil water, after the solstice",sos,458,68,-0.08246930034092236,0.024366260341809665,0.0011147637646060637,0.024790002231709796,0.023675238467103732,0.00042374188990013106,-1.7783068643688869,0.5530339987613768,0.0013019613301936289,0.38036774914085636,0.6921263623154653,0.5826184396549354,-1.75890081292756,0.5507608762645237,0.001405187228006485,0.23531242972964106,0.6561780008730294,0.7198863667365252,-1.1700770056500427,0.5442730135134567,0.031571200867988314,-0.1981936140084403,0.6229853775354832,0.7503823396182561,-3.0178832490929213,0.6335000161464022,1.899572120167853e-06
summer-green,NIRv,"plant-available soil water, after the solstice",cal,482,69,-0.09910774423931537,0.026281208425002367,0.0009184909520598694,0.026485991307200307,0.025567500355140438,0.00020478288219794027,-1.8635754830846354,0.5014281419008194,0.00020197328473993667,0.3483868582525705,0.6432407638166072,0.5880858858605333,-1.8471913985797528,0.5012611386849464,0.00022862364933993844,0.16531588556106527,0.6067976945119294,0.7852838191240162,-1.1759414762051892,0.5436885988310407,0.03054923885561082,-0.2486281391066867,0.5768344759266323,0.6664526392330619,-3.048326243895372,0.6670165219952155,4.875123406512853e-06
summer-green,stacked,water balance (P - PET),sos,1436,85,-0.0279955391981495,0.01799106937392314,0.0004132239541279059,0.018265944060425476,0.01785272010629757,0.0002748746865023355,-1.7011010215999933,0.4799300997642179,0.00039339338112965097,0.2578067956024799,0.39221017286802423,0.5109764826210008,-1.6952122042777225,0.47674069828314436,0.00037677766550527915,0.2103484158884414,0.3578847355671705,0.5566969907128918,-1.3070500564142544,0.45768210033204293,0.00429280982973641,-0.25279827149233947,0.33436048893430365,0.4496102101586138,-1.7588056767962286,0.43080638562646567,4.453662905214139e-05
summer-green,stacked,water balance (P - PET),cal,1591,85,-0.059343938585126106,0.015623375581906185,0.0004811190307789648,0.01583485839499177,0.015353739364212804,0.00021148281308558392,-1.6495753524948547,0.4611024298692775,0.0003469497129608583,0.2894749517421345,0.3794106200420676,0.44548752642370115,-1.6381659025870356,0.4576983270154517,0.0003447281726973862,0.19225973502676144,0.3496430753267409,0.5824056049393596,-1.1948162218688851,0.44472005829248196,0.0072168124638194945,-0.3461834399829401,0.3243855273637346,0.28588263877283093,-2.118964529892354,0.4774877585052631,9.091009880529056e-06
summer-green,stacked,plant-available soil water,sos,1155,74,-0.02530340947405915,0.024293603659204743,0.0001692868823983673,0.02437586930877056,0.024206582426372192,8.226564956581583e-05,-1.9097169974721042,0.5519584490119421,0.0005403907161346351,0.15941702352533033,0.5141784138619437,0.7565288404687143,-1.906904122508581,0.5513991748760658,0.0005435944050784289,0.11116584768572464,0.4699546309881457,0.8130090837865048,-1.3191783457701134,0.5253620433957896,0.012039342649056768,-0.25239833106169784,0.4523109222351194,0.5768310438322688,-2.2359751218890107,0.4910617242509801,5.279872099385168e-06
summer-green,stacked,plant-available soil water,cal,1274,74,-0.0007516546053106655,0.019992242115349,0.00046438660063874426,0.02045205970756936,0.019987673106930615,0.00045981759222035734,-1.8044825535144189,0.5393262665606147,0.0008204295606713138,0.2750184159077456,0.4890257694121535,0.573856998158475,-1.804276854044277,0.5414738449763056,0.0008617505884912325,0.27366222290114817,0.4515858640215994,0.5445130043832066,-1.159210331344194,0.5180444437896796,0.025242857523164255,-0.16574682709887228,0.4336534251902299,0.7023053459540617,-2.488490962683075,0.5116258954932299,1.1510216404146108e-06
summer-green,stacked,"plant-available soil water, after the solstice",sos,1163,74,-0.12666890256751592,0.024489847479032267,0.0024178723469782115,0.025365266453280855,0.022947394106302643,0.0008754189742485874,-1.9161860357988707,0.5481574684811917,0.000472845911590881,0.6020898623709807,0.4481301029808912,0.17909058076057782,-1.8699229070696273,0.5535229881703797,0.0007295645874171174,0.36522877984661145,0.4293388903683865,0.39494872458026775,-1.3402591399985004,0.525873976527104,0.010814641285028181,0.03346573910311334,0.4249014722476333,0.9372225861423689,-2.1548564197449926,0.48146217007905767,7.6179001386074215e-06
summer-green,stacked,"plant-available soil water, after the solstice",cal,1283,74,-0.13680771765094818,0.020093428144650538,0.0015268396001572038,0.020488202913769182,0.01896136331361198,0.0003947747691186443,-1.80764990742504,0.5351236328262459,0.0007301395148376493,0.4982921114533702,0.4754036451685829,0.2945716532305086,-1.7726573797347935,0.5357760249914096,0.0009377067875239223,0.25577890115474333,0.45356652387503626,0.5728030757155599,-1.191729283164841,0.5144442112227794,0.020528941913592537,-0.10056681934499609,0.46189366714556224,0.8276416619208561,-2.449705557765974,0.5164104764188915,2.098311327449374e-06
all,GCC,water balance (P - PET),sos,205,26,-0.18142413650644632,0.008658388183469756,0.010424767119646017,0.016168040122054195,0.005743273002408178,0.0075096519385844385,-1.1813007032815055,1.1547106351990646,0.30629485636914244,1.2962092524084954,0.8074564117547901,0.10842794230858585,-0.9783388040991258,1.113914105052597,0.37978675828889485,1.118714979664063,0.7485864068543492,0.1350615221418402,-0.8381870045982452,1.0907968065350686,0.44223937768521626,0.67034625128784,0.7549840945966345,0.374597484909443,-1.3676975483344094,0.9851596549466993,0.16504558883613507
all,GCC,water balance (P - PET),cal,233,30,-0.19494882269542227,0.0029414105979425065,0.01003163074036173,0.01128394546948186,0.0012523147291201298,0.008342534871539353,-0.7144602316949455,1.0813393321738207,0.5087932547418715,1.3194289306272733,0.7585541632267783,0.08196447016712008,-0.4753030272511382,1.0438377245039017,0.6488633043580806,1.2267691650410941,0.7406300657720736,0.09764370368195703,-0.30430374915559183,1.0228800192828187,0.7660870890312004,0.5526039432182828,0.7358493186087771,0.45266810948007274,-2.1856274877883655,0.9579270244003896,0.022511659643038997
all,GCC,plant-available soil water,sos,164,22,0.022775925293172947,0.005655991446867237,0.0030433417332326185,0.00851476148571595,0.005471419752483331,0.0028587700388487125,-0.9635951577952485,1.4235202988474691,0.49846304454575174,-0.7068310150609385,1.1499036741852116,0.5387613460108849,-0.9479881894234388,1.39263735315711,0.4960522732294117,-0.6852397068798209,1.0956602721268502,0.5317003141265204,-0.3914625465392938,1.2859958215179172,0.7608199581523394,-1.4258660990121852,1.333395118055272,0.2849119784026495,-2.4377651917091523,1.2252979601792375,0.04664290117310905
all,GCC,plant-available soil water,cal,184,25,0.020779145378967297,0.00028975791401009143,0.0015559626628753875,0.0018186012564760379,0.00026263859360065034,0.0015288433424659464,-0.2211540602741069,1.3840408967619537,0.8730475459288489,-0.5124799154394442,1.0260581383626248,0.6174519836844647,-0.21059609529053436,1.3688500602669953,0.8777288650753382,-0.5081039085591595,1.0137891654352824,0.6162353867824714,0.28211592179533185,1.2191284443684525,0.8169979483718264,-1.2186869029281597,1.1738806263789685,0.29919121298627493,-2.740422319475745,0.9559221278077561,0.004146658409491501
all,GCC,"plant-available soil water, after the solstice",sos,165,22,-0.21882253412525907,0.00564140496664578,0.005166581262360248,0.008869961799512494,0.0037033805371522455,0.0032285568328667136,-0.9599958854809227,1.4191514008177724,0.49875009700285733,0.918707719703828,0.9659490653135014,0.34155699691174335,-0.7971312080583806,1.3982595393751267,0.5686179051701843,0.7442774487261634,0.9021472533956959,0.4093678370566599,-0.5140020118911051,1.3658607221900116,0.7066783022479834,0.10322941184894331,0.8904150131130777,0.907704815694855,-1.9145713139568252,1.080332928565001,0.07636054987336288
all,GCC,"plant-available soil water, after the solstice",cal,185,25,-0.19853955518404254,0.0003088167600856506,0.002384507866626695,0.0024491210415331643,6.461317490646934e-05,0.0021403042814475137,-0.22780996454731028,1.3794971671844494,0.8688339025219651,0.6330261706945591,0.9635897606089225,0.5112158178546604,-0.10632015320966161,1.3518546769956576,0.9373129093703335,0.6119174147692136,0.8956140973323515,0.49445658415185956,0.18060975565302506,1.2930012457260895,0.8889107871163602,-0.028417672869357282,0.9282272295504339,0.9755765827206723,-2.3891740418579817,0.9266311421368562,0.009927505283684123
all,NDVI_tower,water balance (P - PET),sos,318,37,-0.14115433663038449,0.01543011341638656,0.004346844469453992,0.01781997011873815,0.013473125649284157,0.0023898567023515893,-1.874206579692966,1.3050526928174668,0.1509694391656131,0.9947637474910155,1.1814883617797949,0.39981138292148255,-1.7690386562195488,1.2831930032367627,0.16801119721249835,0.7450562694988383,1.1355809825039402,0.5117588853803721,-0.9752858993248843,1.309421891013516,0.4563794868467713,0.17495673985473953,1.0871967126258146,0.8721527551203063,-2.6452273615677493,1.0350533674344902,0.010599166210905309
all,NDVI_tower,water balance (P - PET),cal,357,41,-0.1725019563671951,0.02515494876186941,0.004728627331419433,0.026921958834706383,0.02219333150328695,0.001767010072836972,-2.4678842740053346,1.1935335755679253,0.038667067316061336,1.0699922105955286,1.1158236009783689,0.33759604901185436,-2.353336584508452,1.1777568687392515,0.04570024419607849,0.6640370457773267,1.042735637376833,0.5242407619083933,-1.5996721400082046,1.2022860537746791,0.18334522125886876,0.1450739054934489,1.001340116722649,0.8848058151134364,-2.4351086185366673,0.8823231702886971,0.005782208555921746
all,NDVI_tower,plant-available soil water,sos,262,33,-0.01820522638586625,0.01578257540707262,0.0008878387632123008,0.0165396002217858,0.0156517614585735,0.0007570248147131808,-1.9084439633770973,1.5715609164770963,0.22460949388982976,0.45264479135942204,1.0648079596213993,0.6707672503286299,-1.9008334562193796,1.5960760510877916,0.2336764897711734,0.4180396879671198,1.0580495944318369,0.6927660944129883,-0.7804986957164122,1.5604897743274921,0.6169605575636787,0.22825655239147663,0.9436967509531611,0.8088771036433374,-3.3665413619230162,1.2420896487360047,0.006720511494429731
all,NDVI_tower,plant-available soil water,cal,300,37,0.03041498108478542,0.030421421725678743,0.0010388203161775245,0.0318316503198236,0.030792830003646077,0.0014102285941448578,-2.745642467544251,1.3961537217688318,0.04923210714144926,0.5073696063018691,1.014926794044515,0.6171401485953225,-2.7636306593061377,1.4256830071913766,0.05256702573287612,0.5914253805299987,0.9754639269843003,0.5443144685381118,-1.7460808637010299,1.4088443729291886,0.21520813483548829,0.33501686409772247,0.8994626735087147,0.7095479082753152,-2.927454312119199,1.0167596523912565,0.003986855087301778
all,NDVI_tower,"plant-available soil water, after the solstice",sos,265,33,-0.11444059698755718,0.01872488480944301,0.0009747723134750919,0.01897025609277414,0.01799548377929905,0.00024537128333113056,-2.0758792440581475,1.5345678253322819,0.17613704832269528,0.47363534259676227,0.932201911025683,0.611395588849673,-2.0485046820302015,1.5634082822820685,0.19010068131584634,0.23920324385341954,1.0158204848068926,0.81383785333433,-1.0122331933233262,1.5144860727805252,0.5038990682406301,-0.4973520474241546,1.0223247983512724,0.6266189226567247,-3.340253770502134,1.198088816401398,0.0053036982827297805
all,NDVI_tower,"plant-available soil water, after the solstice",cal,304,37,-0.11438407436653632,0.03292803897745533,0.0007479449878999844,0.032972074225871006,0.03222412923797102,4.4035248415674744e-05,-2.850814843227046,1.3480723124322187,0.03445259385050505,0.42965602468424813,1.040583478424151,0.6796805102458592,-2.8388112378922443,1.3584882307610617,0.036646187414602543,0.10494122893662239,1.0921421402621574,0.9234510636274224,-1.8947729897721026,1.3134998385534031,0.1491507540934102,-0.6230691463023406,1.1561673808820514,0.5899495637345578,-3.027748597309305,1.0046616926626357,0.0025808316301500615
all,NDVI,water balance (P - PET),sos,395,62,0.04490134213131913,0.03275195824062427,0.0008665711629564088,0.03320705834830029,0.03234048718534388,0.0004551001076760208,-1.9075475716439034,0.5220885094455834,0.000258502189641872,-0.31028362607322707,0.5250258241037717,0.5545288897231511,-1.8974409089280855,0.5367576963515656,0.00040776810802013264,-0.2250859826474864,0.4738945019057592,0.6348078884925944,-1.8107660377690245,0.5447855355832263,0.000887952526963908,-0.3016329418283416,0.4975437674108627,0.544352714710648,-0.29901040764357545,0.6268901269146262,0.633380503953891
all,NDVI,water balance (P - PET),cal,456,69,0.006834779543681891,0.009059603162275387,0.0005857126634548626,0.009614276490549578,0.009028563827094715,0.0005546733282741911,-1.1149429700483773,0.5011946796302954,0.02611007533321624,-0.28349171623354025,0.49616923233274657,0.5677550043807666,-1.1130573622623947,0.505608278310242,0.027706138484992253,-0.27588421454300416,0.4737250393387676,0.5603161148077853,-0.8095440412988153,0.49794581248709163,0.10399915762334647,-0.6453057476671659,0.4992527512931306,0.19616909621682954,-1.5234725479337095,0.6941013286530778,0.028171852920678708
all,NDVI,plant-available soil water,sos,317,51,-0.07710069036408261,0.03849281121016801,0.0003825140398692195,0.038512563547856926,0.03813004950798771,1.9752337688916377e-05,-1.9629026718735334,0.5393928162474937,0.0002735959485762202,0.19567378302113125,0.744600384648241,0.7927121869047576,-1.959464155028253,0.5331791023193323,0.0002377953357033765,0.04459774392477946,0.6566517864450017,0.9458517974297947,-1.9389365378441115,0.5318989769847781,0.0002670699085585158,0.03689231835968411,0.6526139422814999,0.9549195334645825,-0.07556964191512766,0.6719364889438751,0.9104543600810694
all,NDVI,plant-available soil water,cal,354,56,-0.044334201121266896,0.010313812823560586,0.001094216982868379,0.011132037687634266,0.010037820704765887,0.00081822486407368,-1.1271328699154757,0.513733618343739,0.02823522605710274,0.367127754331016,0.7117183386519323,0.6059711026614495,-1.1130442665306035,0.4986275107878747,0.0256006958854579,0.3177818259617751,0.6729055213305061,0.6367460281587882,-0.8598256326452258,0.5022469880387588,0.08690445152532114,0.16909734350550373,0.6535073356195296,0.7958253986839426,-1.1044250917313088,0.7444844199176326,0.13794787334803288
all,NDVI,"plant-available soil water, after the solstice",sos,318,51,-0.1366415896997355,0.038965392629459084,0.0073731294636449896,0.04249993044476852,0.03512680098112353,0.0035345378153094353,-1.9734540041880266,0.5383466143242779,0.0002465970296246495,0.8584468475516078,0.6170673742809268,0.16417327855245611,-1.8914699540945012,0.5357648648877552,0.00041491522127044583,0.5999933861548493,0.5352683114917253,0.2623215744969195,-1.8801641488191683,0.5324207064093591,0.0004134434394894608,0.5979566447400989,0.5345601275974067,0.26331267102929057,-0.041519447304236935,0.6715054534265368,0.95069789822731
all,NDVI,"plant-available soil water, after the solstice",cal,355,56,-0.15425295156289356,0.010673459195905566,0.003950077946070718,0.012927969830219377,0.008977891884148659,0.002254510634313811,-1.1456952466842352,0.511230312537202,0.025022512764191953,0.6969784447100782,0.6308768890672779,0.2692561136679207,-1.063488890426648,0.4897615423868782,0.029897760429392125,0.5329321444074216,0.5879808249036983,0.36473647884170535,-0.8130391589498561,0.4830521300587702,0.09235007739288628,0.4873766701109805,0.5858576914584052,0.40546379567740964,-1.09833222772992,0.7526940155285811,0.14450965929845963
all,NIRv,water balance (P - PET),sos,650,87,0.0715265663077217,0.011976588416766965,6.325057012213087e-05,0.012226900100046012,0.012163649529923881,0.0002503116832790475,-1.3240580242877926,0.4748106391280234,0.005293603146892964,0.0962216228590927,0.5453235689186142,0.8599414649504136,-1.337784599055768,0.47405626314148525,0.004772586021021503,0.19190876168890295,0.5407075108251168,0.7226483443949949,-1.0683111981222546,0.4579272409829542,0.019651934190530188,-0.5086737014874517,0.5302390974887373,0.3373930699809867,-2.1900584805216736,0.6260590521449535,0.00046846947919222063
all,NIRv,water balance (P - PET),cal,681,88,0.033660417571779455,0.014889888332302426,2.5091875633931338e-05,0.014973094315032798,0.014948002439398866,8.320598273037216e-05,-1.4893317582243188,0.432307171267022,0.000570895440421767,0.06113815001107926,0.5375233078143674,0.9094435356463217,-1.4930813905013078,0.4312079294060602,0.0005350715356878202,0.11139589308400619,0.5336210265144361,0.8346397424756462,-1.1983039838993563,0.4423980400708087,0.006755640037004623,-0.5512946874777763,0.518924147820565,0.28806316466224957,-2.1154395067726206,0.6327948364514493,0.0008287489415711123
all,NIRv,plant-available soil water,sos,493,74,0.024978765258448207,0.021792818476597087,0.0009400044720663248,0.02297326834551605,0.022033263873449727,0.0011804498689189646,-1.6428751664116197,0.5223981562983778,0.00166159695111722,0.3412029866902522,0.6014469257842195,0.5705079536404627,-1.6524290101529389,0.5141692315825039,0.0013099803588833428,0.3824786230411124,0.5647520033501271,0.4982469794964106,-1.0651339148873982,0.51626375902563,0.03909758038862845,-0.2557162732568072,0.544563089392461,0.6386546732561469,-3.018589441283625,0.6141192313650216,8.863984102932434e-07
all,NIRv,plant-available soil water,cal,517,75,0.051747857839041726,0.02482513136642739,0.001432444123300014,0.026946908128044678,0.025514464004744664,0.002121776761617289,-1.7708873404272512,0.47039079449068877,0.00016673906343717842,0.4253867914757831,0.5897453524142121,0.4707213389270136,-1.7977141880222653,0.4608344611722757,9.579704836693663e-05,0.5184146497127877,0.5528965799106907,0.3484325156335698,-1.1274963113075287,0.5022078663249492,0.02476306441772943,-0.17174946915797393,0.5267342566074457,0.7443753727461475,-3.0228840192327637,0.6409438525295794,2.4017125588699522e-06
all,NIRv,"plant-available soil water, after the solstice",sos,494,73,-0.06804440967474377,0.01963351222497489,0.0007873541482847912,0.019978301791035435,0.019190947642750644,0.0003447895660605438,-1.5689074594281136,0.5286880516519232,0.003001848737493905,0.3141835114666415,0.6570075325682929,0.6325051443250299,-1.5547274809109002,0.523466297201543,0.0029773942305385,0.20839299782295723,0.6251621772529972,0.7388759128946778,-1.0289108031340581,0.5165657074016685,0.04638977078189963,-0.2218360711541379,0.5914679723939703,0.7076157270717847,-2.9993095749170293,0.5819656569491521,2.5531876049123733e-07
all,NIRv,"plant-available soil water, after the solstice",cal,518,74,-0.09706547830796704,0.022821264807493358,0.0006453803642796352,0.022937729865780243,0.022292349501500608,0.00011646505828688536,-1.7075984642257545,0.47658227354156246,0.0003396592035863217,0.28715988734272474,0.6127583702764151,0.6393307087302302,-1.6957015557620274,0.4751524305319422,0.0003586846863147928,0.12256580476511994,0.579678531881634,0.8325458634571903,-1.1091082303552255,0.5080256082250666,0.029023008666730635,-0.2851353681199803,0.5487509267437559,0.6033368254143836,-3.0248716210737676,0.6128815702846757,7.99492694130655e-07
all,stacked,water balance (P - PET),sos,1568,94,-0.01502446177370557,0.015648862037709987,0.0008772163138666134,0.01641845162898825,0.015541235315121638,0.0007695895912782635,-1.5604111004941057,0.4475211297719011,0.0004888595454346163,0.3694460266698416,0.37423113436064553,0.32353798671403866,-1.5552114375899269,0.44404114075086837,0.000461080022960479,0.34607981187574155,0.3474798703970831,0.3192643226918781,-1.2282735100192097,0.4220243486563342,0.0036092856373393517,-0.1344893362140664,0.3215916758708297,0.6758015837648872,-1.708390449317403,0.3986231828944456,1.821419126406612e-05
all,stacked,water balance (P - PET),cal,1727,94,-0.049709156568235616,0.013037143911261428,0.0008986191784672304,0.01362915365078976,0.01273053447232253,0.0005920097395283319,-1.4804999417717375,0.44214113839592406,0.000812566873834921,0.38869146685399064,0.3626958886168099,0.2838668382211832,-1.4647979328426128,0.4386523633685363,0.0008398560405673059,0.315877597069489,0.3397782342268977,0.3525481207975535,-1.105816503052138,0.4269082138811401,0.00958948321344472,-0.2383819020064476,0.31116964344125003,0.4436266727039825,-2.033759397238697,0.44251602969714704,4.308854364612106e-06
all,stacked,plant-available soil water,sos,1236,80,-0.01268054221420073,0.019857378620734667,0.0003074634755774186,0.020105409896659765,0.019797946421082346,0.000248031275925098,-1.699126933672286,0.5250022880395968,0.0012103993326732238,0.2114275766163664,0.4970364569756892,0.6705623103230591,-1.6967187432047313,0.5250706410177877,0.0012318092595332637,0.18991226296753277,0.4612659058203988,0.680544879805669,-1.1533341321892188,0.4960396688385751,0.02006744371474675,-0.16697344941647346,0.442152584019332,0.705699814021439,-2.2279974333955224,0.4590510289265135,1.2131032124241141e-06
all,stacked,plant-available soil water,cal,1355,80,0.017129925980133246,0.016365985602703748,0.0006434771985821541,0.01712566715836994,0.016482189959787785,0.0007596815556661918,-1.6069826263963014,0.5229695915483261,0.002120582974857617,0.31864468608094004,0.4741303336567763,0.5015446217736189,-1.6129142707561925,0.5255964303701376,0.0021496977191924997,0.3462737881512942,0.44435828652741066,0.43582239760253516,-1.0123631871093808,0.5016212640854673,0.04357227249028617,-0.08537092723682833,0.42478076687678773,0.8407169946378816,-2.4639058080518503,0.4805841359896973,2.945551144180875e-07
all,stacked,"plant-available soil water, after the solstice",sos,1242,80,-0.11298938221309227,0.019905764610004262,0.002203386515668204,0.020879117977538608,0.018675731461870404,0.0009733533675343464,-1.7040775343872645,0.521514385672984,0.001084803481140867,0.5669506565623379,0.42864768756613536,0.18595195932920805,-1.661226343006417,0.5232310607794273,0.0014986835607329633,0.37924971834992854,0.4096895061833877,0.35460172710369464,-1.1719991317625347,0.4941096383994746,0.017694894529898187,0.03248162295936597,0.40514186838396293,0.9360993027998626,-2.1644633450137243,0.4529206868263967,1.762555185795894e-06
all,stacked,"plant-available soil water, after the solstice",cal,1362,80,-0.12839364803336228,0.016428345731826277,0.0014018138681247683,0.016876062621735688,0.01547424875361092,0.00044771688990941083,-1.6120883759024556,0.5191051495068036,0.0018994854622275366,0.4709091245100876,0.4561868712331503,0.3019445184722066,-1.5776338167431592,0.5185202170271933,0.002345676145750204,0.26835096351763654,0.43571243740152654,0.5379670758483859,-1.0434788185079658,0.49653970763831495,0.035596987984535686,-0.09949824309857924,0.4428356569809967,0.822224837860061,-2.441321100743297,0.48783804745955783,5.604560829607226e-07
