group,eos_source,years,reading,n_obs,n_sites,share_of_years,mean_eos_anomaly_days,se,p
all,GCC,warm + high GPP,both say earlier,51,20,0.27419354838709675,-1.214888733271087,2.6528153688018596,0.6469797147714742
all,GCC,cool + low GPP,both say later,53,19,0.2849462365591398,0.8077774034141949,2.5687636441022534,0.7531705131246775
all,GCC,warm + low GPP,earlier if temperature drives it,41,20,0.22043010752688172,-0.07706881533101084,0.9676678552468596,0.9365205007751587
all,GCC,cool + high GPP,earlier if GPP drives it,41,20,0.22043010752688172,0.5440718157181562,2.858001712472552,0.8490208411378375
all,NDVI_tower,warm + high GPP,both say earlier,112,39,0.3137254901960784,-3.929296445298767,1.2502592722006776,0.001673485464817739
all,NDVI_tower,cool + low GPP,both say later,110,39,0.3081232492997199,2.314148348426599,1.2904251144043828,0.07292137712785085
all,NDVI_tower,warm + low GPP,earlier if temperature drives it,71,36,0.19887955182072828,1.7832327866141044,1.4033057064705448,0.20382215107372204
all,NDVI_tower,cool + high GPP,earlier if GPP drives it,64,33,0.1792717086834734,0.920552432764604,1.8655082698463925,0.6216880804055507
all,NDVI,warm + high GPP,both say earlier,119,63,0.26096491228070173,-1.6372009409824562,1.1796727755540013,0.16518477077489035
all,NDVI,cool + low GPP,both say later,129,64,0.28289473684210525,0.8527220572278683,0.9181148320820706,0.35300572903372784
all,NDVI,warm + low GPP,earlier if temperature drives it,100,53,0.21929824561403508,-0.8271145382395405,1.0531972860894094,0.43225615176485765
all,NDVI,cool + high GPP,earlier if GPP drives it,108,60,0.23684210526315788,1.5512705594302791,0.8841888784888576,0.07935238816886986
all,NIRv,warm + high GPP,both say earlier,183,82,0.2687224669603524,-2.8872120896711064,0.8561635931571563,0.0007455218167866527
all,NIRv,cool + low GPP,both say later,192,84,0.28193832599118945,2.2495008210828527,0.6863730845079912,0.0010477774261360114
all,NIRv,warm + low GPP,earlier if temperature drives it,152,72,0.22320117474302498,-0.37520784679501895,0.9049377715968767,0.678418043295081
all,NIRv,cool + high GPP,earlier if GPP drives it,154,81,0.2261380323054332,0.99667043814771,0.9401523136198926,0.28909186443360024
all,stacked,warm + high GPP,both say earlier,465,89,0.2767857142857143,-2.6348973153914237,0.7603305606816858,0.0005293196408018117
all,stacked,cool + low GPP,both say later,484,91,0.28809523809523807,1.7340368259053323,0.6512364826968888,0.007752022293877203
all,stacked,warm + low GPP,earlier if temperature drives it,364,85,0.21666666666666667,-0.044761923394964334,0.6759273409942959,0.9472003008163753
all,stacked,cool + high GPP,earlier if GPP drives it,367,88,0.21845238095238095,1.096040239876285,0.7919619006720137,0.1663719991872764
summer-green,GCC,warm + high GPP,both say earlier,44,18,0.28205128205128205,-1.6277281746031762,3.028125172734472,0.5908969956824777
summer-green,GCC,cool + low GPP,both say later,48,17,0.3076923076923077,1.648245287698411,2.639170908781294,0.5322786095180598
summer-green,GCC,warm + low GPP,earlier if temperature drives it,33,16,0.21153846153846154,0.3459866522366525,1.1231377306639547,0.7580415262038083
summer-green,GCC,cool + high GPP,earlier if GPP drives it,31,16,0.1987179487179487,-0.6101062467997969,3.6772868854959704,0.8682261555831715
summer-green,NDVI_tower,warm + high GPP,both say earlier,108,36,0.3157894736842105,-4.039910819816004,1.2924770791532965,0.0017737530696931207
summer-green,NDVI_tower,cool + low GPP,both say later,108,37,0.3157894736842105,2.5863625153727705,1.2918274898835933,0.04527441887737802
summer-green,NDVI_tower,warm + low GPP,earlier if temperature drives it,67,33,0.195906432748538,2.136274047506488,1.4719230985239344,0.14668271650489165
summer-green,NDVI_tower,cool + high GPP,earlier if GPP drives it,59,31,0.17251461988304093,0.23479416435482509,1.9555998874835254,0.9044336572114903
summer-green,NDVI,warm + high GPP,both say earlier,116,60,0.26605504587155965,-1.5092837239388988,1.1943633366462154,0.20634771363124005
summer-green,NDVI,cool + low GPP,both say later,126,61,0.2889908256880734,0.9960408363682145,0.9363192968208895,0.287426875905617
summer-green,NDVI,warm + low GPP,earlier if temperature drives it,95,50,0.21788990825688073,-0.9320503911293403,1.103390660176885,0.3982701091778871
summer-green,NDVI,cool + high GPP,earlier if GPP drives it,99,56,0.22706422018348624,1.3951571086040768,0.9366551572362117,0.1363531542418828
summer-green,NIRv,warm + high GPP,both say earlier,171,75,0.27986906710310966,-3.0073416390302357,0.8639228151086042,0.0004994886752941637
summer-green,NIRv,cool + low GPP,both say later,177,76,0.2896890343698854,2.5036023063565445,0.7073909047400058,0.0004013321664007349
summer-green,NIRv,warm + low GPP,earlier if temperature drives it,132,64,0.2160392798690671,-0.45348663857186733,1.002718791366969,0.6510838162633403
summer-green,NIRv,cool + high GPP,earlier if GPP drives it,131,72,0.2144026186579378,0.9998324300805214,1.042493636742507,0.3375195887469059
summer-green,stacked,warm + high GPP,both say earlier,439,81,0.2841423948220065,-2.727249978300115,0.7864376919102967,0.0005246350116477213
summer-green,stacked,cool + low GPP,both say later,459,83,0.2970873786407767,2.0197857931967023,0.6641888197750906,0.0023580846081856653
summer-green,stacked,warm + low GPP,earlier if temperature drives it,327,77,0.21165048543689322,0.018785618525903436,0.7361505918298333,0.9796412194456263
summer-green,stacked,cool + high GPP,earlier if GPP drives it,320,79,0.20711974110032363,0.8251192629327899,0.8694777829706063,0.3426294759565549
deciduous,GCC,warm + high GPP,both say earlier,25,9,0.30864197530864196,4.442781746031748,3.721208383678883,0.23251382248914387
deciduous,GCC,cool + low GPP,both say later,29,9,0.35802469135802467,-1.3644704433497528,3.505904445721592,0.6971340196117515
deciduous,GCC,warm + low GPP,earlier if temperature drives it,12,6,0.14814814814814814,0.06150793650793929,1.9017741393139032,0.9741989979988027
deciduous,GCC,cool + high GPP,earlier if GPP drives it,15,7,0.18518518518518517,-4.815866402116401,5.01525589497677,0.33693272580538225
deciduous,NDVI_tower,warm + high GPP,both say earlier,59,17,0.3390804597701149,-1.8582330389783024,0.9389646034050263,0.04781335770742382
deciduous,NDVI_tower,cool + low GPP,both say later,55,17,0.3160919540229885,0.967615864527628,1.099475843763696,0.3788213115731306
deciduous,NDVI_tower,warm + low GPP,earlier if temperature drives it,29,15,0.16666666666666666,0.8595721047039515,2.466275263445803,0.7274418262923887
deciduous,NDVI_tower,cool + high GPP,earlier if GPP drives it,31,15,0.1781609195402299,1.0157834101382506,2.7070760316734135,0.7074874233760129
deciduous,NDVI,warm + high GPP,both say earlier,46,21,0.26744186046511625,-0.33101727680532456,1.2748668613303733,0.7951349162088717
deciduous,NDVI,cool + low GPP,both say later,55,23,0.31976744186046513,-0.22038059163059567,1.2024578456831143,0.8545821644550479
deciduous,NDVI,warm + low GPP,earlier if temperature drives it,33,18,0.19186046511627908,-0.37800898596353494,1.5576085257315422,0.8082490499382541
deciduous,NDVI,cool + high GPP,earlier if GPP drives it,38,21,0.22093023255813954,1.0479479949874633,1.180036450765477,0.3745062784510955
deciduous,NIRv,warm + high GPP,both say earlier,58,23,0.29441624365482233,-1.6609837600139326,1.2698580565208557,0.1908707926498786
deciduous,NIRv,cool + low GPP,both say later,63,25,0.3197969543147208,2.977174093543141,1.1619994005863337,0.010403737919277378
deciduous,NIRv,warm + low GPP,earlier if temperature drives it,38,21,0.19289340101522842,-2.337968738133212,1.391981985194064,0.09303575573528824
deciduous,NIRv,cool + high GPP,earlier if GPP drives it,38,22,0.19289340101522842,-0.06268678324599204,1.5643198341090458,0.9680350320986256
deciduous,stacked,warm + high GPP,both say earlier,188,27,0.30128205128205127,-0.5857981833126551,0.9561819964590228,0.5401124356756415
deciduous,stacked,cool + low GPP,both say later,202,29,0.32371794871794873,0.9360904210168902,0.851896942849813,0.2718419663033177
deciduous,stacked,warm + low GPP,earlier if temperature drives it,112,27,0.1794871794871795,-0.6754591277799001,1.1853152985632016,0.5687753166819947
deciduous,stacked,cool + high GPP,earlier if GPP drives it,122,27,0.1955128205128205,-0.027121182551511157,1.1477278982757542,0.9811474835325933
evergreen,NDVI_tower,warm + high GPP,both say earlier,28,12,0.3218390804597701,-9.663734112065876,1.86486964379029,2.1953208215403693e-07
evergreen,NDVI_tower,cool + low GPP,both say later,33,12,0.3793103448275862,6.542621705779598,2.0162527000646135,0.0011747482709540753
evergreen,NDVI_tower,warm + low GPP,earlier if temperature drives it,14,9,0.16091954022988506,5.089838435374144,2.8142078558603645,0.07050973749331481
evergreen,NDVI_tower,cool + high GPP,earlier if GPP drives it,12,7,0.13793103448275862,-1.381641604010028,4.702047349592515,0.7688814664204118
evergreen,NDVI,warm + high GPP,both say earlier,27,17,0.3068181818181818,-0.8224787558120946,3.591049343610828,0.8188411135960828
evergreen,NDVI,cool + low GPP,both say later,26,15,0.29545454545454547,0.056393606393600304,2.4552238730639795,0.9816751407835757
evergreen,NDVI,warm + low GPP,earlier if temperature drives it,14,9,0.1590909090909091,-1.782135126777992,5.205673947983809,0.732091465009578
evergreen,NDVI,cool + high GPP,earlier if GPP drives it,21,14,0.23863636363636365,2.175742115027822,1.8540893641167837,0.24060222083457872
evergreen,NIRv,warm + high GPP,both say earlier,61,26,0.2863849765258216,-1.9332576348969783,1.572154447725678,0.21881439670540703
evergreen,NIRv,cool + low GPP,both say later,63,27,0.29577464788732394,2.0757458370553614,1.2320374425145015,0.09202573097143307
evergreen,NIRv,warm + low GPP,earlier if temperature drives it,40,20,0.18779342723004694,-0.6304867875180387,2.0630928169021754,0.7599071451586868
evergreen,NIRv,cool + high GPP,earlier if GPP drives it,49,25,0.2300469483568075,0.2525754998969269,1.3905875263892185,0.8558713612992024
evergreen,stacked,warm + high GPP,both say earlier,118,27,0.29797979797979796,-3.9315270955380246,1.8337332580860175,0.032032756127078586
evergreen,stacked,cool + low GPP,both say later,122,27,0.30808080808080807,2.8536453917331817,1.1452556739905302,0.01271296718823121
evergreen,stacked,warm + low GPP,earlier if temperature drives it,71,23,0.17929292929292928,0.251009973985323,2.0721468073697613,0.9035839274641688
evergreen,stacked,cool + high GPP,earlier if GPP drives it,85,27,0.21464646464646464,1.1523970744597651,1.3897501416137648,0.40698462680799763
