group,eos_source,gpp_version,n_obs,n_sites,r_gpp_leafout_within,r2_leafout,r2_gpp,r2_both,r2_unique_gpp,r2_unique_leafout,leafout_alone_b,leafout_alone_se,leafout_alone_p,gpp_alone_b,gpp_alone_se,gpp_alone_p,gpp_joint_b,gpp_joint_se,gpp_joint_p,leafout_joint_b,leafout_joint_se,leafout_joint_p
deciduous,GCC,sos,81,9,-0.47260690096229635,0.010864032440341509,0.0035583162460729456,0.011003070725892461,0.000139038285550952,0.007444754479819515,1.378827296888823,1.1260333154719364,0.22076383301679547,-0.7891083110505247,1.7706449210088917,0.6558417627590888,-0.17699903992901309,1.7231140814000694,0.9181848491546055,1.295176329154671,0.7576994164893676,0.08738544491780643
deciduous,GCC,cal,81,9,-0.29459364372003743,0.010864032440341509,0.0026978620080049254,0.011357822231627401,0.0004937897912858924,0.008659960223622476,1.378827296888823,1.1260333154719364,0.22076383301679547,-0.6871067451397191,1.8086513609724224,0.7040196091236328,-0.3076089588123014,1.6381923102572133,0.8510542795354655,1.2882076528713802,0.7774176990801674,0.09751257703664963
deciduous,GCC,rate,81,9,0.3140831078568118,0.010864032440341509,2.7174412982389207e-05,0.01170452637247843,0.0008404939321369209,0.01167735195949604,1.378827296888823,1.1260333154719364,0.22076383301679547,0.06895955199853315,1.3174927228097415,0.9582565823797019,-0.4039563798032426,1.6599535478621974,0.807731154855867,1.5057031720960121,1.5475618387353125,0.33057722761823727
deciduous,NDVI_tower,sos,171,17,-0.34681268132421483,0.004248623758723258,0.0008255417879621252,0.007244562954016098,0.0029959391952928405,0.006419021166053973,0.7576678189372044,0.6534307620404696,0.24624317825626285,0.3339829032309204,1.025683289053419,0.7447119443222103,0.678342037351154,1.0509752361235993,0.5186417307451154,0.9929254397658895,0.7638268158741965,0.19362314577202988
deciduous,NDVI_tower,cal,174,17,-0.16233366249542572,0.004898533962723772,0.0010420251677306647,0.005347972102369591,0.00044943813964581913,0.004305946934638927,0.8605903271923142,0.626916029463799,0.16983437147978164,-0.39691956152960894,1.1490553457149066,0.729770228358442,-0.2641784704469685,1.1536163981517453,0.8188687037159064,0.8177052685322186,0.6471736951576982,0.2064088225601014
deciduous,NDVI_tower,rate,171,17,0.5092717354856635,0.004248623758723258,0.004298312544276817,0.0056630532444887915,0.0014144294857655337,0.001364740700211975,0.7576678189372044,0.6534307620404696,0.24624317825626285,0.7620855033757942,0.8098540667509132,0.3466967428343165,0.5079735502425365,1.0322861427188716,0.6226585547087369,0.49897124742437343,0.8485162010928011,0.5564977078166078
deciduous,NDVI,sos,173,23,-0.45970116262548705,0.1504325257060558,0.02110138851869814,0.15181623931782584,0.0013837136117700322,0.1307148507991277,3.619643328682613,0.6996349924199077,2.296055187059589e-07,-1.3556588749194491,0.5591281422092065,0.015325504944559453,0.3909030128855852,0.6389250381759346,0.5406611060133064,3.7993418981799216,0.8184529494682798,3.4488288047283143e-06
deciduous,NDVI,cal,172,23,-0.25640177231010103,0.14938962820907864,0.004066556808285382,0.15072583534861017,0.0013362071395315311,0.1466592785403248,3.5984018004156644,0.7203166444096879,5.865819670688566e-07,-0.5936942653482595,0.6874663335451042,0.3878089913333497,0.35208934532373337,0.6926285140924507,0.6112163739430525,3.688678132568173,0.7967211021480117,3.659774359034897e-06
deciduous,NDVI,rate,173,23,0.22990783202085643,0.1504325257060558,0.014583436867405819,0.15148619204460279,0.0010536663385469769,0.13690275517719697,3.619643328682613,0.6996349924199077,2.296055187059589e-07,1.1270024174100992,0.9564672416357504,0.2386782500515513,0.3112711145840327,0.839413064740776,0.7107716376936646,3.5480796615578836,0.6849174897913468,2.2152657670612083e-07
deciduous,NIRv,sos,198,25,-0.4880541426771832,0.0016189512823492347,0.007048801378897185,0.007049519105163493,0.005430567822814258,7.177262663082828e-07,0.4323963467768128,0.758515982203634,0.5686399313487518,-0.9022414237648675,0.7518727454738012,0.2301423729607056,-0.9073322839107594,0.8992774972060801,0.31299527914865033,-0.010430933170583148,0.9428594374844611,0.9911731161268866
deciduous,NIRv,cal,197,25,-0.23899935180524198,0.0016275004713818264,0.009622245021368325,0.00992509012569498,0.008297589654313153,0.00030284510432665446,0.4302484380597377,0.7603144358057256,0.5714738336073679,-1.0461571959162814,0.7255833340102728,0.14935446855595688,-1.0004759763666766,0.7806918831064651,0.2000094096120285,0.19113532821138543,0.8220929746121344,0.8161509043170352
deciduous,NIRv,rate,198,25,0.21283385599575888,0.0016189512823492347,0.002468290237020776,0.00517245894268481,0.0035535076603355753,0.002704168705664034,0.4323963467768128,0.758515982203634,0.5686399313487518,-0.5339040787969892,0.7969187897647774,0.5028829963985616,-0.6556316260749979,0.778347597487563,0.3995988817087909,0.5719369538671236,0.7925258829264414,0.4705014257543877
deciduous,stacked,sos,623,29,-0.41004950687462427,0.0158072486364792,0.004134427604028712,0.016002524288338038,0.00019527565185883944,0.011868096684309326,1.3778276830862406,0.4674029697864605,0.0032000593566861744,-0.704651628322123,0.5259318996414213,0.18030538633208615,-0.16790585764059085,0.6267718212726437,0.7887840472618184,1.308977968959355,0.5673121773248101,0.021036276849089576
deciduous,stacked,cal,624,29,-0.21151393825660805,0.01598470083554593,0.003958929895301555,0.01735486068783909,0.0013701598522931624,0.013395930792537536,1.4080416753339788,0.4718715970946582,0.002845524329161991,-0.7007323355988964,0.5997325192356557,0.24264218766732426,-0.4217816235044344,0.6175031187246153,0.49457922051579783,1.3188289830622897,0.5087312923220826,0.009531216329992872
deciduous,stacked,rate,623,29,0.32073722534756705,0.0158072486364792,0.0010957888034853758,0.015865396225128614,5.814758864941538e-05,0.014769607421643238,1.3778276830862406,0.4674029697864605,0.0032000593566861744,0.36276902129160027,0.6166006117941313,0.5563060421517603,-0.088227810559921,0.6114952108245988,0.8852777158908036,1.4061256262437212,0.4766308016983742,0.003176342083176254
evergreen,NDVI_tower,sos,81,12,-0.48492446204016354,0.002210407245916035,0.022449742198085487,0.041174335200199086,0.03896392795428305,0.0187245930021136,-0.8573494734340071,2.8181904164720284,0.7609604009159252,-2.7322939264577384,2.115560231368853,0.19652251113369978,-4.1159061190439745,1.7167329079000284,0.016506358108997442,-2.8532530340192235,1.7478495849901716,0.10258761644313794
evergreen,NDVI_tower,cal,87,12,-0.10199135986645158,0.0023114337066925117,0.06361601426454389,0.064120918164558,0.06180948445786549,0.0005049039000141198,0.8696612907583152,2.798740393965765,0.7560035285950459,-4.562392520119979,1.4952340873790944,0.00227860530411044,-4.520720187456364,1.3456797659801518,0.000781027607347385,0.40858689126392117,2.285152209218469,0.858094169282246
evergreen,NDVI_tower,rate,81,12,0.7518064126687203,0.002210407245916035,0.05353340207477797,0.0905903731832659,0.08837996593734987,0.037056971108487935,-0.8573494734340071,2.8181904164720284,0.7609604009159252,-4.219239318699642,1.956096232316809,0.031008064620534192,-8.221675251521726,1.8984709395838801,1.4864775301228838e-05,5.323758703539733,2.2238680603188916,0.016669456173138586
evergreen,NDVI,sos,82,16,-0.2130947851959935,0.004698939944088543,0.03434049497893421,0.03522513914136727,0.030526199197278725,0.000884644162433057,0.9428858776691603,1.7061157104018962,0.5805026836049003,-2.5489567066623637,0.7695119587599459,0.0009248831913181455,-2.4597273556797434,0.6551144495359729,0.00017358186989362403,0.4187308051698758,1.6155594985170358,0.7954915410042034
evergreen,NDVI,cal,88,17,-0.04551497841661398,0.0030505628586837696,0.008872733152604062,0.011473474053347643,0.008422911194663874,0.002600740900743581,0.814388668403333,1.3240716886305253,0.5385125355610316,-1.3888982898179405,1.0533777667728335,0.1873300673615731,-1.3546376925595889,1.0554680727740133,0.19933539685504553,0.7527323630641518,1.3116540881702634,0.5660488454032538
evergreen,NDVI,rate,82,16,0.30921452177972086,0.004698939944088543,0.009661697225804677,0.020486343857779143,0.0157874039136906,0.010824646631974466,0.9428858776691603,1.7061157104018962,0.5805026836049003,-1.3520286532354595,1.191959548965081,0.25667262115524037,-1.8173456569117374,1.419188704596612,0.20035088991474082,1.5048355458795755,2.040833153078053,0.4609014243093601
evergreen,NIRv,sos,210,26,-0.4687616398137862,0.00492677456140711,0.022597240256950757,0.0479533144916916,0.04302653993028449,0.025356074234740844,-0.7809939645950268,0.9306953889219625,0.40138458106886354,-1.67260747794156,0.8465357298114169,0.04817446447047772,-2.6128481428320014,0.6078587566616407,1.7199966352330447e-05,-2.0057969446133614,0.8919910146663828,0.024533248694309607
evergreen,NIRv,cal,213,27,0.06109919639672145,0.003396874934976646,0.032086739092020644,0.03433603698595178,0.030939162050975133,0.0022492978939311348,-0.6469652357181236,0.9400554555663152,0.4913140702456391,-1.9884009294454161,0.5894365785044086,0.0007424803381572365,-1.956174491524228,0.605187748294092,0.001227795055564794,-0.5274445462742284,0.9406811556930429,0.5749987168915152
evergreen,NIRv,rate,210,26,0.34386148551289425,0.00492677456140711,0.03109118379287501,0.031194810146574548,0.026268035585167437,0.00010362635369953743,-0.7809939645950268,0.9306953889219625,0.40138458106886354,-1.961936566320935,0.6073394008066388,0.0012362613477783556,-1.920459316084524,0.7013252279204174,0.006175223666764778,-0.12062197129912523,1.0355997450820857,0.9072757226062795
evergreen,stacked,sos,381,28,-0.3693868916522619,0.0015386310044595009,0.019318332910825742,0.028816661095950713,0.027278030091491212,0.009498328185124971,-0.5383781125851358,1.0660019010234583,0.6135277685991691,-1.9076775938117103,0.7084327534751197,0.007085179630331855,-2.439394710362021,0.5482903313297394,8.623364755660438e-06,-1.4394585421587325,0.9416521072676193,0.12635069414250888
evergreen,stacked,cal,396,28,0.0056857641830446205,0.00010419472280143172,0.02151602599999103,0.02163794662851959,0.021533751905718157,0.00012192062852856012,0.1424802467470197,1.0472304077730652,0.8917783195784893,-2.0474477471995263,0.5395297784345165,0.00014771821360522902,-2.0483240743284985,0.5402097567159945,0.00014960760680726964,0.15412653440410462,1.0043571588296663,0.8780371926798772
evergreen,stacked,rate,381,28,0.4196018310572707,0.0015386310044595009,0.023349584771905407,0.024101610791835038,0.022562979787375537,0.0007520260199296303,-0.5383781125851358,1.0660019010234583,0.6135277685991691,-2.097296039752009,0.6845616186169037,0.00218613100504807,-2.2712873954248565,0.6997586600977654,0.001171147776807491,0.41465823739243346,1.1215965858624968,0.7116033877831451
grass/shrub,GCC,sos,72,10,-0.4657546844498558,0.001582598329868956,0.10249855923204332,0.11776322126402361,0.11618062293415465,0.015264662031980292,0.5013311342206922,2.4118378538020426,0.8353361721741008,-4.03457882956293,1.5809709859715086,0.010711801628907605,-4.854060315693439,1.9239799495452385,0.011638266937852328,-1.7594701964156738,2.472524202751657,0.47670700220965
grass/shrub,GCC,cal,97,14,-0.1197909847995846,0.012218243913579396,0.03252117287536871,0.040545489234378285,0.02832724532079889,0.008024316359009576,1.530721193465519,2.809550033143707,0.5858719005126449,-2.497323476673175,1.8520491003810926,0.17752621108781497,-2.3476453059697273,1.9590456076917677,0.23077621991591402,1.2494944503032825,2.921728522128921,0.6689016589917232
grass/shrub,GCC,rate,72,10,0.18251757312771935,0.001582598329868956,0.07281425373148886,0.08101422747882703,0.07943162914895807,0.008199973747338163,0.5013311342206922,2.4118378538020426,0.8353361721741008,-3.4005371702962095,2.306622075302589,0.14041434153593957,-3.6123768089326544,2.0250235480077086,0.07444494804129724,1.1606533826099363,2.521462555996966,0.6452940222628083
grass/shrub,NDVI_tower,sos,66,8,-0.2532882154023847,0.03572962962468862,0.12040713994143515,0.1313360661653239,0.09560643654063528,0.010928926223888746,3.523969262189603,2.820200182203301,0.21146551683743575,-6.469101641818615,3.6325438612456713,0.07493309429806214,-5.958808648792127,3.5878524403821097,0.09674783603442424,2.0146732536127505,1.6520825782130177,0.22266399303831308
grass/shrub,NDVI_tower,cal,96,12,-0.15252973691488994,0.015558700696809646,0.08331439504378313,0.11247307636068693,0.09691437566387728,0.0291586813169038,-2.285639523199161,1.9257106505011101,0.2352642911275038,-5.289091699717971,2.1921598619939613,0.015833507589131032,-5.772007295355876,2.1027324764780158,0.006051031479537974,-3.1660422774306185,1.5897501842996256,0.04642216045610322
grass/shrub,NDVI_tower,rate,66,8,0.30355390325784376,0.03572962962468862,0.046593491691431344,0.11796384923147463,0.08223421960678601,0.07137035754004328,3.523969262189603,2.820200182203301,0.21146551683743575,-4.024208584829244,2.059210474500957,0.05067185885524446,-5.610943436174668,2.3840844496370766,0.018597593520937178,5.227193043199404,2.6443740536920584,0.048073033751623945
grass/shrub,NDVI,sos,140,23,-0.6024439065991767,0.018963228218742523,0.05759430527251774,0.0576684413469043,0.038705213128161775,7.41360743865549e-05,1.355503266872648,1.2644468038319254,0.2837142445222849,-2.3622954025296545,1.313875687677194,0.07218341057316956,-2.4262667084444627,1.3753590517405208,0.07771565788745387,-0.10618632741416206,1.391264543290087,0.9391616454191237
grass/shrub,NDVI,cal,196,29,-0.17089928694442577,0.0033341179314533287,0.02009473400270434,0.02701558912143942,0.023681471189986092,0.006920855118735081,-0.7004559766416318,1.3431800000554093,0.6020249315827151,-1.7196160799477958,0.9380735291680549,0.06678239251915145,-1.8946600203506754,0.8903527415832176,0.03333807196414914,-1.0242520231216732,1.3154244469910292,0.4361873605232097
grass/shrub,NDVI,rate,140,23,0.35739901291880116,0.018963228218742523,2.4588458955809855e-05,0.02120880781677348,0.0022455795980309556,0.02118421935781767,1.355503266872648,1.2644468038319254,0.2837142445222849,0.048810143915352544,1.1475666280835004,0.9660733242836945,-0.49944101095351756,1.233777547132247,0.6856198456693375,1.5340029911986042,1.411883627477217,0.2772605249482787
grass/shrub,NIRv,sos,242,36,-0.47667850784475135,0.00982721556238364,0.01037138919016145,0.038592410901461704,0.028765195339078065,0.028221021711300254,-1.375141618022415,0.6922998257571872,0.046995779185344734,-1.412702294523252,0.9146790785662918,0.12247242320821243,-2.676323367359668,1.026795082021272,0.009147751003194768,-2.6508874472854616,0.6610525570378085,6.0692808998375066e-05
grass/shrub,NIRv,cal,271,36,-0.17773443427228322,0.004425762563898927,0.011246585095231021,0.018773261603420077,0.01434749903952115,0.007526676508189056,-0.9310344914110793,1.1847152240068557,0.4319424952562737,-1.4841645418150877,0.9693172528876495,0.12573374470254786,-1.7034526990867345,0.9418965926245657,0.07052331668983011,-1.2337966931928543,1.1824812869274304,0.2967647498245166
grass/shrub,NIRv,rate,242,36,0.06559191119620303,0.00982721556238364,0.005053553797167432,0.014016600522685274,0.004189384960301634,0.008963046725517843,-1.375141618022415,0.6922998257571872,0.046995779185344734,-0.98612196261668,0.7787227155460226,0.2053940295021559,-0.8997949826120185,0.8084738960999426,0.2657278004419439,-1.3161223454281374,0.7334350854712974,0.0727392509625012
grass/shrub,stacked,sos,520,37,-0.4608163722579187,8.387410879195922e-05,0.041917881728208206,0.05551953579538227,0.05543566168659031,0.013601654067174063,-0.12306178824908837,0.7487739833524388,0.8694547981683827,-2.7511161499843118,1.0057087638805209,0.006228561899258786,-3.5648209232193206,1.0324721618474773,0.000554997325600832,-1.7657896338361394,0.62207669348273,0.004532042582241495
grass/shrub,stacked,cal,660,37,-0.163011696863078,0.0036109983211337626,0.026892734523174644,0.03463690472367087,0.031025906402537107,0.007744170200496225,-0.8500996366934344,1.0746057516705043,0.42889702764563187,-2.319923529274483,0.9484166214699458,0.014441025124610731,-2.5256123387357827,0.9219263482403722,0.006153370814576145,-1.2618039896490811,1.0693924838058833,0.23802965024244205
grass/shrub,stacked,rate,520,37,0.16300555264642078,8.387410879195922e-05,0.012532328610923238,0.012617209253665829,0.01253333514487387,8.488064274259077e-05,-0.12306178824908837,0.7487739833524388,0.8694547981683827,-1.5042677659926589,0.6808625474092916,0.02714988772576568,-1.524721085757241,0.7443923563424856,0.040532951711793254,0.1254762149664208,0.8841665014457082,0.8871473908125499
all,GCC,sos,161,21,-0.39724516972549756,0.0022393343031559265,0.022128047652792304,0.022292554381548202,0.020053220078392275,0.00016450672875589767,0.6377161959379922,1.309683467893417,0.6263122535968768,-2.0046544822457775,1.2256053854410447,0.10191404981383234,-2.0794734617935187,1.4071448654884424,0.13946231169491585,-0.18834459233184175,1.3808910143613882,0.8915101925803318
all,GCC,cal,186,25,-0.11383271202990093,0.007894399122029161,0.00839571357463953,0.014626167491613384,0.006731768369584223,0.006230453916973855,1.242736551685907,1.7377689746577591,0.4745266470221273,-1.2815877256046866,1.2855835112627356,0.31881700777890143,-1.1550911939777246,1.296225030373202,0.372865150315988,1.1112493884335641,1.7639856538761007,0.5287174222249988
all,GCC,rate,161,21,0.2511832078565531,0.0022393343031559265,0.00819919186617346,0.01343904719522171,0.011199712892065783,0.005239855329048249,0.6377161959379922,1.309683467893417,0.6263122535968768,-1.2202631740205525,1.2433860815826234,0.32639391119954386,-1.4734085449015224,1.2617680711087622,0.24291437571882601,1.0078116807296122,1.4032351652834107,0.47263038194693985
all,NDVI_tower,sos,318,37,-0.34979110734161284,0.00162003881624595,0.01543011341638656,0.01544178571892807,0.01382174690268212,1.1672302541509971e-05,0.6072892720698596,1.2775212433570537,0.634526621258346,-1.874206579692966,1.3050526928174668,0.1509694391656131,-1.8934534534406586,1.3315689736085832,0.1550344543654015,-0.05502390810894807,1.160479088559578,0.9621826169585054
all,NDVI_tower,cal,357,41,-0.13133427590356164,0.0003318496370060542,0.02515494876186941,0.0267063584945183,0.026374508857512247,0.0015514097326488896,-0.2834547541810404,1.1721725546190356,0.808919649583788,-2.4678842740053346,1.1935335755679253,0.038667067316061336,-2.5490798929226535,1.1903591697978295,0.032238764890030566,-0.618236316138366,1.088952886131171,0.5702151407146341
all,NDVI_tower,rate,318,37,0.5115394296009647,0.00162003881624595,0.009623447406489793,0.020699590417740166,0.019079551601494216,0.011076143011250372,0.6072892720698596,1.2775212433570537,0.634526621258346,-1.4801244667228273,1.085229486881032,0.17260485078550092,-2.4254508847203833,1.3566464804692966,0.0738037237977197,1.8480030341648814,1.47328992839925,0.20971930276798567
all,NDVI,sos,395,62,-0.4440676634410933,0.03744545198452576,0.03275195824062427,0.048697776642572355,0.011252324658046597,0.015945818401948086,2.03965296115656,0.7955864250938499,0.010355999921656393,-1.9075475716439034,0.5220885094455834,0.000258502189641872,-1.2478808761600921,0.5952415346911186,0.03604426215517843,1.4855094162273264,0.8584813500391907,0.08356022975668706
all,NDVI,cal,456,69,-0.14420325316080992,0.0014695811482958732,0.009059603162275387,0.009678095377157248,0.008208514228861374,0.0006184922148818606,0.44905015674005266,1.0116463046370971,0.6571289197928057,-1.1149429700483773,0.5011946796302954,0.02611007533321624,-1.0724904634487986,0.5017197528267517,0.03254690337016664,0.294393542926791,1.001972605503109,0.7689000641717539
all,NDVI,rate,395,62,0.27936725858942413,0.03744545198452576,0.0004807908015194151,0.038565383665130626,0.0011199316806048687,0.03808459286361121,2.03965296115656,0.7955864250938499,0.010355999921656393,0.23111855671149423,0.670811162471509,0.7304432697972426,-0.36736510006187884,0.675331211958929,0.5864568382435773,2.1422827420622785,0.8397414562945438,0.01073767904986744
all,NIRv,sos,650,87,-0.42204268186905913,0.004751559794316518,0.011976588416766965,0.028101035906080485,0.023349476111763967,0.01612444748931352,-0.8339856050022231,0.44846946067561594,0.06293841533609468,-1.3240580242877926,0.4748106391280234,0.005293603146892964,-2.0392704498173395,0.45986443831231144,9.228473132608667e-06,-1.6946447746994566,0.4139039608335731,4.2345551422698656e-05
all,NIRv,cal,681,88,-0.10376587972075907,0.0024553792911408134,0.014889888332302426,0.018802565119544368,0.016347185828403554,0.003912676787241942,-0.6047905886860784,0.7068884639424591,0.3922372153211061,-1.4893317582243188,0.432307171267022,0.000570895440421767,-1.5689821781915139,0.4189836827635858,0.00018058545316935602,-0.7675974046723136,0.7078191236134188,0.27816347395993923
all,NIRv,rate,650,87,0.15620561828188614,0.004751559794316518,0.00911054813284784,0.012101898905581221,0.007350339111264703,0.002991350772733381,-0.8339856050022231,0.44846946067561594,0.06293841533609468,-1.1548157771540666,0.4136218764564646,0.0052389815263627435,-1.0501668153557082,0.43391223898144904,0.015510752364317964,-0.6699436483104655,0.48373928226765023,0.16607475512777925
all,stacked,sos,1524,94,-0.40147668999433966,0.00028181956488770865,0.017285314953188302,0.018830015525085675,0.018548195960197966,0.0015447005718973728,0.21073540198099505,0.46743163902011825,0.6521071491315771,-1.6504051818586218,0.44933797524886776,0.00023974705656898404,-1.866677504647084,0.46688776861525433,6.384516789564546e-05,-0.5386921038716102,0.4422983500748712,0.2232474175195419
all,stacked,cal,1680,94,-0.11870786030019634,0.0001117268920758363,0.014216870030847817,0.014836891613335346,0.01472516472125951,0.0006200215824875288,-0.13798258540002878,0.6508782234229247,0.8321113469119237,-1.556493873712709,0.4459020676555798,0.0004818234977222304,-1.5953545188817393,0.4368539480096185,0.0002602896479726128,-0.3273637067567296,0.6406838093299084,0.6093791671605773
all,stacked,rate,1524,94,0.2718448214297152,0.00028181956488770865,0.004490815071923726,0.005813926195794461,0.005532106630906752,0.001323111123870735,0.21073540198099505,0.46743163902011825,0.6521071491315771,-0.8412295420947105,0.40383335171730916,0.03724114193382635,-0.9702154070408094,0.4429257197514111,0.02849018362734899,0.4744834360563624,0.5228008824720033,0.3641003559006192
