group,eos_source,leafout_source,leafout,eos,model,slope_days_per_day,se,p_vs_0,p_vs_1,n_obs,n_sites,sd_leafout,sd_eos,sd_lifespan,r_within
deciduous,GCC,GCC,leaf_out_10,EOS90,leaf-out alone,0.19744444595589333,0.14014957805163877,0.15889068440854182,1.0257120351229847e-08,116,10,7.365311424121248,13.014674499331184,14.219975604082805,0.11173847133118568
deciduous,GCC,GCC,leaf_out_10,EOS90,+ spring temperature and GPP,0.24668889297472957,0.15632535631325406,0.11455461664933313,1.4437572448864422e-06,104,9,7.233135967401645,13.45619249822661,14.513563157688887,0.11683831873665725
deciduous,GCC,GCC,leaf_out_10,EOS50,leaf-out alone,0.11204873790751582,0.15224688130950845,0.4617505514306064,5.466468976722829e-09,116,10,7.365311424121248,10.608385127042148,12.434984903745315,0.07779448422030458
deciduous,GCC,GCC,leaf_out_10,EOS50,+ spring temperature and GPP,0.09556186657281233,0.1581224556225435,0.5456086142894057,1.0661255747197563e-08,104,9,7.233135967401645,11.11483418963125,12.886050068959136,0.06099568107079021
deciduous,GCC,GCC,leaf_out_10,EOS10,leaf-out alone,0.022949733363567815,0.28140725399092775,0.9350018167716843,0.0005165670647517109,116,10,7.365311424121248,13.529902335936,15.323711167180216,0.012493211637919025
deciduous,GCC,GCC,leaf_out_10,EOS10,+ spring temperature and GPP,-0.07355764327041814,0.3444752626712524,0.8309094252446735,0.0018301080271317547,104,9,7.233135967401645,14.219147217256618,16.06605516853635,-0.01757782907417035
deciduous,GCC,GCC,leaf_out_50,EOS90,leaf-out alone,0.14894517360578186,0.18177062923718215,0.4125509553379484,2.840533332358319e-06,116,10,6.499318457654223,13.014674499331184,14.108141789513102,0.07438081651940792
deciduous,GCC,GCC,leaf_out_50,EOS90,+ spring temperature and GPP,0.1974417572155243,0.1921103231391545,0.3040665288615385,2.9461357732782814e-05,104,9,6.353743490233767,13.45619249822661,14.48002074647719,0.06882197716140612
deciduous,GCC,GCC,leaf_out_50,EOS50,leaf-out alone,0.051218067387783686,0.24356579491114747,0.8334457730673294,9.804388725340293e-05,116,10,6.499318457654223,10.608385127042148,12.265885873638773,0.03137918983448662
deciduous,GCC,GCC,leaf_out_50,EOS50,+ spring temperature and GPP,-0.002847425439835252,0.2856286865030598,0.992046039933308,0.0004463943721658989,104,9,6.353743490233767,11.11483418963125,12.77261745065449,0.00545051035460555
deciduous,GCC,GCC,leaf_out_50,EOS10,leaf-out alone,-0.02891459996094642,0.3936321380525153,0.9414433420089305,0.008951552890400413,116,10,6.499318457654223,13.529902335936,15.091128817550445,-0.013889619345051
deciduous,GCC,GCC,leaf_out_50,EOS10,+ spring temperature and GPP,-0.20260708421056772,0.5387554564963265,0.7068685550184135,0.025602096382005776,104,9,6.353743490233767,14.219147217256618,15.84795024238615,-0.047613817395964396
deciduous,GCC,GCC,leaf_out_90,EOS90,leaf-out alone,0.03518859062753289,0.20563883916249817,0.864130662444205,2.708433244216956e-06,116,10,6.483015287132898,13.014674499331184,14.437912684909806,0.017528534500242828
deciduous,GCC,GCC,leaf_out_90,EOS90,+ spring temperature and GPP,0.019625041749092333,0.22886471584381152,0.9316655280858621,1.8385704107522982e-05,104,9,6.349618799591801,13.45619249822661,14.877445691874042,0.00028314709821387077
deciduous,GCC,GCC,leaf_out_90,EOS50,leaf-out alone,-0.05002988310920661,0.30273062553386354,0.8687377294897046,0.0005233164976157787,116,10,6.483015287132898,10.608385127042148,12.60050724699924,-0.03057435162149827
deciduous,GCC,GCC,leaf_out_90,EOS50,+ spring temperature and GPP,-0.18513151297327207,0.40973505373425834,0.6513898317030984,0.0038226974834797236,104,9,6.349618799591801,11.11483418963125,13.14707572150649,-0.06367982389222689
deciduous,GCC,GCC,leaf_out_90,EOS10,leaf-out alone,-0.08243210381998933,0.42598736919635594,0.8465608840447217,0.011053725637330411,116,10,6.483015287132898,13.529902335936,15.232101054683293,-0.03949833309558386
deciduous,GCC,GCC,leaf_out_90,EOS10,+ spring temperature and GPP,-0.335895184239399,0.6526294218908153,0.606776787083904,0.04066368784149334,104,9,6.349618799591801,14.219147217256618,15.987459668162245,-0.07253082590060043
deciduous,NDVI_tower,NDVI_tower,leaf_out_10,EOS90,leaf-out alone,0.002746260567054559,0.061231318090689366,0.964226402935229,1.2274996239953341e-59,189,18,14.139494402403022,12.266901327834583,18.689678333138374,0.0031654885677850557
deciduous,NDVI_tower,NDVI_tower,leaf_out_10,EOS90,+ spring temperature and GPP,0.0681169202895379,0.043341270383353454,0.11603381748781141,1.5218564401796114e-102,174,17,12.997718562355095,12.29598709498838,17.25574005152052,0.06998952752179413
deciduous,NDVI_tower,NDVI_tower,leaf_out_10,EOS50,leaf-out alone,-0.10074602636521922,0.04363805379552206,0.02096169578170684,2.16027133029002e-140,189,18,14.139494402403022,9.620182623418096,18.2416165716552,-0.1480738912780882
deciduous,NDVI_tower,NDVI_tower,leaf_out_10,EOS50,+ spring temperature and GPP,-0.06215193368448712,0.04010739306545959,0.12122846696139612,1.5338535799770203e-154,174,17,12.997718562355095,9.646659452804755,16.754640302927523,-0.07464732724670772
deciduous,NDVI_tower,NDVI_tower,leaf_out_10,EOS10,leaf-out alone,-0.2922791524768095,0.05727103409212286,3.3353841058311337e-07,9.726281147074837e-113,189,18,14.139494402403022,12.980125024470997,22.029002320463416,-0.318385179849481
deciduous,NDVI_tower,NDVI_tower,leaf_out_10,EOS10,+ spring temperature and GPP,-0.2660184741494231,0.07131278079834749,0.0001912475668985564,1.6327889826181382e-70,174,17,12.997718562355095,12.769372187358508,20.406485774326132,-0.2543403365926388
deciduous,NDVI_tower,NDVI_tower,leaf_out_50,EOS90,leaf-out alone,-0.04864812750318599,0.15264407460797266,0.7499517246534362,6.425105759074134e-12,189,18,7.724670998013968,12.266901327834583,14.695343837007343,-0.030634531866564167
deciduous,NDVI_tower,NDVI_tower,leaf_out_50,EOS90,+ spring temperature and GPP,0.014923870441204001,0.12587248725590364,0.9056212609023869,5.036995480767023e-15,174,17,7.3690549789266475,12.29598709498838,14.033225897582879,0.04725118234851557
deciduous,NDVI_tower,NDVI_tower,leaf_out_50,EOS50,leaf-out alone,-0.15061491726724055,0.11539207869633732,0.1918094842429472,2.0344247891865524e-23,189,18,7.724670998013968,9.620182623418096,13.045804047164657,-0.12093852360457033
deciduous,NDVI_tower,NDVI_tower,leaf_out_50,EOS50,+ spring temperature and GPP,-0.14723702972581085,0.1232171275049505,0.23211061470224992,1.2699919701049069e-20,174,17,7.3690549789266475,9.646659452804755,12.446952146128627,-0.05321389971377904
deciduous,NDVI_tower,NDVI_tower,leaf_out_50,EOS10,leaf-out alone,-0.2938967054934314,0.17479546788580735,0.09269012533742668,1.3379832434039835e-13,189,18,7.724670998013968,12.980125024470997,16.224307045672848,-0.17490242605960477
deciduous,NDVI_tower,NDVI_tower,leaf_out_50,EOS10,+ spring temperature and GPP,-0.3455308996078738,0.1718649031624899,0.044380442218009034,4.917526104116586e-15,174,17,7.3690549789266475,12.769372187358508,15.64426797525452,-0.14550374758790047
deciduous,NDVI_tower,NDVI_tower,leaf_out_90,EOS90,leaf-out alone,0.002079932016800663,0.1505730795277351,0.9889788209564346,3.414659616174774e-11,189,18,7.2841741675683345,12.266901327834583,14.258868905366397,0.001235078579518662
deciduous,NDVI_tower,NDVI_tower,leaf_out_90,EOS90,+ spring temperature and GPP,-0.048410581521691115,0.17624478965117246,0.7835635684968234,2.7043790186682577e-09,174,17,7.064356679466632,12.29598709498838,13.845832582870923,0.054046764644383544
deciduous,NDVI_tower,NDVI_tower,leaf_out_90,EOS50,leaf-out alone,0.08294662609801201,0.0949768775090099,0.3824805386299537,4.656832228267313e-22,189,18,7.2841741675683345,9.620182623418096,11.696364600822566,0.06280521844141602
deciduous,NDVI_tower,NDVI_tower,leaf_out_90,EOS50,+ spring temperature and GPP,0.02842256531980993,0.08886485577533516,0.7490893687897534,7.997543885053258e-28,174,17,7.064356679466632,9.646659452804755,11.439923846752343,0.08871437956069848
deciduous,NDVI_tower,NDVI_tower,leaf_out_90,EOS10,leaf-out alone,0.2760050148309098,0.16467191149048035,0.09372048111925953,1.0996445146473137e-05,189,18,7.2841741675683345,12.980125024470997,13.865555599581555,0.15488823068809882
deciduous,NDVI_tower,NDVI_tower,leaf_out_90,EOS10,+ spring temperature and GPP,0.2274502415909206,0.14651871950298226,0.12057538709737645,1.344286809425583e-07,174,17,7.064356679466632,12.769372187358508,13.765972730235895,0.130033657002072
deciduous,NDVI_tower,GCC,leaf_out_10,EOS90,leaf-out alone,0.23163309296652626,0.3308978579819191,0.4839186372307913,0.02022934278913268,37,5,7.591590945672702,10.236532291953049,11.649882934027415,0.17178314307328219
deciduous,NDVI_tower,GCC,leaf_out_10,EOS50,leaf-out alone,0.10940416165716534,0.17003518993372413,0.5199511525127534,1.6257699419816113e-07,37,5,7.591590945672702,7.254637458928862,9.88188246642546,0.11448561664969525
deciduous,NDVI_tower,GCC,leaf_out_10,EOS10,leaf-out alone,-0.0410060595999004,0.0983123454000928,0.6766054112426706,3.3600494941032525e-26,37,5,7.591590945672702,10.467852481334825,13.112388488268792,-0.02973878656882093
deciduous,NDVI_tower,GCC,leaf_out_50,EOS90,leaf-out alone,0.24058698496906705,0.39059921008659393,0.5379319109888603,0.05186824226987189,37,5,7.194212512349042,10.236532291953049,11.47341768051721,0.169084006986761
deciduous,NDVI_tower,GCC,leaf_out_50,EOS50,leaf-out alone,0.06751639075729383,0.2349598994377059,0.7738421791436935,7.226804126250876e-05,37,5,7.194212512349042,7.254637458928862,9.869022647896363,0.0669540367695352
deciduous,NDVI_tower,GCC,leaf_out_50,EOS10,leaf-out alone,-0.1388016027926249,0.1281101791089204,0.2786065536124275,6.1530572491209785e-19,37,5,7.194212512349042,10.467852481334825,13.255204763333579,-0.095393800144332
deciduous,NDVI_tower,GCC,leaf_out_90,EOS90,leaf-out alone,0.22446100542388345,0.4304341192575018,0.6020353130549827,0.07158316774743889,37,5,7.0723989678534,10.236532291953049,11.504384731725358,0.15507964394652757
deciduous,NDVI_tower,GCC,leaf_out_90,EOS50,leaf-out alone,0.012306322927786405,0.284548076898582,0.9655033165701319,0.0005183387515171085,37,5,7.0723989678534,7.254637458928862,10.070625409674182,0.011997184706373823
deciduous,NDVI_tower,GCC,leaf_out_90,EOS10,leaf-out alone,-0.23597056046797193,0.1660716071079414,0.1553468591012985,9.887576402110153e-14,37,5,7.0723989678534,10.467852481334825,13.535165462213833,-0.15942887533744296
deciduous,NDVI,NDVI,leaf_out_10,EOS90,leaf-out alone,0.43461350725907244,0.08090142864263802,7.780922677087265e-08,2.776728682254507e-12,194,26,7.939052134851966,9.093870292280283,9.536294269262523,0.37942253207302457
deciduous,NDVI,NDVI,leaf_out_10,EOS90,+ spring temperature and GPP,0.46265110046968183,0.09752217637432005,2.094762874979998e-06,3.5879800289873584e-08,172,23,8.085932222538833,9.309994666308434,9.688417541525434,0.3865095447839273
deciduous,NDVI,NDVI,leaf_out_10,EOS50,leaf-out alone,0.10457144079530228,0.05572690258506879,0.06058688094993191,4.265890905068618e-58,194,26,7.939052134851966,5.336800971018005,8.850311920247313,0.15556100457914013
deciduous,NDVI,NDVI,leaf_out_10,EOS50,+ spring temperature and GPP,0.10494400063819492,0.06347020121718489,0.09824188883257337,3.6922135785389076e-45,172,23,8.085932222538833,5.4641994462773935,9.070474982829808,0.14673308881825575
deciduous,NDVI,NDVI,leaf_out_10,EOS10,leaf-out alone,-0.24912418599160813,0.09739044436359226,0.010527786626317459,1.1735163420958152e-37,194,26,7.939052134851966,9.738931515679713,13.757878022973266,-0.2030828430670915
deciduous,NDVI,NDVI,leaf_out_10,EOS10,+ spring temperature and GPP,-0.28160563910016295,0.10320131629339363,0.006358413257012499,2.074115656971016e-35,172,23,8.085932222538833,10.084610417009381,14.23663515967106,-0.21828915754324507
deciduous,NDVI,NDVI,leaf_out_50,EOS90,leaf-out alone,0.260611268047603,0.15527335287292027,0.09326844386004106,1.9182431012385216e-06,194,26,6.1813227879547785,9.093870292280283,10.049475906301508,0.17714375928013168
deciduous,NDVI,NDVI,leaf_out_50,EOS90,+ spring temperature and GPP,0.2552165951230838,0.1997291522837137,0.2013152143978092,0.00019226637548949143,172,23,6.203900864363465,9.309994666308434,10.324702649954801,0.16071202725836134
deciduous,NDVI,NDVI,leaf_out_50,EOS50,leaf-out alone,0.04706044149430068,0.07357676180994854,0.5224261011690028,2.2999466461843235e-38,194,26,6.1813227879547785,5.336800971018005,7.943170311195093,0.05450751883003884
deciduous,NDVI,NDVI,leaf_out_50,EOS50,+ spring temperature and GPP,0.027551529129016494,0.08743812717622634,0.7526876800146176,9.853264965246157e-29,172,23,6.203900864363465,5.4641994462773935,8.140226127990333,0.030717108237628982
deciduous,NDVI,NDVI,leaf_out_50,EOS10,leaf-out alone,-0.1414012016243281,0.12746581375476526,0.26728936868067277,3.410708092032899e-19,194,26,6.1813227879547785,9.738931515679713,11.994209652976428,-0.08974767595782236
deciduous,NDVI,NDVI,leaf_out_50,EOS10,+ spring temperature and GPP,-0.16674575488554075,0.16952967520271012,0.3253227679969559,5.891413988961497e-12,172,23,6.203900864363465,10.084610417009381,12.345478898668393,-0.0976848589282176
deciduous,NDVI,NDVI,leaf_out_90,EOS90,leaf-out alone,-0.06533880922699963,0.10745654488426482,0.5431551944745026,3.613691002294904e-23,194,26,8.436606771586767,9.093870292280283,12.774034777816867,-0.06061641772479003
deciduous,NDVI,NDVI,leaf_out_90,EOS90,+ spring temperature and GPP,-0.14625334529272016,0.0984841520661339,0.13753204471537567,2.6117346931902094e-31,172,23,8.617514011001335,9.309994666308434,13.249914411571117,-0.09113089886298668
deciduous,NDVI,NDVI,leaf_out_90,EOS50,leaf-out alone,-0.028318182075526187,0.04829807085112517,0.5576596980218286,1.373210554297291e-100,194,26,8.436606771586767,5.336800971018005,10.182776987821999,-0.04476639993787122
deciduous,NDVI,NDVI,leaf_out_90,EOS50,+ spring temperature and GPP,-0.056784049172143344,0.05015119376876031,0.2575263272726509,1.438460807571307e-98,172,23,8.617514011001335,5.4641994462773935,10.523567941598593,-0.07036277710616454
deciduous,NDVI,NDVI,leaf_out_90,EOS10,leaf-out alone,0.04331665427857327,0.07427782097049433,0.5597783441531541,5.848827839713917e-38,194,26,8.436606771586767,9.738931515679713,12.643452044272907,0.037524196388559236
deciduous,NDVI,NDVI,leaf_out_90,EOS10,+ spring temperature and GPP,0.07544678706964802,0.08462812327835911,0.3726558263536177,8.764339496145494e-28,172,23,8.617514011001335,10.084610417009381,13.001164267422629,0.03987515549820807
deciduous,NDVI,GCC,leaf_out_10,EOS90,leaf-out alone,0.14740365016504392,0.13041137816760284,0.25835090234176916,6.245324108886791e-11,56,8,6.075846985637214,6.540271413507062,8.29505786871061,0.13693652249317897
deciduous,NDVI,GCC,leaf_out_10,EOS50,leaf-out alone,-0.011686343764776699,0.123218800925042,0.9244401568348297,2.2029344736093326e-16,56,8,6.075846985637214,4.316833293649793,7.510911426813161,-0.016448269299810282
deciduous,NDVI,GCC,leaf_out_10,EOS10,leaf-out alone,-0.1751694546630652,0.20468018569875704,0.39209719366309925,9.38465187113029e-09,56,8,6.075846985637214,7.780459117374436,10.50640483828482,-0.13679177372883042
deciduous,NDVI,GCC,leaf_out_50,EOS90,leaf-out alone,0.21730258812831507,0.15416486213077146,0.1586735451319401,3.834093796674805e-07,56,8,5.1540950337458,6.540271413507062,7.602281996771862,0.17124643909719428
deciduous,NDVI,GCC,leaf_out_50,EOS50,leaf-out alone,0.0291071433209264,0.14730212670556128,0.8433567435590177,4.363838770485734e-11,56,8,5.1540950337458,4.316833293649793,6.607064438678621,0.03475255415992088
deciduous,NDVI,GCC,leaf_out_50,EOS10,leaf-out alone,-0.16619018453427553,0.24557449146514135,0.4985706660109681,2.0460229841616917e-06,56,8,5.1540950337458,7.780459117374436,9.79437711278014,-0.11009119022971735
deciduous,NDVI,GCC,leaf_out_90,EOS90,leaf-out alone,0.21117233836179986,0.17507947209522529,0.227759145569697,6.62041934280478e-06,56,8,5.324539122624503,6.540271413507062,7.691039765860479,0.1719187639371335
deciduous,NDVI,GCC,leaf_out_90,EOS50,leaf-out alone,0.06685969272732778,0.12654383858390914,0.5972550323904278,1.6552386812406598e-13,56,8,5.324539122624503,4.316833293649793,6.572269479919881,0.0824671756903361
deciduous,NDVI,GCC,leaf_out_90,EOS10,leaf-out alone,-0.08498668838367102,0.18208609706003434,0.6406866016168494,2.5433555694608074e-09,56,8,5.324539122624503,7.780459117374436,9.680140909376458,-0.05816044276752882
deciduous,NIRv,NIRv,leaf_out_10,EOS90,leaf-out alone,0.023146941482084273,0.10938528114057244,0.8324118624899951,4.245152735304559e-19,224,28,7.941980320612287,10.718616369395258,13.230411907389309,0.01715077276746023
deciduous,NIRv,NIRv,leaf_out_10,EOS90,+ spring temperature and GPP,0.02792335531457548,0.10670481713009797,0.7935621002956889,8.241214504635815e-20,197,25,7.913393589287369,10.664947965528649,13.021269628700669,0.040342291350167966
deciduous,NIRv,NIRv,leaf_out_10,EOS50,leaf-out alone,-0.006227695772817524,0.1145974764470424,0.9566610213070956,1.6269202069897168e-18,224,28,7.941980320612287,6.91781379847168,10.569617950778916,-0.007149691898530671
deciduous,NIRv,NIRv,leaf_out_10,EOS50,+ spring temperature and GPP,0.010843516977809881,0.11305559440836746,0.9235895590219934,2.1469419444709396e-18,197,25,7.913393589287369,6.835251499267804,10.311338572211072,0.027904936504275217
deciduous,NIRv,NIRv,leaf_out_10,EOS10,leaf-out alone,-0.13868837190628452,0.13220629126736222,0.294164289715807,7.11938363110377e-18,224,28,7.941980320612287,10.871131105578774,14.097946492465544,-0.10131975317749858
deciduous,NIRv,NIRv,leaf_out_10,EOS10,+ spring temperature and GPP,-0.1374496600622566,0.13607995585699514,0.31246394012934653,6.342051320984921e-17,197,25,7.913393589287369,11.037544416678676,14.154558129105366,-0.09103230963504338
deciduous,NIRv,NIRv,leaf_out_50,EOS90,leaf-out alone,-0.12230529615411655,0.17871975795095638,0.49375972754914466,3.3924121594465406e-10,224,28,5.775531701512139,10.718616369395258,12.50619533289939,-0.06590198686631268
deciduous,NIRv,NIRv,leaf_out_50,EOS90,+ spring temperature and GPP,-0.2906869164878552,0.18645724113932008,0.11899628171975186,4.448074177218313e-12,197,25,5.720304285601614,10.664947965528649,12.337886162455959,-0.04721148857688594
deciduous,NIRv,NIRv,leaf_out_50,EOS50,leaf-out alone,-0.17840160812347503,0.12106947755054707,0.14060350539104358,2.174921594463278e-22,224,28,5.775531701512139,6.91781379847168,9.649596661683038,-0.14894360752316138
deciduous,NIRv,NIRv,leaf_out_50,EOS50,+ spring temperature and GPP,-0.2586376541030136,0.11513255509629682,0.02467624046778807,8.097585688169565e-28,197,25,5.720304285601614,6.835251499267804,9.466282351728056,-0.1300259667978821
deciduous,NIRv,NIRv,leaf_out_50,EOS10,leaf-out alone,-0.17884416003984543,0.15227399630709593,0.24019914599806025,9.817449949192327e-15,224,28,5.775531701512139,10.871131105578774,12.785522425749416,-0.09501496264821707
deciduous,NIRv,NIRv,leaf_out_50,EOS10,+ spring temperature and GPP,-0.1921338729875134,0.15484652050118333,0.21467890066753637,1.3733966956847894e-14,197,25,5.720304285601614,11.037544416678676,12.946046092204144,-0.10335153370899423
deciduous,NIRv,NIRv,leaf_out_90,EOS90,leaf-out alone,-0.12256156068646606,0.1558656858293682,0.43167532383977913,5.928853902906443e-13,224,28,6.930752313544191,10.718616369395258,13.217361081215094,-0.07924939105990572
deciduous,NIRv,NIRv,leaf_out_90,EOS90,+ spring temperature and GPP,-0.32390324513052615,0.15539220591354727,0.03712161563926974,1.5989366648932163e-17,197,25,6.945568126705483,10.664947965528649,13.12728050755292,-0.06981832144665859
deciduous,NIRv,NIRv,leaf_out_90,EOS50,leaf-out alone,-0.1664372048900977,0.09328969625789782,0.07440905815659116,7.15368697940148e-36,224,28,6.930752313544191,6.91781379847168,10.577391300127982,-0.16674849547218493
deciduous,NIRv,NIRv,leaf_out_90,EOS50,+ spring temperature and GPP,-0.26822445235241904,0.09710170171992973,0.005739495037266671,5.51560606572165e-39,197,25,6.945568126705483,6.835251499267804,10.515238263444946,-0.1643891846412561
deciduous,NIRv,NIRv,leaf_out_90,EOS10,leaf-out alone,-0.05018076538907298,0.09825634294137266,0.6095522237648059,1.1562652035291731e-26,224,28,6.930752313544191,10.871131105578774,13.078138940955151,-0.031992113096424614
deciduous,NIRv,NIRv,leaf_out_90,EOS10,+ spring temperature and GPP,-0.029239617765034125,0.09490911931290913,0.7580213286867439,2.1184750121716305e-27,197,25,6.945568126705483,11.037544416678676,13.341281659607917,-0.05166504423812613
deciduous,NIRv,GCC,leaf_out_10,EOS90,leaf-out alone,-0.021595065539852305,0.27105530266862227,0.9364994572742436,0.00016393285460427552,58,8,5.974320789192689,12.03412521717047,13.492747784359377,-0.010720833186498366
deciduous,NIRv,GCC,leaf_out_10,EOS50,leaf-out alone,0.07323260775963042,0.1601901841592777,0.6475557633186331,7.2331654696685715e-09,58,8,5.974320789192689,5.488838265994021,7.7840955412368835,0.07970996225116872
deciduous,NIRv,GCC,leaf_out_10,EOS10,leaf-out alone,0.1924461941655219,0.11405161854514285,0.0915340574865517,1.4353241265635274e-12,58,8,5.974320789192689,7.61836686664817,8.943950336064287,0.15091624211974117
deciduous,NIRv,GCC,leaf_out_50,EOS90,leaf-out alone,0.003518481649189978,0.3366396816748686,0.9916608432491169,0.0030755581601473654,58,8,5.077386204371055,12.03412521717047,13.054447845385297,0.001484502601023332
deciduous,NIRv,GCC,leaf_out_50,EOS50,leaf-out alone,0.1444617028908382,0.1802601157811838,0.42289611448400977,2.073434667230596e-06,58,8,5.077386204371055,5.488838265994021,6.961235086027383,0.13363262347557228
deciduous,NIRv,GCC,leaf_out_50,EOS10,leaf-out alone,0.33664914244604954,0.14438847371780683,0.019724305112199164,4.343933806436972e-06,58,8,5.077386204371055,7.61836686664817,8.15241284181647,0.22436537140944385
deciduous,NIRv,GCC,leaf_out_90,EOS90,leaf-out alone,0.0308487226784226,0.3213013519629899,0.9235111970239595,0.002558536680538492,58,8,5.265550986286723,12.03412521717047,13.070408252394266,0.013497908588593423
deciduous,NIRv,GCC,leaf_out_90,EOS50,leaf-out alone,0.17236544720636074,0.1607293924281324,0.2835425119671081,2.615411302694637e-07,58,8,5.265550986286723,5.488838265994021,6.949485919691192,0.16535357876405563
deciduous,NIRv,GCC,leaf_out_90,EOS10,leaf-out alone,0.37629898531399314,0.15416494202125872,0.01465129565015983,5.217291612711505e-05,58,8,5.265550986286723,7.61836686664817,8.055990883055335,0.2600848092434472
evergreen,NDVI_tower,NDVI_tower,leaf_out_10,EOS90,leaf-out alone,0.03347874469118947,0.1127248376310237,0.7664701128276523,9.980903803528297e-18,89,12,24.31111449134217,17.916874039245894,29.53761599940949,0.04542676325295954
evergreen,NDVI_tower,NDVI_tower,leaf_out_10,EOS90,+ spring temperature and GPP,-0.006713066054627609,0.10601096998438891,0.9495082991299759,2.174590744211074e-21,87,12,24.46794507506906,18.088785909581272,29.720815306563946,0.0480773720859659
evergreen,NDVI_tower,NDVI_tower,leaf_out_10,EOS50,leaf-out alone,-0.029924442780624616,0.09571030950695221,0.7545417080527692,5.268102944723332e-27,89,12,24.31111449134217,16.1298709672096,29.775418205096965,-0.04510244105537547
evergreen,NDVI_tower,NDVI_tower,leaf_out_10,EOS50,+ spring temperature and GPP,-0.0544412088713876,0.09332477318022955,0.5596562497448347,1.332951783495905e-29,87,12,24.46794507506906,16.265458965193698,29.902849862652666,-0.038864710773984505
evergreen,NDVI_tower,NDVI_tower,leaf_out_10,EOS10,leaf-out alone,-0.09669751485923914,0.0950078969470979,0.3087806299972443,7.98735043286554e-31,89,12,24.31111449134217,22.16370278902752,34.591362060596154,-0.10606640853959816
evergreen,NDVI_tower,NDVI_tower,leaf_out_10,EOS10,+ spring temperature and GPP,-0.0954232549216229,0.09834678082343945,0.33191028565464664,8.159517782928005e-29,87,12,24.46794507506906,22.363524760236817,34.75586696978825,-0.09974854581215334
evergreen,NDVI_tower,NDVI_tower,leaf_out_50,EOS90,leaf-out alone,0.005305046989604888,0.16435046444248017,0.9742496611108012,1.4281037040727302e-09,89,12,20.865135777915373,17.916874039245894,27.418043706125275,0.006178004349635207
evergreen,NDVI_tower,NDVI_tower,leaf_out_50,EOS90,+ spring temperature and GPP,-0.034522150505037805,0.1576996993573464,0.8267196165161159,5.3780046861831895e-11,87,12,21.087650801527303,18.088785909581272,27.661939962941965,0.008795739263819843
evergreen,NDVI_tower,NDVI_tower,leaf_out_50,EOS50,leaf-out alone,-0.027391971168154155,0.14637746321700784,0.8515567976279029,2.238055510449639e-12,89,12,20.865135777915373,16.1298709672096,26.821204874348886,-0.035433463715249566
evergreen,NDVI_tower,NDVI_tower,leaf_out_50,EOS50,+ spring temperature and GPP,-0.05256823841613131,0.1451838905596679,0.7172919640454012,4.1708899011819195e-13,87,12,21.087650801527303,16.265458965193698,27.055156904124722,-0.03313020744672629
evergreen,NDVI_tower,NDVI_tower,leaf_out_50,EOS10,leaf-out alone,-0.010769262207640505,0.1416717536948002,0.9394066935749619,9.707914402962018e-13,89,12,20.865135777915373,22.16370278902752,30.593471407515132,-0.010138293241399785
evergreen,NDVI_tower,NDVI_tower,leaf_out_50,EOS10,+ spring temperature and GPP,-0.010155349677835889,0.14759176649572728,0.9451432299190117,7.687610246322084e-12,87,12,21.087650801527303,22.363524760236817,30.888376506084715,-0.009834246409666202
evergreen,NDVI_tower,NDVI_tower,leaf_out_90,EOS90,leaf-out alone,-0.002225233928266071,0.14501163780280002,0.9877567749417661,4.800851285558996e-12,89,12,22.933729947200597,17.916874039245894,29.142942452069086,-0.0028483157200534593
evergreen,NDVI_tower,NDVI_tower,leaf_out_90,EOS90,+ spring temperature and GPP,-0.024606589540276464,0.13269973982502598,0.8528913260079896,1.152030560502878e-14,87,12,23.067921005508456,18.088785909581272,29.33363018091756,-0.0013524846506856895
evergreen,NDVI_tower,NDVI_tower,leaf_out_90,EOS50,leaf-out alone,0.001339330315615717,0.12090355240672511,0.9911614745504228,1.4569945349095487e-16,89,12,22.933729947200597,16.1298709672096,28.012851500003627,0.001904283042987274
evergreen,NDVI_tower,NDVI_tower,leaf_out_90,EOS50,+ spring temperature and GPP,-0.015213530668512961,0.11885070446379808,0.8981447082517764,1.3200672477218159e-17,87,12,23.067921005508456,16.265458965193698,28.240367832858343,-0.001098371261230041
evergreen,NDVI_tower,NDVI_tower,leaf_out_90,EOS10,leaf-out alone,0.07509611585752678,0.12229722256015198,0.5391849545214098,3.946216421141073e-14,89,12,22.933729947200597,22.16370278902752,30.629906787317903,0.0777051586349924
evergreen,NDVI_tower,NDVI_tower,leaf_out_90,EOS10,+ spring temperature and GPP,0.07087755169332416,0.1300871513258906,0.5858589749124716,9.177693696028974e-13,87,12,23.067921005508456,22.363524760236817,30.956552269661078,0.07167179146121666
evergreen,NDVI,NDVI,leaf_out_10,EOS90,leaf-out alone,0.08158908517792965,0.13623592360427117,0.5492523451426357,1.5694649616952923e-11,89,17,9.583126477574764,14.680489942812343,17.09875482322438,0.05325970219628345
evergreen,NDVI,NDVI,leaf_out_10,EOS90,+ spring temperature and GPP,0.03751634275193876,0.13584898360979583,0.7824235533022057,1.3909154944558507e-12,88,17,9.63178074953909,14.7448966554013,17.16086103864594,0.055231900733940305
evergreen,NDVI,NDVI,leaf_out_10,EOS50,leaf-out alone,-0.031672378386383114,0.09120867972910028,0.7284021568862267,1.1560351309765452e-29,89,17,9.583126477574764,10.397662936249754,14.344513116043554,-0.029191214389547165
evergreen,NDVI,NDVI,leaf_out_10,EOS50,+ spring temperature and GPP,-0.04851106040457583,0.09403164129538315,0.6059232389766107,7.110949140244223e-29,88,17,9.63178074953909,10.421265345554163,14.375531946401772,-0.026310978262235735
evergreen,NDVI,NDVI,leaf_out_10,EOS10,leaf-out alone,-0.2051601807925268,0.20907009118462033,0.3264455294191745,8.195687374809027e-09,89,17,9.583126477574764,12.114833417844798,16.621907562583747,-0.16228666898555266
evergreen,NDVI,NDVI,leaf_out_10,EOS10,+ spring temperature and GPP,-0.18533080338265817,0.18125714837185458,0.3065563985892652,6.172556690253147e-11,88,17,9.63178074953909,12.158287531141216,16.678072473676217,-0.1603801608710695
evergreen,NDVI,NDVI,leaf_out_50,EOS90,leaf-out alone,0.19891331555814376,0.15109317893169075,0.18800817537841386,1.1457968511906272e-07,89,17,8.885289768274356,14.680489942812343,16.219044159899955,0.12039124405160834
evergreen,NDVI,NDVI,leaf_out_50,EOS90,+ spring temperature and GPP,0.15111017294470597,0.1896126100564656,0.42548496116142975,7.571014479067881e-06,88,17,8.886801092542992,14.7448966554013,16.223027839504933,0.12668595394837268
evergreen,NDVI,NDVI,leaf_out_50,EOS50,leaf-out alone,0.05276720381135961,0.09417993588931575,0.5752879649832283,8.496681165044003e-24,89,17,8.885289768274356,10.397662936249754,13.36891913697972,0.04509204606844344
evergreen,NDVI,NDVI,leaf_out_50,EOS50,+ spring temperature and GPP,0.034152115004567746,0.09669202687265924,0.7239347003701275,1.704468486925848e-23,88,17,8.886801092542992,10.421265345554163,13.323802873665148,0.054281914238419784
evergreen,NDVI,NDVI,leaf_out_50,EOS10,leaf-out alone,-0.021434954791202398,0.16851017108548494,0.8987799400281447,1.3480538078257565e-09,89,17,8.885289768274356,12.114833417844798,15.136118150794143,-0.015720875221376003
evergreen,NDVI,NDVI,leaf_out_50,EOS10,+ spring temperature and GPP,-0.002449835340692638,0.13086107784431164,0.9850637664301828,1.8533683927771464e-14,88,17,8.886801092542992,12.158287531141216,15.12383213570858,-0.008936324894121333
evergreen,NDVI,NDVI,leaf_out_90,EOS90,leaf-out alone,0.15406837844923107,0.13493295196276187,0.25353120360869386,3.6273579641878863e-10,89,17,13.653036246642419,14.680489942812343,18.56027555488602,0.14328548731159071
evergreen,NDVI,NDVI,leaf_out_90,EOS90,+ spring temperature and GPP,0.13969407624994204,0.18233135642352416,0.44358409387727815,2.377474419071617e-06,88,17,13.660774129056957,14.7448966554013,18.542108277994206,0.14948104437958884
evergreen,NDVI,NDVI,leaf_out_90,EOS50,leaf-out alone,0.07868377114753812,0.06303549751690968,0.21194119481760765,2.2261879154337447e-48,89,17,13.653036246642419,10.397662936249754,16.284429182990632,0.10331863862931923
evergreen,NDVI,NDVI,leaf_out_90,EOS50,+ spring temperature and GPP,0.07637462323559627,0.07350831827018815,0.2988080227505403,3.2925098752577985e-36,88,17,13.660774129056957,10.421265345554163,16.221563279752278,0.1126715049439851
evergreen,NDVI,NDVI,leaf_out_90,EOS10,leaf-out alone,0.07049521655042751,0.0863077203620557,0.4140488874300742,4.787671359640757e-27,89,17,13.653036246642419,12.114833417844798,17.5183677776173,0.07944589195590566
evergreen,NDVI,NDVI,leaf_out_90,EOS10,+ spring temperature and GPP,0.08238811096496905,0.0854535633977912,0.3349821212166685,6.73920841089607e-27,88,17,13.660774129056957,12.158287531141216,17.482770587629446,0.08667938249113794
evergreen,NIRv,NIRv,leaf_out_10,EOS90,leaf-out alone,-0.05805302085327851,0.08505504028656521,0.4949008758193273,1.5924474996593255e-35,217,27,10.979174757971784,11.023616444017817,16.001815042996867,-0.0578189802242447
evergreen,NIRv,NIRv,leaf_out_10,EOS90,+ spring temperature and GPP,-0.057949567813285426,0.08567036479243592,0.49877091344517444,4.927608319838727e-35,213,27,11.063809998369669,11.10046485168345,16.12277930415708,-0.05828271557654701
evergreen,NIRv,NIRv,leaf_out_10,EOS50,leaf-out alone,-0.031737022614602955,0.047576679783976054,0.5047267929701234,2.7952920775946624e-104,217,27,10.979174757971784,7.618809561583021,13.64697195464232,-0.04573500817508681
evergreen,NIRv,NIRv,leaf_out_10,EOS50,+ spring temperature and GPP,-0.035407919134285676,0.047819632534125245,0.45902861023486785,5.774583124811614e-104,213,27,11.063809998369669,7.6866917257651854,13.75451176800979,-0.04523225539194988
evergreen,NIRv,NIRv,leaf_out_10,EOS10,leaf-out alone,-0.12576099154545411,0.06516910181941156,0.0536360765582908,7.325685234435819e-67,217,27,10.979174757971784,10.994297744889035,16.484413673840233,-0.1255880035225741
evergreen,NIRv,NIRv,leaf_out_10,EOS10,+ spring temperature and GPP,-0.1389483189638536,0.05793428472070443,0.016467857344259436,4.8118557418294224e-86,213,27,11.063809998369669,10.97034084332278,16.50663159493182,-0.12240131256539594
evergreen,NIRv,NIRv,leaf_out_50,EOS90,leaf-out alone,0.2207737616640464,0.11149409830128433,0.04768796295311182,2.7695888105915407e-12,217,27,7.352446316716245,11.023616444017817,12.317029032880159,0.1472499736377604
evergreen,NIRv,NIRv,leaf_out_50,EOS90,+ spring temperature and GPP,0.15974689291023597,0.11779187405987233,0.17504214920766015,9.794028928876912e-13,213,27,7.375087318058075,11.10046485168345,12.359018861719942,0.1518738732723796
evergreen,NIRv,NIRv,leaf_out_50,EOS50,leaf-out alone,0.05760878325693117,0.06397829124941781,0.3678847228521077,4.145691870262859e-49,217,27,7.352446316716245,7.618809561583021,10.289618116191953,0.055594707131637514
evergreen,NIRv,NIRv,leaf_out_50,EOS50,+ spring temperature and GPP,0.0005403170874126749,0.07051468833614849,0.993886288750298,1.3313671460865806e-45,213,27,7.375087318058075,7.6866917257651854,10.336927777020229,0.058432387721930386
evergreen,NIRv,NIRv,leaf_out_50,EOS10,leaf-out alone,-0.012652356707786515,0.10544216245748601,0.9044884278236021,7.700113650607489e-22,217,27,7.352446316716245,10.994297744889035,13.27783806779337,-0.008461274710991932
evergreen,NIRv,NIRv,leaf_out_50,EOS10,+ spring temperature and GPP,-0.11904102603671535,0.09105774361200346,0.19110622932628496,1.0332591048288204e-34,213,27,7.375087318058075,10.97034084332278,13.31332186846394,-0.015476047473030307
evergreen,NIRv,NIRv,leaf_out_90,EOS90,leaf-out alone,0.2347878332423132,0.09123564896159325,0.010069831965287377,4.9783293272659696e-17,217,27,10.838075354314334,11.023616444017817,13.5582380263555,0.23083606381617924
evergreen,NIRv,NIRv,leaf_out_90,EOS90,+ spring temperature and GPP,0.19870750996727732,0.10337702734585898,0.0545852351154868,9.105262960278622e-15,213,27,10.827898159407404,11.10046485168345,13.5376260111128,0.23793220108711075
evergreen,NIRv,NIRv,leaf_out_90,EOS50,leaf-out alone,0.09078311960249705,0.050811471087147224,0.07399151355932157,1.3149958556560128e-71,217,27,10.838075354314334,7.618809561583021,12.41703112914231,0.1291427857854421
evergreen,NIRv,NIRv,leaf_out_90,EOS50,+ spring temperature and GPP,0.056592925370861066,0.060067325331273916,0.3461116317617301,1.3796475842634605e-55,213,27,10.827898159407404,7.6866917257651854,12.415524321107466,0.1332642884238613
evergreen,NIRv,NIRv,leaf_out_90,EOS10,leaf-out alone,0.09677612033894395,0.09297779063635175,0.2979442369423062,2.6177435137040775e-22,217,27,10.838075354314334,10.994297744889035,14.683428197200218,0.0954009895920145
evergreen,NIRv,NIRv,leaf_out_90,EOS10,+ spring temperature and GPP,0.03879019364674382,0.07156817590528615,0.58781617353184,3.996835028855806e-41,213,27,10.827898159407404,10.97034084332278,14.740048191589963,0.085543673860161
grass/shrub,GCC,GCC,leaf_out_10,EOS90,leaf-out alone,0.15052626200948765,0.1478611292745983,0.30866628152192244,9.187856038199761e-09,128,20,14.2402171900764,13.092358217350057,17.69590514273775,0.16372349642746864
grass/shrub,GCC,GCC,leaf_out_10,EOS90,+ spring temperature and GPP,0.023207401765000732,0.1574997658343103,0.8828567146306562,5.579722840043861e-10,118,18,14.411503769857896,12.862514815063374,18.28110038977773,0.10502637685249766
grass/shrub,GCC,GCC,leaf_out_10,EOS50,leaf-out alone,0.05833141795100137,0.09467715518893727,0.5378227878110209,2.622567733782386e-23,128,20,14.2402171900764,11.800715720725261,17.84329974070051,0.0703899729715995
grass/shrub,GCC,GCC,leaf_out_10,EOS50,+ spring temperature and GPP,-0.0321055668021959,0.10387938537106232,0.7572714633689399,2.913727152365825e-23,118,18,14.411503769857896,11.597879725536112,18.498134922871163,6.35965197705332e-05
grass/shrub,GCC,GCC,leaf_out_10,EOS10,leaf-out alone,-0.06274362909205601,0.14555810124680163,0.6664279712778021,2.852878704312187e-13,128,20,14.2402171900764,17.18941001590189,22.88463203936329,-0.05197868366266875
grass/shrub,GCC,GCC,leaf_out_10,EOS10,+ spring temperature and GPP,-0.10312142219087454,0.1424993671575774,0.4692730731776992,9.845391350107287e-15,118,18,14.411503769857896,17.271807354436504,23.676327291259703,-0.10960007288244691
grass/shrub,GCC,GCC,leaf_out_50,EOS90,leaf-out alone,0.31882277763620603,0.1780882119692816,0.0734134089749675,0.00013080245750269815,128,20,13.023346300435993,13.092358217350057,15.260009596346178,0.3171422117155928
grass/shrub,GCC,GCC,leaf_out_50,EOS90,+ spring temperature and GPP,0.21717170837474944,0.13194809382504216,0.09978693839891975,2.9772023607577915e-09,118,18,12.948635946439412,12.862514815063374,15.824631891016043,0.2482482197242581
grass/shrub,GCC,GCC,leaf_out_50,EOS50,leaf-out alone,0.1466885290702496,0.10952159593578917,0.18045444246695053,6.6343076861466124e-15,128,20,13.023346300435993,11.800715720725261,16.09675360621413,0.16188641075628102
grass/shrub,GCC,GCC,leaf_out_50,EOS50,+ spring temperature and GPP,0.06580327429931425,0.08019432177029587,0.41190389149390016,2.3172357068614848e-31,118,18,12.948635946439412,11.597879725536112,16.606691942163096,0.0878823606360247
grass/shrub,GCC,GCC,leaf_out_50,EOS10,leaf-out alone,0.00026986207963100584,0.1320255464714444,0.9983691138366394,3.668212265723834e-14,128,20,13.023346300435993,17.18941001590189,21.5636690816789,0.00020445770466462874
grass/shrub,GCC,GCC,leaf_out_50,EOS10,+ spring temperature and GPP,-0.06009494556304546,0.11790223788035567,0.610260613479341,2.4431270799642636e-19,118,18,12.948635946439412,17.271807354436504,22.154127158331868,-0.05549576033116828
grass/shrub,GCC,GCC,leaf_out_90,EOS90,leaf-out alone,0.27464988832932613,0.14229927690297212,0.053596142627315824,3.44429737690842e-07,128,20,16.26967547131418,13.092358217350057,17.050256520715376,0.3413032608158542
grass/shrub,GCC,GCC,leaf_out_90,EOS90,+ spring temperature and GPP,0.21475944462306326,0.10913501363395635,0.049087294517763475,6.24015133260762e-13,118,18,16.18382114882034,12.862514815063374,17.689760496527402,0.2748611106813346
grass/shrub,GCC,GCC,leaf_out_90,EOS50,leaf-out alone,0.14772048470355567,0.09095679162075648,0.10436019378160767,7.242397994843209e-21,128,20,16.26967547131418,11.800715720725261,18.04869290409957,0.2036625916147713
grass/shrub,GCC,GCC,leaf_out_90,EOS50,+ spring temperature and GPP,0.09586777916828407,0.06963846495497208,0.16862054476048427,1.5231850516290274e-38,118,18,16.18382114882034,11.597879725536112,18.589903984929702,0.1354365733965263
grass/shrub,GCC,GCC,leaf_out_90,EOS10,leaf-out alone,0.07153057047912492,0.09476667360521462,0.4503646546552845,1.1549162623722676e-22,128,20,16.26967547131418,17.18941001590189,22.854092365925762,0.06770326421306604
grass/shrub,GCC,GCC,leaf_out_90,EOS10,+ spring temperature and GPP,0.022205932101130244,0.078919504899554,0.7784232145574752,2.9691461217447536e-35,118,18,16.18382114882034,17.271807354436504,23.439916121563186,0.01932165863877364
grass/shrub,NDVI_tower,NDVI_tower,leaf_out_10,EOS90,leaf-out alone,-0.07525079100136313,0.06590515934155673,0.25353539558623306,7.705064614796458e-60,107,13,27.25586975030758,17.891241228559785,34.27512115778835,-0.11463853915661933
grass/shrub,NDVI_tower,NDVI_tower,leaf_out_10,EOS90,+ spring temperature and GPP,-0.11422044304402793,0.05852756036345248,0.05098965944912157,8.336058332184836e-81,96,12,26.85462690121342,18.324033373013993,34.346778281391515,-0.12473452087056601
grass/shrub,NDVI_tower,NDVI_tower,leaf_out_10,EOS50,leaf-out alone,-0.09829508176311356,0.05882043976253832,0.09470110523036596,8.3664930221005715e-78,107,13,27.25586975030758,17.033208393947877,34.3373849263607,-0.15728792155112614
grass/shrub,NDVI_tower,NDVI_tower,leaf_out_10,EOS50,+ spring temperature and GPP,-0.12892982709811612,0.06263970400475126,0.0395636042571193,1.2953009463892616e-72,96,12,26.85462690121342,17.631721716583368,34.50021996921282,-0.16707372464185263
grass/shrub,NDVI_tower,NDVI_tower,leaf_out_10,EOS10,leaf-out alone,-0.06574346776406209,0.09380580301949071,0.4833988215932914,6.526629845962507e-30,107,13,27.25586975030758,22.372079313472003,36.62064586542729,-0.08009516546062752
grass/shrub,NDVI_tower,NDVI_tower,leaf_out_10,EOS10,+ spring temperature and GPP,-0.09026798927680504,0.09435009306107657,0.33870127906837877,6.919641689329152e-31,96,12,26.85462690121342,22.971826182040438,36.95725122952109,-0.094798726025863
grass/shrub,NDVI_tower,NDVI_tower,leaf_out_50,EOS90,leaf-out alone,0.19270286227584152,0.1851269395420174,0.29791135392959855,1.2960191826816972e-05,107,13,12.919643714617997,17.891241228559785,20.55925252600933,0.13915481277043792
grass/shrub,NDVI_tower,NDVI_tower,leaf_out_50,EOS90,+ spring temperature and GPP,0.05936041791789509,0.16432361931166437,0.7179193433823543,1.0385405119115826e-08,96,12,12.31552053920683,18.324033373013993,21.00223700245026,0.1026903978733836
grass/shrub,NDVI_tower,NDVI_tower,leaf_out_50,EOS50,leaf-out alone,0.08158357719879551,0.11383277928253138,0.4735612628907385,7.138938032164418e-16,107,13,12.919643714617997,17.033208393947877,20.73190725394548,0.06188092847774829
grass/shrub,NDVI_tower,NDVI_tower,leaf_out_50,EOS50,+ spring temperature and GPP,0.009704072769018773,0.1345364905709889,0.942498713870725,1.8281406640017255e-13,96,12,12.31552053920683,17.631721716583368,21.054241450954702,0.04436822746462478
grass/shrub,NDVI_tower,NDVI_tower,leaf_out_50,EOS10,leaf-out alone,0.04985898852706967,0.16713594886841263,0.7654635425025632,1.3093571756127527e-08,107,13,12.919643714617997,22.372079313472003,25.510438679653646,0.028793048635093455
grass/shrub,NDVI_tower,NDVI_tower,leaf_out_50,EOS10,+ spring temperature and GPP,0.0683220804731926,0.17547165265097578,0.6970080120177375,1.0988796542804239e-07,96,12,12.31552053920683,22.971826182040438,25.655017053588043,0.03746234576684596
grass/shrub,NDVI_tower,NDVI_tower,leaf_out_90,EOS90,leaf-out alone,0.7545640611566358,0.16693612536510374,6.181728260215042e-06,0.14149713798246677,107,13,10.55855971184833,17.891241228559785,16.22767047275009,0.44530782377576006
grass/shrub,NDVI_tower,NDVI_tower,leaf_out_90,EOS90,+ spring temperature and GPP,0.7190564701260624,0.23386779841538397,0.0021076529257024724,0.2296379284185882,96,12,9.527783062189231,18.324033373013993,16.72714114212713,0.4202811483087988
grass/shrub,NDVI_tower,NDVI_tower,leaf_out_90,EOS50,leaf-out alone,0.5885293011261818,0.18925942278022329,0.0018731338182891109,0.029696916714960615,107,13,10.55855971184833,17.033208393947877,16.44357417356783,0.36481804392888634
grass/shrub,NDVI_tower,NDVI_tower,leaf_out_90,EOS50,+ spring temperature and GPP,0.6671441273693883,0.2470988681613168,0.006935872346849447,0.17796238049060098,96,12,9.527783062189231,17.631721716583368,16.60126827217675,0.37518077694832164
grass/shrub,NDVI_tower,NDVI_tower,leaf_out_90,EOS10,leaf-out alone,0.43621758987139125,0.27773271986635845,0.11626673612410152,0.04236203355775675,107,13,10.55855971184833,22.372079313472003,22.687689724461737,0.20587400060047673
grass/shrub,NDVI_tower,NDVI_tower,leaf_out_90,EOS10,+ spring temperature and GPP,0.6965624969088547,0.2589908331595334,0.007155364124256029,0.24135172800652394,96,12,9.527783062189231,22.971826182040438,22.43938327508451,0.2626153052186945
grass/shrub,NDVI_tower,GCC,leaf_out_10,EOS90,leaf-out alone,1.026897943686177,0.07674846574482444,7.909921582784467e-41,0.7259868914490666,30,7,7.701677772877893,14.691349153244188,12.38260679943546,0.5383329322178277
grass/shrub,NDVI_tower,GCC,leaf_out_10,EOS50,leaf-out alone,1.2122465638782254,0.3514249241515065,0.0005615885121560575,0.5458702993696065,30,7,7.701677772877893,17.98263350454045,15.45574652272457,0.5191860476893552
grass/shrub,NDVI_tower,GCC,leaf_out_10,EOS10,leaf-out alone,0.9571206156406289,0.8765764356738136,0.27488367459623775,0.9609855366304519,30,7,7.701677772877893,24.01264483702213,22.855592860391962,0.3069813684195893
grass/shrub,NDVI_tower,GCC,leaf_out_50,EOS90,leaf-out alone,0.856957951572472,0.19736454207162954,1.4118791850116925e-05,0.4685988968541893,30,7,7.35628714016152,14.691349153244188,13.31173200795915,0.4290980149647905
grass/shrub,NDVI_tower,GCC,leaf_out_50,EOS50,leaf-out alone,1.090120841479648,0.5375424578204522,0.04256314601157064,0.8668559281643704,30,7,7.35628714016152,17.98263350454045,16.10920158537942,0.4459436892474067
grass/shrub,NDVI_tower,GCC,leaf_out_50,EOS10,leaf-out alone,1.0893628234644406,1.047975527334137,0.29857568995740136,0.9320452617286881,30,7,7.35628714016152,24.01264483702213,22.645538639180582,0.3337269086188385
grass/shrub,NDVI_tower,GCC,leaf_out_90,EOS90,leaf-out alone,0.4986500747280064,0.368808078603457,0.17635662159749166,0.1740265493976938,30,7,8.188621380607515,14.691349153244188,14.69750912315714,0.2779361255911347
grass/shrub,NDVI_tower,GCC,leaf_out_90,EOS50,leaf-out alone,0.7457185405807895,0.5847651918344691,0.2022227478051164,0.6636758828467588,30,7,8.188621380607515,17.98263350454045,17.041787510461578,0.339572442699979
grass/shrub,NDVI_tower,GCC,leaf_out_90,EOS10,leaf-out alone,0.9940753279729161,0.8912610985032714,0.26469697675200554,0.9946960890237854,30,7,8.188621380607515,24.01264483702213,22.590886042470935,0.3389924991529139
grass/shrub,NDVI,NDVI,leaf_out_10,EOS90,leaf-out alone,-0.03449183164897756,0.0665163498513197,0.6040769075419621,1.5314733965500407e-54,214,30,19.134432024210778,11.904194401829269,23.088808537464146,-0.0554410979693398
grass/shrub,NDVI,NDVI,leaf_out_10,EOS90,+ spring temperature and GPP,-0.03223526238265108,0.061873614394751274,0.602376799807091,1.7435030553732733e-62,196,29,19.76212768903258,12.130825810618164,23.77779692374935,-0.057741821338207655
grass/shrub,NDVI,NDVI,leaf_out_10,EOS50,leaf-out alone,-0.09649701635015155,0.04006992827756295,0.016030721878784904,7.241819719643512e-165,214,30,19.134432024210778,10.882129918895469,23.562840831062395,-0.1696740999834103
grass/shrub,NDVI,NDVI,leaf_out_10,EOS50,+ spring temperature and GPP,-0.08464734942656207,0.03423021212220765,0.013402757788224525,2.3585140386519404e-220,196,29,19.76212768903258,10.874239122377206,24.22537562764919,-0.1816629748352633
grass/shrub,NDVI,NDVI,leaf_out_10,EOS10,leaf-out alone,-0.11794448188079815,0.049825887585554375,0.01792650971116144,1.71345403139867e-111,214,30,19.134432024210778,13.664732438176564,25.282733229732685,-0.16515513065399184
grass/shrub,NDVI,NDVI,leaf_out_10,EOS10,+ spring temperature and GPP,-0.09893928817265557,0.04841020483160502,0.040976347997736313,4.422158073827078e-114,196,29,19.76212768903258,13.580152783528877,25.940718463069782,-0.1825048320632106
grass/shrub,NDVI,NDVI,leaf_out_50,EOS90,leaf-out alone,0.22625501354438088,0.09734265209057749,0.0201086025163144,1.885187500549061e-15,214,30,10.780816976671453,11.904194401829269,14.329773968480259,0.20490373466191605
grass/shrub,NDVI,NDVI,leaf_out_50,EOS90,+ spring temperature and GPP,0.20512265773717936,0.08372314666552376,0.014285172046018688,2.220857419131844e-21,196,29,10.96262237446072,12.130825810618164,14.510913717377669,0.21344183355038673
grass/shrub,NDVI,NDVI,leaf_out_50,EOS50,leaf-out alone,0.015856742641415053,0.07541298528299002,0.8334605267715403,6.350539315685221e-39,214,30,10.780816976671453,10.882129918895469,15.197395640373019,0.015709115911807556
grass/shrub,NDVI,NDVI,leaf_out_50,EOS50,+ spring temperature and GPP,0.005628942256361607,0.058205464360683135,0.9229581745278107,1.959010765287654e-65,196,29,10.96262237446072,10.874239122377206,15.281331408424123,0.020590004648345463
grass/shrub,NDVI,NDVI,leaf_out_50,EOS10,leaf-out alone,-0.11931416250022904,0.10334653078907928,0.24829288865347732,2.4629430238778037e-27,214,30,10.780816976671453,13.664732438176564,18.18476688047114,-0.09413313831496077
grass/shrub,NDVI,NDVI,leaf_out_50,EOS10,+ spring temperature and GPP,-0.1295738259515365,0.09782712268920568,0.18533092975071463,7.676992346209372e-31,196,29,10.96262237446072,13.580152783528877,18.351251961165985,-0.10804032553526191
grass/shrub,NDVI,NDVI,leaf_out_90,EOS90,leaf-out alone,0.42502100931956593,0.07880609120373817,6.919429106468449e-08,2.9617659723554595e-13,214,30,10.424941567221316,11.904194401829269,12.570091041745474,0.37220655488598503
grass/shrub,NDVI,NDVI,leaf_out_90,EOS90,+ spring temperature and GPP,0.3998680415534048,0.07908997606053296,4.284500271027159e-07,3.249690309985742e-14,196,29,10.554458358098781,12.130825810618164,12.6516258487995,0.3846230761650757
grass/shrub,NDVI,NDVI,leaf_out_90,EOS50,leaf-out alone,0.21803403313732267,0.06934924141454665,0.0016665529083677397,1.728632382182521e-29,214,30,10.424941567221316,10.882129918895469,13.40554137425582,0.20887382084783013
grass/shrub,NDVI,NDVI,leaf_out_90,EOS50,+ spring temperature and GPP,0.18224298480290632,0.0784886887074856,0.020238253236723142,2.0353004819311265e-25,196,29,10.554458358098781,10.874239122377206,13.324467532883727,0.22699076024750187
grass/shrub,NDVI,NDVI,leaf_out_90,EOS10,leaf-out alone,0.08607146467539353,0.11295063482398615,0.4460437245199408,5.898379881386515e-16,214,30,10.424941567221316,13.664732438176564,16.63417950669454,0.0656646585585006
grass/shrub,NDVI,NDVI,leaf_out_90,EOS10,+ spring temperature and GPP,0.036039556670647926,0.12786343363623504,0.7780510461501273,4.7364528550997884e-14,196,29,10.554458358098781,13.580152783528877,16.651194485778348,0.06472724924383265
grass/shrub,NDVI,GCC,leaf_out_10,EOS90,leaf-out alone,0.5201179207486478,0.11544007396082136,6.6209633360265526e-06,3.22482202446171e-05,51,9,11.892430419795717,15.628130495923658,15.444996332351433,0.3957905383632096
grass/shrub,NDVI,GCC,leaf_out_10,EOS50,leaf-out alone,0.19327175167800842,0.12835710816238535,0.13213529250858622,3.277908338221996e-10,51,9,11.892430419795717,12.298832455233496,15.427973668883993,0.18688528909625785
grass/shrub,NDVI,GCC,leaf_out_10,EOS10,leaf-out alone,-0.21524834076598767,0.20363722685627353,0.29050308903636357,2.4060343286507893e-09,51,9,11.892430419795717,14.689504861478374,20.447409555728143,-0.17426223277605835
grass/shrub,NDVI,GCC,leaf_out_50,EOS90,leaf-out alone,0.6179273618928921,0.18082181801705813,0.0006323916776466719,0.03460259662237588,51,9,9.942055484752876,15.628130495923658,14.863563781065748,0.3931032006092174
grass/shrub,NDVI,GCC,leaf_out_50,EOS50,leaf-out alone,0.137348264880182,0.17652197090970803,0.43652168630078414,1.0241689497971986e-06,51,9,9.942055484752876,12.298832455233496,14.931628005041928,0.11102875619646604
grass/shrub,NDVI,GCC,leaf_out_50,EOS10,leaf-out alone,-0.37788688945876103,0.21883171680786176,0.08419679030819675,3.0432482066381555e-10,51,9,9.942055484752876,14.689504861478374,19.73144893019569,-0.2557589556208888
grass/shrub,NDVI,GCC,leaf_out_90,EOS90,leaf-out alone,0.47726936396971015,0.17673671352938092,0.006924491315641222,0.0030996375729307,51,9,10.509602468581722,15.628130495923658,15.78796185653276,0.3209540185924872
grass/shrub,NDVI,GCC,leaf_out_90,EOS50,leaf-out alone,0.06198179198381876,0.14924725516994125,0.6779252099392112,3.278648730072184e-10,51,9,10.509602468581722,12.298832455233496,15.748683429477676,0.052964701845586215
grass/shrub,NDVI,GCC,leaf_out_90,EOS10,leaf-out alone,-0.33024391496545047,0.23492634942437332,0.15980317983475445,1.4928165022094592e-08,51,9,10.509602468581722,14.689504861478374,19.97962286583786,-0.2362729238789123
grass/shrub,NIRv,NIRv,leaf_out_10,EOS90,leaf-out alone,-0.027031524688904716,0.040275483215813104,0.5021149481841021,1.962886779084759e-143,310,39,26.67254398382304,13.594993045558624,30.573030956956767,-0.053034196398515566
grass/shrub,NIRv,NIRv,leaf_out_10,EOS90,+ spring temperature and GPP,-0.025062672773174886,0.04058643766838484,0.5368960861463322,9.660851209579947e-141,271,36,27.636033703991497,13.994961718356945,31.797319282525386,-0.06652640501258802
grass/shrub,NIRv,NIRv,leaf_out_10,EOS50,leaf-out alone,-0.10336502326332343,0.041156395482064706,0.012021319485216356,2.532457905219651e-158,310,39,26.67254398382304,11.661067567006064,31.535344306992126,-0.23642844992859743
grass/shrub,NIRv,NIRv,leaf_out_10,EOS50,+ spring temperature and GPP,-0.0884503363874597,0.04219806603166895,0.036075485508667016,1.0395649462085299e-146,271,36,27.636033703991497,11.83030536722687,32.80976622130093,-0.26422713535080944
grass/shrub,NIRv,NIRv,leaf_out_10,EOS10,leaf-out alone,-0.1573079477369251,0.03840909110079379,4.2109183633132734e-05,1.8975484466155997e-199,310,39,26.67254398382304,14.620419405020167,33.897002146901286,-0.28698240719259865
grass/shrub,NIRv,NIRv,leaf_out_10,EOS10,+ spring temperature and GPP,-0.1280403078747698,0.03595324584943453,0.00036902262312726994,4.4103104977726586e-216,271,36,27.636033703991497,14.65075875655787,35.24901067954131,-0.3261359932681829
grass/shrub,NIRv,NIRv,leaf_out_50,EOS90,leaf-out alone,0.10965558688543854,0.07072577459317424,0.1210375823650914,2.437030221845198e-36,310,39,18.76579633254606,13.594993045558624,21.441720941716323,0.1513626673674693
grass/shrub,NIRv,NIRv,leaf_out_50,EOS90,+ spring temperature and GPP,0.13828112054279448,0.0712666568722989,0.05233910653336417,1.1716654704908096e-33,271,36,19.44257177193857,13.994961718356945,22.17514742641343,0.1509297621391323
grass/shrub,NIRv,NIRv,leaf_out_50,EOS50,leaf-out alone,-0.05682441543187911,0.058930104748116545,0.33491156979539183,6.455589563537236e-72,310,39,18.76579633254606,11.661067567006064,22.981680216158306,-0.0914457789206013
grass/shrub,NIRv,NIRv,leaf_out_50,EOS50,+ spring temperature and GPP,-0.016193548528403663,0.057689809051983114,0.7789402544251208,1.8971057539185126e-69,271,36,19.44257177193857,11.83030536722687,23.797118383623626,-0.10506672126849963
grass/shrub,NIRv,NIRv,leaf_out_50,EOS10,leaf-out alone,-0.17985204069994987,0.0602697830102743,0.0028439866900138344,2.4685965641625884e-85,310,39,18.76579633254606,14.620419405020167,26.31697943616603,-0.23084609765771547
grass/shrub,NIRv,NIRv,leaf_out_50,EOS10,+ spring temperature and GPP,-0.12454504348192089,0.05527296520297805,0.024241982841299446,5.1098778291134274e-92,271,36,19.44257177193857,14.65075875655787,27.284520711780534,-0.26643422599810346
grass/shrub,NIRv,NIRv,leaf_out_90,EOS90,leaf-out alone,0.21905065400235219,0.0877875572154829,0.012587345887976751,5.794764932150523e-19,310,39,18.102015469968663,13.594993045558624,19.2080312580874,0.2916704932594838
grass/shrub,NIRv,NIRv,leaf_out_90,EOS90,+ spring temperature and GPP,0.24106811402505948,0.0870596146291649,0.005622855371618879,2.8470919546271425e-18,271,36,18.786447262131755,13.994961718356945,19.851071457330672,0.2942474889101648
grass/shrub,NIRv,NIRv,leaf_out_90,EOS50,leaf-out alone,0.04832324923145093,0.06090578843240235,0.4275391046803908,4.889142266489668e-55,310,39,18.102015469968663,11.661067567006064,20.78446655061114,0.0750144187159928
grass/shrub,NIRv,NIRv,leaf_out_90,EOS50,+ spring temperature and GPP,0.08439976883115045,0.054231987321285494,0.11964322741756415,5.998613461075156e-64,271,36,18.786447262131755,11.83030536722687,21.49672747309388,0.06924075536649478
grass/shrub,NIRv,NIRv,leaf_out_90,EOS10,leaf-out alone,-0.07778846294728023,0.058564582345737755,0.18409521323301725,1.233350250268784e-75,310,39,18.102015469968663,14.620419405020167,24.339670003360332,-0.0963124189975869
grass/shrub,NIRv,NIRv,leaf_out_90,EOS10,+ spring temperature and GPP,-0.027370031554805087,0.0480139312250719,0.5686481642657162,1.4147517651734307e-101,271,36,18.786447262131755,14.65075875655787,25.20193690719674,-0.12273533074837639
grass/shrub,NIRv,GCC,leaf_out_10,EOS90,leaf-out alone,0.15583005673901498,0.23050104892929413,0.499009388922097,0.00024993568726034484,82,14,11.26987100541973,14.000064244592766,16.835315341945293,0.12544118423558134
grass/shrub,NIRv,GCC,leaf_out_10,EOS50,leaf-out alone,0.1798542783800658,0.1202239859977782,0.1346553993561421,8.989775161994024e-12,82,14,11.26987100541973,11.18088992431398,14.364390376544417,0.18128561597842197
grass/shrub,NIRv,GCC,leaf_out_10,EOS10,leaf-out alone,0.15969950171623262,0.09532602269059019,0.09387576418088912,1.1966704003421371e-18,82,14,11.26987100541973,12.4326097359696,15.524590567935526,0.14476387678804473
grass/shrub,NIRv,GCC,leaf_out_50,EOS90,leaf-out alone,0.5217904779123655,0.08662024966389807,1.7027870442028775e-09,3.3753848314386076e-08,82,14,12.060933997058713,14.000064244592766,13.771791674141372,0.4495179739496842
grass/shrub,NIRv,GCC,leaf_out_50,EOS50,leaf-out alone,0.2253887068278417,0.09440216014043563,0.01696166762838247,2.297472532867781e-16,82,14,12.060933997058713,11.18088992431398,14.314523499906231,0.24312897588067484
grass/shrub,NIRv,GCC,leaf_out_50,EOS10,leaf-out alone,-0.14370231881289552,0.13727444556819712,0.295180306785098,7.982308369734964e-17,82,14,12.060933997058713,12.4326097359696,18.48901170388293,-0.13940630480921729
grass/shrub,NIRv,GCC,leaf_out_90,EOS90,leaf-out alone,0.3909272032889154,0.09196787856451293,2.13110256735328e-05,3.527709332835304e-11,82,14,16.39209036812382,14.000064244592766,15.956743292517576,0.45772033125810935
grass/shrub,NIRv,GCC,leaf_out_90,EOS50,leaf-out alone,0.1518220806258494,0.062066921470733234,0.014440975273164583,1.630922661934233e-42,82,14,16.39209036812382,11.18088992431398,17.667018699640458,0.2225834689673147
grass/shrub,NIRv,GCC,leaf_out_90,EOS10,leaf-out alone,-0.13427462473987078,0.09830548464845125,0.1719730247042437,8.461576661652644e-31,82,14,16.39209036812382,12.4326097359696,22.25825157333109,-0.17703779251703666
