group,eos_source,n_obs,n_sites,r_gpp_temperature_within,r2_gpp,r2_temperature,r2_both,r2_unique_gpp,r2_unique_temperature,gpp_alone_b,gpp_alone_se,gpp_alone_p,T_alone_b,T_alone_se,T_alone_p,gpp_with_T_b,gpp_with_T_se,gpp_with_T_p,T_with_gpp_b,T_with_gpp_se,T_with_gpp_p,gpp_with_weather_b,gpp_with_weather_se,gpp_with_weather_p,T_with_all_b,T_with_all_se,T_with_all_p,SW_with_all_b,SW_with_all_se,SW_with_all_p,water_with_all_b,water_with_all_se,water_with_all_p
all,GCC,186,25,0.12150198330243482,0.00839571357463953,0.031005858303296052,0.036012510988267965,0.005006652684971913,0.027616797413628436,-1.2815877256046866,1.2855835112627356,0.31881700777890143,-2.4628695614701095,1.1333825132602031,0.029778367638411046,-0.9970635715106274,1.250761723029151,0.42535516250729766,-2.341724360052958,1.138128413660542,0.039636031637292235,-0.9068387632095676,1.3647026363276784,0.5063732269341603,-2.2096686425991803,1.1445139960861688,0.05352497737003908,-0.00230948447050789,1.6471351744233593,0.9988812688677466,0.4254110068031506,0.6260437829957373,0.4968066839429125
all,NDVI_tower,357,41,0.3462624192872259,0.02515494876186941,0.03786110163421019,0.04731736406168807,0.00945626242747788,0.02216241529981866,-2.4678842740053346,1.1935335755679253,0.038667067316061336,-3.027678070208716,0.9337322994006533,0.001184631990784967,-1.6128955474062687,1.2007058960952697,0.1791782710408777,-2.4691929559062276,0.9132685737181816,0.006857471794132613,-1.3052517927775382,1.3148402449990997,0.32085251139034676,-2.227714355201257,0.7927404016669355,0.004951940219930639,-2.418734062469578,1.1380498080103723,0.033558891511399326,-1.6108490259707136,1.0755670043652148,0.13421790049098395
all,NDVI,456,69,0.1975673317082202,0.009059603162275387,0.017011559549667044,0.022025511062688907,0.005013951513021864,0.01296590790041352,-1.1149429700483773,0.5011946796302954,0.02611007533321624,-1.5278127537815414,0.6524993534107465,0.019207567969939342,-0.8461237009052454,0.48608193456943144,0.08173586172783703,-1.3606463518986067,0.664973350714698,0.040739968664404096,-0.7839490757420193,0.5047038782852071,0.12035500913027626,-1.6312793791300417,0.6880467644634889,0.01774557762097663,0.16412612431278512,0.6052454220182127,0.7862580956493869,-0.7792409015738968,0.4831455304374941,0.106777265386519
all,NIRv,681,88,0.12880111393733354,0.014889888332302426,0.02959440491465759,0.039735956939283334,0.010141552024625744,0.02484606860698091,-1.4893317582243188,0.432307171267022,0.000570895440421767,-2.0996675475796374,0.5961260736392509,0.0004280020108633427,-1.2394544500938687,0.44347574755002,0.005192153511856099,-1.9400244337329602,0.5911411652348078,0.001031359970096626,-1.2369730125504872,0.43597168212750403,0.0045499926962874505,-2.171485879457968,0.64440402620881,0.0007523411574505726,0.41000973247071176,0.6430839041620345,0.5237549177584584,-0.19593290126431837,0.6733716109893005,0.7710720335477705
all,stacked,1680,94,0.18947862899298176,0.014216870030847817,0.027807523547754176,0.03577392576829663,0.007966402220542457,0.021557055737448816,-1.556493873712709,0.4459020676555798,0.0004818234977222304,-2.1768403347708265,0.44706817013544836,1.1208139590562073e-06,-1.1866317848820875,0.4294047358881098,0.005719660208341003,-1.9519989710518773,0.44554073656121024,1.1803245964039735e-05,-1.16543070326388,0.4359444257207981,0.0075098534398410025,-1.9943090415571056,0.458662954892422,1.3732656847345824e-05,-0.30008032396330286,0.4928002526072271,0.5425715562998936,-0.5419565598902853,0.3249133272155006,0.09531503633020437
summer-green,GCC,156,20,0.1763422255136743,0.016989978151036422,0.03477105516966528,0.04457497519348186,0.009803920023816581,0.027584997042445436,-1.9218939041352414,1.4052624531861222,0.1714246193867459,-2.7494253597701053,1.291552506139066,0.03327283708428416,-1.483175813384909,1.4002105228294932,0.2894850233920756,-2.487878836009755,1.3338344530948991,0.06215223956967266,-1.402601864190323,1.571602305329086,0.3721431266523427,-2.34083396854674,1.2999377168909543,0.07174579563241089,-0.22136825768795543,1.9066356310091308,0.9075700212885286,0.20190229881780364,0.7127169748158629,0.7769580837774864
summer-green,NDVI_tower,342,38,0.360334624184123,0.03176013664738464,0.037201220670879165,0.05078343379832084,0.013582213127441678,0.019023297150936203,-2.801096324061728,1.205992902079263,0.02019810010199051,-3.031555040802393,0.9594443882879851,0.0015793245130471738,-1.9636895774333207,1.2355934948261162,0.11199983153086583,-2.323969694903677,0.9410616093528327,0.013529476509235848,-1.6450723122588837,1.377542728199247,0.23239668095599708,-2.1330152623459213,0.8211383137946782,0.009386899971032592,-2.352363923114244,1.2019860033442,0.05033990641091277,-1.6878456669890356,1.0843450951752385,0.11957554219937847
summer-green,NDVI,436,65,0.21727836713191062,0.008013773120249423,0.017089742172545774,0.021009900885596622,0.0039201587130508475,0.012996127765347198,-1.0626066695170944,0.525231100381384,0.043060556101813356,-1.5517500619032618,0.6842356700743265,0.02333779847299352,-0.7613900914380226,0.5132299117744096,0.13793462417216173,-1.386316466085192,0.7008223897218464,0.04791425666137288,-0.6949695247603833,0.5346753324623512,0.19367046958682044,-1.6584333486051717,0.7161633875396152,0.02057360220426798,0.23021937297917283,0.6176844803287128,0.7093616535099514,-0.7892085686837751,0.496840236078311,0.1121833928203451
summer-green,NIRv,611,79,0.1733101507075887,0.016880503999226026,0.034342710234645635,0.04420525809321518,0.009862547858569548,0.027324754093989156,-1.6102368639381066,0.44802032068827774,0.00032549519487805914,-2.2967532686629273,0.6536639922557568,0.00044197751728992777,-1.249723411505894,0.4606660822772289,0.0066704921908294305,-2.080163515872038,0.6583590533185658,0.0015797578507357449,-1.233063049559074,0.45217811666543306,0.00639244663254556,-2.374412667900459,0.7010669885282026,0.0007069858410074817,0.4800564865385115,0.687663805346759,0.4851161276065442,-0.35107719111492147,0.7066171135107926,0.6193003438989266
summer-green,stacked,1545,85,0.22458526756729036,0.016918000108021025,0.0298257251061832,0.0386009296031774,0.008775204496994204,0.021682929495156378,-1.7293153414248226,0.46625913237242117,0.00020814954555588565,-2.296123206762597,0.4805469185035516,1.769191414915297e-06,-1.2781056844331145,0.4485673253264036,0.004381468280622179,-2.0090794996449093,0.48455542368999077,3.379904656357649e-05,-1.254737016423497,0.45790022378074746,0.006140228820811769,-2.0751452788727858,0.491582375924809,2.428347270377762e-05,-0.29170099715577935,0.5233355089274955,0.5772622783167006,-0.6309640468176373,0.3379372318468222,0.061887028977902166
deciduous,GCC,81,9,0.3753613704369539,0.0026978620080049254,0.013191527355283506,0.02370835020903439,0.010516822853750885,0.021010488201029465,-0.6871067451397191,1.8086513609724224,0.7040196091236328,1.5193641923617611,1.1379335830873352,0.18181225631486675,-1.4636383981935333,1.8918161750405769,0.43912691003437465,2.0687575073318327,1.142961171392392,0.07029608741100171,-1.3952886852181077,1.7033959185095184,0.4127169405645572,1.5789722308559029,1.5097436348576887,0.29562819694139997,2.205549236866603,1.6421983292834383,0.17925681520077874,0.9650865455474844,1.3190812573623247,0.46439113437548085
deciduous,NDVI_tower,174,17,0.3750875892068476,0.0010420251677306647,0.039246122965950314,0.041301556611970214,0.0020554336460198996,0.04025953144423955,-0.39691956152960894,1.1490553457149066,0.729770228358442,-2.435913031660172,0.7326117319222596,0.0008842761598325737,0.6013680810611196,1.3330850152234084,0.6519102167649959,-2.661478735411336,1.0744990848063904,0.013251107644590488,0.966876053359814,1.349917085154228,0.47383793598779156,-2.2851931719439835,0.9629034974636169,0.01763319527999603,-2.7512113637510827,1.102598052797087,0.012588335341566665,-3.0168701911518645,1.1676729615849957,0.009775804705289213
deciduous,NDVI,172,23,0.2838375112250395,0.004066556808285382,0.00038745618791669045,0.004069284728369538,0.0036818285404528472,2.7279200841556772e-06,-0.5936942653482595,0.6874663335451042,0.3878089913333497,-0.1832570675579019,0.6076267925864735,0.7629609893671517,-0.5891425590760238,0.713155814707865,0.40874375631381654,-0.016036309833012685,0.6203193544255244,0.9793756250004565,-0.37891889878048896,0.7423585095258605,0.609753220850618,-0.9871611908285358,0.615937322732281,0.1090014616562135,1.3473598648174807,0.7608186356603169,0.07657161748253014,-1.1753868044110094,0.6333181972498394,0.06346521035596327
deciduous,NIRv,197,25,0.31007788011519055,0.009622245021368325,0.050554530175145884,0.05144526173984487,0.0008907315646989877,0.04182301671847655,-1.0461571959162814,0.7255833340102728,0.14935446855595688,-2.3979425839359694,0.7615563379073157,0.0016397625012231794,-0.3347985516705262,0.901109006001052,0.7102349461072803,-2.2941289587683387,0.7822499990804875,0.003359946787008308,-0.37725998964040414,0.9456654627721361,0.6899403680590486,-2.3822024343281596,0.8864636491225096,0.007203011573542065,0.49974133950764676,0.8324613070356844,0.5482944588717104,0.25232301451477096,0.6244227623469002,0.6861465141455212
deciduous,stacked,624,29,0.3253332591267086,0.003958929895301555,0.013515708208585608,0.014220165412277663,0.0007044572036920549,0.010261235516976108,-0.7007323355988964,0.5997325192356557,0.24264218766732426,-1.2947402718569663,0.48316319449016804,0.0073684587806681166,-0.3125959603045407,0.6846612959030699,0.6479799862885318,-1.193042409301246,0.5503696813489855,0.030180682428549866,-0.22793762002419982,0.672335757996262,0.7345920290247923,-1.6610694226273253,0.4900988428308022,0.0007008308151447766,0.27056010547602277,0.678492425501289,0.6900652026783513,-0.9827858622716213,0.5407263251106811,0.06913612785104993
evergreen,NDVI_tower,87,12,0.5333125177771364,0.06361601426454389,0.06852319612105628,0.08624684827656892,0.017723652155512637,0.022630834012025036,-4.562392520119979,1.4952340873790944,0.00227860530411044,-4.735089851516216,1.474418609315883,0.0013204568869998059,-2.8468042859694562,2.3053347481454987,0.21687637688530614,-3.2168534901471046,2.1259484733657197,0.13024460068315588,-1.866693289534746,1.8917064271118393,0.3237517400593838,-3.068284236850597,1.3164016843783437,0.019763299364656164,-4.798611192034464,2.563068095783591,0.061177045056223636,-3.196108978205777,2.169990164199748,0.14078664393725743
evergreen,NDVI,88,17,0.18495958977048266,0.008872733152604062,0.019055624478524713,0.02393722841779189,0.004881603939267176,0.015064495265187827,-1.3888982898179405,1.0533777667728335,0.1873300673615731,-2.0354166644836096,1.6863791517622237,0.22744195745684326,-1.0482905298235654,1.007091983946304,0.2979180516802822,-1.8415252781271616,1.6546053274084023,0.26572152522516257,-1.0981857181095989,1.0115922476212653,0.2776554860781938,-1.317200417437427,1.9777840364885988,0.5054123126059051,-0.39422531447234377,1.657169420927178,0.8119658122183628,1.3209630026389347,1.767329342016158,0.4548012995295002
evergreen,NIRv,213,27,0.10974667974890956,0.032086739092020644,0.02313000826356515,0.04983740656646429,0.026707398302899144,0.01775066747444365,-1.9884009294454161,0.5894365785044086,0.0007424803381572365,-1.6882200739443867,0.8047817441831627,0.03592842486922341,-1.8251065742924395,0.6045641266315781,0.0025371096988441567,-1.4879206872278832,0.76518872814133,0.05183342125445369,-1.8519484463465692,0.6096117199447887,0.002382213227003489,-1.162959486516978,0.8985034734860553,0.1955516559073135,-0.04010172882765645,0.9684400564837846,0.9669701717662079,0.8533538793826426,0.8373699460901832,0.3081610682908976
evergreen,stacked,396,28,0.16746632089516242,0.02151602599999103,0.03377878980602678,0.04760033117893603,0.013821541372909252,0.026084305178945,-2.0474477471995263,0.5395297784345165,0.00014771821360522902,-2.565392612500105,0.7676824311334538,0.0008325597337750849,-1.664512073628603,0.5671090953243079,0.0033345884100887896,-2.2866428994439447,0.7312040902147502,0.0017646220349811614,-1.5043030977019147,0.588503126575677,0.010583705476736528,-1.6124917601694158,0.8006347813139066,0.04400778805222548,-2.009432279187925,1.0706523154682988,0.06054141090990884,-0.47513735126378165,0.872892812985007,0.5862178692985751
