group,eos_source,variable,n_obs,n_sites,r2,pre_b,pre_se,pre_p,post_b,post_se,post_p,r_with_gpp_pre_within,r2_gpp_same_rows,pre_next_to_gpp_b,pre_next_to_gpp_se,pre_next_to_gpp_p,gpp_pre_next_to_it_b,gpp_pre_next_to_it_se,gpp_pre_next_to_it_p
all,GCC,GPP,233,30,0.003440785880513886,-0.784953884270718,1.190382718640117,0.509630572339629,0.3027063197800767,1.1919322761792088,0.7995243871225656,,,,,,,,
all,GCC,NPPd,231,30,0.010001825955967103,-1.045292718984717,1.0248314721085496,0.3077448351151263,1.0915319010933537,1.0262011455152746,0.28748151870692495,0.6681306192572647,0.003915691073280825,-0.46680168963179897,1.4521796226461123,0.7478701539916802,-0.4717439030445849,1.6514104777381715,0.7751376227699267
all,GCC,Ra,231,30,0.0040802783120565955,0.20302732450093267,1.3626274787929136,0.8815560476549997,-0.8876678486176399,0.9487455654490814,0.3494675038939884,0.5211218863563237,0.003915691073280825,0.3951598792777364,1.2293081561616774,0.7478701539916784,-0.9822916002324246,1.1655325121813802,0.39934952313461936
all,GCC,Rg,231,30,0.02597333244825395,-1.882345419779425,1.0990387732884568,0.08676410877791994,1.1420632648490612,0.87828483662923,0.1934866640894921,0.6644156800913439,0.003915691073280825,-2.2529879956329255,1.9240240246719726,0.24160799818414502,0.6944641280338897,1.947398054318218,0.7213828259406294
all,GCC,Rm,231,30,0.007066761769179863,0.6469205531401168,1.3247111997154926,0.6253031066579561,-1.1133687511614097,0.8839290213886039,0.2078252283781845,0.35920385339198313,0.003915691073280825,0.6432060333797376,1.2210918950493321,0.5983695534968823,-0.9980166970438029,1.1045979598490834,0.3662546136998164
all,GCC,SI,256,33,0.0018438388625183766,0.5823259268453476,1.1990112848543064,0.6271999056097491,-0.08254431290656072,1.1708545544167557,0.9437963348932921,-0.055901848170592836,0.003440785880513886,0.6151481307932276,1.1714394170649585,0.5994986674379301,-0.6870391579346323,1.0460066274182664,0.5112959957008516
all,GCC,fT,256,33,0.016062980220743928,-1.6857157880090987,0.7160335864678594,0.01856056188453397,0.3855754380873416,0.858308712894143,0.6532679206278991,0.17769847241584807,0.003440785880513886,-1.73669647878291,0.7108896725689078,0.014566134210259273,-0.41751594042487494,1.04888018020428,0.6905868750531259
all,GCC,fW,256,33,0.01197180569983547,1.5532270493131526,1.0547377775413624,0.14085375821284637,-0.45979716415904376,1.16754359750531,0.6937170079142932,-0.1856427026372752,0.003440785880513886,1.4065780774778198,0.9339945052062851,0.13207202413935848,-0.471663627743961,0.9800997741938876,0.6303456359086905
all,NDVI_tower,GPP,356,41,0.028124605930828217,-2.7792127016357813,1.163895737154022,0.0169470881888414,0.8453597560909167,1.1390943427319842,0.4580066223160941,,,,,,,,
all,NDVI_tower,NPPd,356,41,0.010842508490321756,-1.7057633636761742,1.1423320391390805,0.1353772453618124,0.8111416964348527,1.0647491278273251,0.44617051646637074,0.6817802337543726,0.028124605930828217,0.6244419079266008,1.2883281960830586,0.6278950966106898,-2.9279887909791342,1.4879176996024832,0.04908607694555541
all,NDVI_tower,Ra,356,41,0.007006891263011128,-1.3386617582842164,0.9181419241578161,0.14483729090063527,0.11977041127183911,0.9691180385859244,0.901642269531598,0.3738294821020162,0.028124605930828217,-0.4755520699258863,0.9811435341127006,0.6278950966106902,-2.320676762246766,1.2567169016344184,0.06480244152791041
all,NDVI_tower,Rg,356,41,0.01628581574771837,-2.0267882358029885,1.0868290417753694,0.062200484928429306,0.1345696727710156,1.1130718441555916,0.9037707496837166,0.649426585151782,0.028124605930828217,-0.5712286341874824,0.9918206797589266,0.5646561247220695,-2.1062439198053373,1.2252858495514265,0.08561770904704434
all,NDVI_tower,Rm,356,41,0.0025782082738449175,-0.8048641681001854,0.8580733529038929,0.3482495828518596,0.04514753191383958,0.9967777934703776,0.9638733868232714,0.21443542149564174,0.028124605930828217,-0.33891419796503075,0.9555740343435976,0.7228362360839624,-2.4264867654112825,1.2213328266747812,0.046949765535961266
all,NDVI_tower,SI,385,43,0.002694329183359101,-0.7966379052976204,0.9702306007883599,0.4116001356224658,0.49015226976997084,1.0192077996720588,0.6305769457687695,0.3145663541147634,0.028124605930828217,-0.05053840725454578,0.9148125545400955,0.9559436379078823,-2.4738604362393843,1.1588949037110934,0.03278781630721181
all,NDVI_tower,fT,385,43,0.03608336708223936,-2.9228975289767,0.9457292755648352,0.001997335891811006,0.08890909310802105,0.8553547759688577,0.9172136999282537,0.4148880271534514,0.028124605930828217,-2.7729818541133957,1.0163277872922325,0.006363609558406298,-1.3441918323693014,1.252295953810153,0.283099794230081
all,NDVI_tower,fW,385,43,0.009286445830141932,1.6168489624344802,0.9040087782167469,0.0736901580428491,-0.6583981163150031,0.9549929696108483,0.49055447982332834,-0.07174443958389524,0.028124605930828217,1.3598895718716073,1.0076848737702875,0.1771704208899082,-2.3929795212354334,1.201119453239432,0.046339134535020164
all,NDVI,GPP,446,67,0.010246211494467916,-1.1763733355982866,0.6222779106260042,0.05870036585610425,-0.04602659569369512,0.6220955158426169,0.9410212221504377,,,,,,,,
all,NDVI,NPPd,441,66,0.009764974799555848,-0.9704261719756223,0.5064069599698338,0.05532729403284237,-0.4298750695555009,0.5222082276499498,0.410401611131629,0.7780404536138463,0.011981908329929847,-0.23509980253801807,0.8446818990486485,0.7807595127375055,-1.107090255778188,0.8303858387282121,0.1824583347093779
all,NDVI,Ra,441,66,0.002327977063433684,-0.49086325510357576,0.6050316545615736,0.41719239114277795,0.4551939153067593,0.5426830725671705,0.4015904925942083,0.3864895064703679,0.011981908329929847,0.16125971011084017,0.5793844006076257,0.7807595127375083,-1.3522162701467957,0.5557139747618457,0.0149620878293604
all,NDVI,Rg,441,66,0.013717386263907949,-0.6627462977536814,0.5799336892434374,0.2531230153715791,-1.0516878053224146,0.6686792182814354,0.11576890068954485,0.7616368365800653,0.011981908329929847,0.08675533413278368,0.7729378932671023,0.9106323088772909,-1.3553125753827935,0.7405045630305053,0.06721173693772944
all,NDVI,Rm,441,66,0.0024467356213891955,-0.24251362003161067,0.5870799871144179,0.6795447337760743,0.5910242680812916,0.5208397544450448,0.25647898946558834,0.17108276899073138,0.011981908329929847,0.12595834283928128,0.545759215101773,0.8174742867549061,-1.3116548976289901,0.5192767992744656,0.011539370292080284
all,NDVI,SI,497,73,0.009555069116573334,-1.077282644339464,0.48485645092231144,0.026292839431838085,-0.14895899136751736,0.584389081534486,0.7988026961631454,0.18293188380649814,0.010246211494467916,-0.9826470633576447,0.4753556569454358,0.038716927257237924,-1.0077592821422958,0.49658548012206377,0.04241987922886992
all,NDVI,fT,497,73,0.01438833529057626,-1.3312744377630172,0.5388636499280879,0.013491606510861513,0.3968696523934083,0.5988140748015276,0.5074846647764535,0.24382427065141193,0.010246211494467916,-1.011091319773192,0.6041430158731144,0.09421003007472913,-0.9416817906609245,0.500359721481912,0.05983471454466994
all,NDVI,fW,497,73,0.0005792153616072104,-0.053532134252844886,0.5722005138520379,0.9254627753182828,-0.2538166145109612,0.63079249751665,0.687406335562019,-0.015554201270646491,0.010246211494467916,-0.33856211788698487,0.5128618896859451,0.50916215239924,-1.1985019461803565,0.5098776309903527,0.01874479188077809
all,NIRv,GPP,675,88,0.02208286077660715,-1.9028608989717366,0.5176515431337666,0.00023696645700382673,1.0901499339997913,0.5638085439185686,0.053168933015121475,,,,,,,,
all,NIRv,NPPd,672,88,0.01052267517597505,-1.2213173398070918,0.4843361259006756,0.011681193166898222,0.7715920718046068,0.45152535736270966,0.087477521617759,0.6870679048016265,0.023167533266994833,0.06458095502614292,0.6967518924253198,0.9261509566742661,-1.571877408207826,0.7144035313211292,0.027788066976346178
all,NIRv,Ra,672,88,0.0032989346970961897,-0.7430446673245721,0.5464836497798412,0.17393017954595535,0.22721608273672272,0.4824497435932296,0.6376670032167766,0.41084316673909144,0.023167533266994833,-0.051499111267714726,0.555614317246883,0.9261509566742654,-1.5063650476499573,0.455448851237132,0.0009415634839756823
all,NIRv,Rg,672,88,0.007653694545411427,-1.0650587809998433,0.4536049248742861,0.018875144968183016,0.5236098943907936,0.48331669119572507,0.27864506085212326,0.6767387642394597,0.023167533266994833,0.16643828862488813,0.5783234460067725,0.7735040720039775,-1.6402284061029313,0.6473485997315095,0.011284478756782944
all,NIRv,Rm,672,88,0.0012304597500847336,-0.4448330328183101,0.520817416647138,0.39304652318458844,0.06907055232758688,0.46951808784699195,0.8830456231791068,0.23889972895488393,0.023167533266994833,-0.06379544153680383,0.5169168411708109,0.9017782504567581,-1.5122921537688887,0.4343865508760292,0.0004987193275384145
all,NIRv,SI,751,94,0.015155592674594431,-1.5276033741293018,0.583665083442474,0.008863875300042751,0.3863089297389504,0.539025123752958,0.4735711066348127,0.23202312997290328,0.02208286077660715,-1.254416220836266,0.5835028919970746,0.03157080715778937,-1.2175788227126756,0.4441066293787233,0.0061134005116643495
all,NIRv,fT,751,94,0.030226364795265415,-1.9868131745782112,0.521787892223311,0.0001402637477394017,-0.46468629000290107,0.48682416966124115,0.33981749372112025,0.17402897190084843,0.02208286077660715,-1.7541466681730593,0.5432069929245628,0.0012411895084016532,-1.2066242871932302,0.45551292987360176,0.008074578429385052
all,NIRv,fW,751,94,0.0004539095600470944,-0.050466232993027424,0.6422120027470015,0.9373651926288449,0.2687322738820702,0.5717916638089178,0.6383672727935752,0.08299558393662056,0.02208286077660715,-0.052701949868852876,0.5881099209130852,0.9285952189399849,-1.5054106115431258,0.43619886401721875,0.0005580946529099276
deciduous,GCC,GPP,104,9,0.013748541858796925,0.43859189812235333,1.2855879579411602,0.732982718182999,-1.6940437621506936,0.9317405943524127,0.06904127517966391,,,,,,,,
deciduous,GCC,NPPd,104,9,0.009481471497788108,-1.0105652461991195,1.502946529974832,0.5013358585353775,1.1707028490792017,1.3004675786704027,0.36800485182949905,0.6498158930410063,0.013748541858796925,-0.9300767654723496,2.489510417692321,0.7087032271274264,0.3900734207704546,2.527619998265832,0.8773539652441572
deciduous,GCC,Ra,104,9,0.03386010535018058,1.2918684383153858,2.125746995661738,0.5433702395363393,-2.535486109229092,1.0015184807393562,0.011352988335530194,0.4572429226487107,0.013748541858796925,0.7949064623179506,2.127703854666721,0.7087032271274247,-0.5777705972442594,1.2961926903010652,0.6557819083367833
deciduous,GCC,Rg,104,9,0.04108044174255565,-2.320996320985833,1.638397220092355,0.15659226335382673,1.608862623210145,0.9256872233556482,0.08220734395400028,0.5916161230309124,0.013748541858796925,-3.197759889006457,3.2574158004834177,0.32625450387603083,1.6775410647361095,3.1161908370466436,0.5903487890694337
deciduous,GCC,Rm,104,9,0.04101848682250897,1.638515340216947,2.2350683683180956,0.4635010639486107,-2.6131101667222736,0.9403176906125428,0.005453236198103676,0.310812054497696,0.013748541858796925,1.182874388323413,2.216108689782961,0.593506275705808,-0.5819568620291571,1.1889415503706295,0.6245056301804313
deciduous,GCC,SI,116,10,0.01975680328227225,-1.769380142303861,1.3873084217092384,0.20216591845451715,1.3172445686240177,1.0777635450927598,0.22163131499939503,-0.0024482682456641778,0.013748541858796925,-1.5484073344575109,1.3014962420301033,0.23415911261347888,-0.21809615968995777,1.2388617267639592,0.8602581158846607
deciduous,GCC,fT,116,10,0.008384585371641218,-0.29788659931271955,1.225796662879993,0.8079940154704022,1.2533662076627587,0.6725330494922482,0.0623708733006026,0.3648720931881673,0.013748541858796925,0.08360265268895595,1.2180811113547851,0.9452803836300274,-0.24480951806435325,1.2266956649565548,0.8418182540899036
deciduous,GCC,fW,116,10,0.010911487000267006,-1.4950005782420455,1.2429740585489555,0.22906886546628713,1.0315056747824352,1.4001948507132371,0.46131257054609043,-0.30483676886115907,0.013748541858796925,-1.400021795120192,0.843230048951464,0.09685245971524048,-0.6410833635412906,1.3310370453040805,0.6300602746033436
deciduous,NDVI_tower,GPP,174,17,0.05921707334452775,-1.1815035454283886,1.2207217304190585,0.33310782393904936,3.06775701614258,1.2144936715711734,0.01153840829298788,,,,,,,,
deciduous,NDVI_tower,NPPd,174,17,0.04661262387967158,-0.9274973949913794,1.1588374249344358,0.4234971143135302,2.724098526900101,1.0168761452107389,0.007386683126884917,0.6664981723809109,0.05921707334452775,0.0038746653514861243,1.3829435156726726,0.9977645279199527,-0.3995031860795672,1.4869023430266466,0.788174771619679
deciduous,NDVI_tower,Ra,174,17,0.00011717745929229473,-0.12742695900878576,0.9522226928534134,0.89354448134831,-0.015582350249311497,1.2659039849018554,0.9901788738547287,0.326605395966976,0.05921707334452775,-0.0030548313183701645,1.0903287845485017,0.997764527919955,-0.39592252661906013,1.2008114399997474,0.7416172174333306
deciduous,NDVI_tower,Rg,174,17,0.039844243647082944,-1.835706888524434,1.0507933702594476,0.08064214681620778,2.235679165177031,0.8936755244934248,0.01236098961345985,0.6342359610365211,0.05921707334452775,-1.5816335612025822,0.8157775549163417,0.05252509321773993,0.6060983839770282,1.160431187059731,0.6014583647010736
deciduous,NDVI_tower,Rm,174,17,0.0010724364017986598,0.26753073350571643,0.8930316780889177,0.7645006993952523,-0.39525071988249255,1.2829994053654519,0.7580307923239162,0.16949256005246854,0.05921707334452775,0.21824965689812914,1.0134298987271169,0.82948865842376,-0.43385357304973815,1.1753622485889126,0.7120358344464002
deciduous,NDVI_tower,SI,189,18,0.04825937135952274,0.5192853933967493,0.7976931615251633,0.5150568895151879,2.4565961125620426,1.285097285219988,0.0559271056049527,0.2034857122267748,0.05921707334452775,1.4134521658865267,1.0812622432868457,0.19113658051277682,-0.6845771992009956,1.236301724265738,0.5797637263680546
deciduous,NDVI_tower,fT,189,18,0.017277093989802483,-1.2103933131602238,0.8462819290198668,0.15264575961517493,1.1720571038426628,0.9292427507012032,0.20719953230920451,0.40270413673415695,0.05921707334452775,-1.7938913267752086,1.1853064429295652,0.1301676860555311,0.32888267732215615,1.4735101722984956,0.8233823835046392
deciduous,NDVI_tower,fW,189,18,0.03839712031106779,1.4896648302956457,0.7752359922420745,0.05466076292634138,1.281593703314964,1.3622321738351002,0.3468052259310236,-0.1655956143569611,0.05921707334452775,2.5581088840007604,0.9421984220781262,0.006626723921864629,0.025487910079653633,1.1668383521071213,0.9825727421497609
deciduous,NDVI,GPP,170,23,0.01306563588364451,-1.0786561624310786,0.8229650072068302,0.18996081123258413,1.0049043971676876,0.8691939861747008,0.24762650270826603,,,,,,,,
deciduous,NDVI,NPPd,169,23,0.015617269794732325,-0.5552542836292256,0.49646218806512343,0.2633867593344469,1.1736609810932677,0.6193491471928806,0.05809361085793148,0.7574103910986766,0.013301461597240105,0.41523665408218363,0.9227712871531142,0.6527185868033625,-0.9132268789206516,1.1512259940533844,0.4276236511221353
deciduous,NDVI,Ra,169,23,0.006389126281783231,-0.3910532916136965,0.6934323846488266,0.572795915890425,-0.5686527918989381,0.5682394388105038,0.3169586035034301,0.4295060610458433,0.013301461597240105,-0.3002224772452985,0.6671778106205173,0.652718586803362,-0.46997565704511424,0.637896408257745,0.46126917094047304
deciduous,NDVI,Rg,169,23,0.0010642794073997264,-0.24537664750643962,0.7666040958759945,0.7489057003814463,-0.1260930567357139,1.108795631890112,0.9094591732029459,0.7212833221091504,0.013301461597240105,0.31327264273626226,0.7738688474672472,0.6856145229729856,-0.8246694546009922,0.8677270477109995,0.3419197744870839
deciduous,NDVI,Rm,169,23,0.005044933669589136,-0.3452872186924306,0.6178179653285818,0.5762423888103612,-0.5263984514683747,0.5512646210359408,0.33963206354470676,0.22894899967400442,0.013301461597240105,-0.2933190859909122,0.5959321664773778,0.6225764537285434,-0.531599797338547,0.6546861505475663,0.4167963266235897
deciduous,NDVI,SI,194,26,0.05014885474298403,-2.0021533725186016,0.49699932214697307,5.613789417294101e-05,0.9182080911679218,0.5125010371447059,0.07319354974162079,0.16318350030122616,0.01306563588364451,-1.5571221811675164,0.5658538802514662,0.005926695500476934,-0.34689797169430053,0.713393752015672,0.6267797294493671
deciduous,NDVI,fT,194,26,0.012613303031107304,-1.002314444826899,0.5401178831607869,0.06349166025259988,0.28023472501233826,0.47336611118847344,0.5538477772754258,0.38480813205209347,0.01306563588364451,-0.4417996246496263,0.7255722024444277,0.5425919022370052,-0.43259498373063154,0.773418571911937,0.5759376064874301
deciduous,NDVI,fW,194,26,0.0215689740231233,-1.397005089163509,0.8575824629840525,0.10331221497110521,1.1165331447119842,0.5308508512135995,0.035440450450161615,-0.1803061993553791,0.01306563588364451,-1.2298361810295377,0.8781512206687924,0.16136861986170814,-0.8202269489676294,0.6882937261388986,0.23338612679955928
deciduous,NIRv,GPP,195,25,0.044255911086166,-2.1075559407515794,0.8978299973761797,0.018905523333054685,2.2512975148621517,1.1611448205052948,0.052518359620980275,,,,,,,,
deciduous,NIRv,NPPd,194,25,0.035706009324863563,-0.9831179313630849,0.9267012638393609,0.28874488356676264,1.9862966500882213,0.7097425449754154,0.005132217434280978,0.7282605228185258,0.04419052052514394,0.42059457540841516,1.6048276646276358,0.7932591214630655,-1.3630220808136506,1.4411817130539346,0.344267449273595
deciduous,NIRv,Ra,194,25,0.006544899281750061,-0.6269193888675704,1.003195767163866,0.5320220668680571,-0.44993434176979086,0.9072402004115895,0.6199385815221028,0.47112700994069956,0.04419052052514394,-0.32677847860204273,1.2468614036599284,0.7932591214630655,-0.9029512039699239,0.8958949163931825,0.3135138771500475
deciduous,NIRv,Rg,194,25,0.029629026446162054,-1.6442727578094283,0.6000818810926662,0.00614241077272036,1.4842367577471671,1.0030689849280263,0.1389545019097479,0.7173026285001604,0.04419052052514394,-0.8848167339586099,0.8331141376914011,0.2882087020896166,-0.42219905133303604,1.0553034328207078,0.6891023027185987
deciduous,NIRv,Rm,194,25,0.005934708882371464,-0.32343513341986463,1.0217952973901685,0.7515956028384898,-0.6947913962106285,0.8926184656563362,0.4363483039740429,0.3004310244801174,0.04419052052514394,-0.16724386469127706,1.1410642162380078,0.8834727608995259,-1.0065206691547268,0.7726457540651483,0.19267939219298447
deciduous,NIRv,SI,224,28,0.014734994244003596,-0.867252448684678,0.8729390358596568,0.32047331609744434,1.1980196119723001,1.093257689957988,0.2731551639640972,0.23128446524634602,0.044255911086166,-0.2901872417836267,0.9579891513786064,0.7619562642132263,-0.9844843397019992,0.786736901831923,0.21080629276989804
deciduous,NIRv,fT,224,28,0.06440080097563261,-2.6709194073667097,0.7189629179821782,0.00020323480630101063,-0.2975122514191648,0.5549838777459422,0.5919076274466939,0.39069597139580386,0.044255911086166,-2.6691658180765887,0.982581118407158,0.0065979398179203935,-0.012205369027594865,1.0007035837843636,0.9902686127867455
deciduous,NIRv,fW,224,28,0.02802123362126463,1.5628730501441137,0.8513551131057564,0.06639500414334645,0.42407826133792254,0.9128995393763205,0.6422609793791396,-0.09591059073064044,0.044255911086166,1.5124585080583317,0.8842005677350011,0.08716646676358814,-0.9109959707756445,0.7386250879229662,0.2174387893834966
evergreen,NDVI_tower,GPP,86,12,0.06984221903416865,-5.110557845614892,2.3820561459168133,0.03191770703619305,0.7294106010573224,3.3109146249108536,0.8256337311415491,,,,,,,,
evergreen,NDVI_tower,NPPd,86,12,0.014304899844744257,-0.8941705784509344,2.2327779595586845,0.6888070808924893,-1.5772235910223245,2.687986134538578,0.5573596953157967,0.5173598406070716,0.06984221903416865,2.00078217138812,3.4127549131067934,0.5576967755177591,-6.000255470473961,1.6532935068074228,0.0002842192168459774
evergreen,NDVI_tower,Ra,86,12,0.03528701572065618,-3.5184775446162733,2.488506649440613,0.15739386290580049,1.5381174051531243,2.2007691381870162,0.4846145688352601,0.43500842648821314,0.06984221903416865,-1.670990703404613,2.850226183714651,0.5576967755177595,-4.203781912521402,2.08618068894669,0.04389822947371684
evergreen,NDVI_tower,Rg,86,12,0.015990617386845152,-0.0649908294953655,2.3268978492320596,0.9777177849778811,-2.2731701363708154,3.352042211311325,0.4976798610821427,0.46706861322571225,0.06984221903416865,2.6912561741570906,2.704742156953981,0.3197294802293801,-6.333059830818187,1.4780286464143917,1.8290215527849287e-05
evergreen,NDVI_tower,Rm,86,12,0.03092181287070983,-3.235449601506921,2.431270030769525,0.1832662747712478,1.8648287071838587,2.249526280072587,0.407111596182266,0.3223551562954776,0.06984221903416865,-1.7853679246336935,2.7217542108845407,0.5118484352098246,-4.410090454152293,1.740636599261695,0.011289501154955453
evergreen,NDVI_tower,SI,89,12,0.043270732460494954,-3.8830417749988815,2.270386749089116,0.08721046731230056,0.7799439306475247,2.423793024549639,0.7476144245586396,0.4693069621194835,0.06984221903416865,-2.2713090317476268,2.3583719999569284,0.3355056486865138,-3.7731744489298396,1.0902642514346932,0.0005385949248744268
evergreen,NDVI_tower,fT,89,12,0.09526532829797374,-5.57678680267608,1.6894683870042144,0.0009637103710400961,1.0297533286392426,2.0678070937933426,0.6184890201439768,0.5205894856396108,0.06984221903416865,-4.549817089946297,2.4257183731740595,0.06070231226613625,-2.421736488581547,2.3427503355570853,0.30126935361217966
evergreen,NDVI_tower,fW,89,12,0.013331410788760323,2.102992461487273,1.4089676841372412,0.13554800293229569,-1.1466510745306848,1.7030088746458463,0.5007507759785841,-0.004361485178963568,0.06984221903416865,1.6645084141146083,1.5149668022949951,0.2718947985646124,-4.7222318278767,1.5039577073254649,0.0016902276765403596
evergreen,NDVI,GPP,82,15,0.015952232820419132,-1.2562919011220282,1.617300034598818,0.4372865424212441,-0.9020659278304778,1.8327093985124903,0.6225755107367548,,,,,,,,
evergreen,NDVI,NPPd,82,15,0.08507436415746017,0.9637748669078997,1.2603146758121804,0.4444444244545078,-4.7361233204354845,2.009406709098555,0.018424439246787196,0.7875048342158915,0.015952232820419132,0.9672365201003967,2.4572517065078907,0.6938576754396438,-2.519608576214303,2.294887616751078,0.27223836505731913
evergreen,NDVI,Ra,82,15,0.060428443317725344,-2.6044959325243062,1.9573926601965552,0.18332246908286787,3.7857246342728157,1.648975531387258,0.02168709017174602,0.36782169085534,0.015952232820419132,-0.6528585296057027,1.6585785406606797,0.6938576754396412,-1.52183810072876,1.142785164487629,0.18296135027887284
evergreen,NDVI,Rg,82,15,0.09464060773292637,0.5442660998243374,1.499438749843552,0.7166199130723505,-4.87115068227891,1.7967542498613842,0.00670637487841363,0.8128384535144472,0.015952232820419132,-0.25195177141122893,3.2444895602157167,0.9381022616071121,-1.5615155010177832,2.8780135439377865,0.5874278870278744
evergreen,NDVI,Rm,82,15,0.07062499439539316,-2.0936633403043103,1.995744640727443,0.29414878246240106,4.174393089841953,1.6333000579066985,0.01059430973587974,0.13641786481527834,0.015952232820419132,-0.5188723597905682,1.6420268719539644,0.7520062670313896,-1.6892395443978274,1.0296156900820623,0.10086997607894159
evergreen,NDVI,SI,89,17,0.009270611820942354,-1.339540834999972,1.4789026801172778,0.36505933755261,1.1645176005061157,0.9910100548014074,0.23996210367951054,0.32166083901944276,0.015952232820419132,-0.7136377379145024,1.4311190627206847,0.6180209440067874,-1.5170561038467838,0.9301083173308112,0.10287910437674275
evergreen,NDVI,fT,89,17,0.01108248978059867,-0.9613686059854373,1.5522330933889747,0.5356887656947279,1.139782695030507,1.4756780249622385,0.439889996831035,0.15950485410404341,0.015952232820419132,-0.883410497082995,1.6764596034153607,0.5982282655349842,-1.6099712528539045,0.8548205673028768,0.05964583241629305
evergreen,NDVI,fW,89,17,0.0008243723289784732,-0.3785746575694378,1.1571912732173057,0.7435547415632635,0.31515971199083065,1.2486267866111391,0.8007279937584394,0.22611402485203635,0.015952232820419132,-0.14208869512648592,1.3076128227706316,0.913470054849959,-1.7295658316143392,1.0546947244455365,0.10103149107735142
evergreen,NIRv,GPP,211,27,0.034214593463287035,-2.1669144505199336,0.6628897395599983,0.0010796980135832268,0.3453567864866851,0.7511529594451778,0.6456820925536031,,,,,,,,
evergreen,NIRv,NPPd,211,27,0.010298677933559097,-0.7927472850506064,0.7614861940209525,0.29785107395992527,-0.6062122658930917,0.8233365242064125,0.4615558442322494,0.6657529428869853,0.034214593463287035,0.6817770670558737,1.0794974609513626,0.5276685878283813,-2.490328746354029,1.0937498836944604,0.022793856114253212
evergreen,NIRv,Ra,211,27,0.014585858239154814,-1.366720333002653,0.8556939296506128,0.1102195732172887,0.7740753142251119,0.6912380578988941,0.2627823896665331,0.3147363106464765,0.034214593463287035,-0.5372343584008425,0.8506345458845058,0.5276685878283811,-1.8677021264025702,0.5748930465318319,0.0011590030309569198
evergreen,NIRv,Rg,211,27,0.0036035529883334805,-0.5418307669061458,0.833230324201674,0.5155131161952701,-0.30274363336053023,0.881108424579679,0.7311515818395466,0.6370244148915053,0.034214593463287035,1.1746086575348482,0.9370999595035926,0.2100417078535387,-2.7857040435674296,0.9528183657356126,0.0034595742859922607
evergreen,NIRv,Rm,211,27,0.01007630196018805,-1.0904762902858585,0.8086982857151888,0.17751882423405319,0.7090462953474981,0.7134418970831177,0.3203013146145248,0.1492533915415732,0.034214593463287035,-0.5959441202817268,0.8055987705399971,0.4594498725548978,-1.9478081826796607,0.5826255332139798,0.0008283125141923582
evergreen,NIRv,SI,217,27,0.007369691687041158,-0.9455954345051952,0.8449542317501166,0.2630938683651799,0.648663982885162,0.8074110641737081,0.42175077863502475,0.280042116868178,0.034214593463287035,-0.16475593744322437,0.888900375849,0.8529560646539776,-1.991382384183211,0.6719677621579448,0.0030415335376357093
evergreen,NIRv,fT,217,27,0.018823394957974138,-1.1495569056966262,1.012416834543116,0.2561834238398085,-0.8545940604185215,1.1316740175402127,0.4501534581029242,0.10947160226015175,0.034214593463287035,-1.0728573329040114,0.8970320813646516,0.23169352969932666,-1.9205642989116976,0.6161215985594793,0.0018258766452803267
evergreen,NIRv,fW,217,27,0.0034377756270337345,-0.19637071024088018,1.0799993997801627,0.8557201956359565,0.6874821388977244,1.0077387012201198,0.4951107399461212,0.18836503416038544,0.034214593463287035,0.4768102753375101,0.9907116457752247,0.630317097499191,-2.127490226583775,0.6890306761512126,0.0020174133626470587
