satellite,phenocam_level,satellite_level,n_obs,n_sites,r_within,lag_days_satellite_minus_phenocam,rmse_within_days
NDVI,EOS90,EOS90,110,18,0.4500934380881454,16.952272727272728,12.678327762572158
NDVI,EOS90,EOS50,110,18,0.4869636659968943,41.20227272727273,11.333445029450225
NDVI,EOS90,EOS10,110,18,0.1844069675518086,69.11363636363636,15.323899869862315
NDVI,EOS50,EOS90,110,18,0.5086164516981988,-7.459090909090909,10.895037164004115
NDVI,EOS50,EOS50,110,18,0.6183595938016269,16.79090909090909,8.50753979529855
NDVI,EOS50,EOS10,110,18,0.320334190487593,44.70227272727273,12.688640167894702
NDVI,EOS10,EOS90,110,18,0.31881720231167726,-35.35,14.148240855290963
NDVI,EOS10,EOS50,110,18,0.4520955830672284,-11.1,11.726528625459972
NDVI,EOS10,EOS10,110,18,0.32312908373851484,16.811363636363637,14.017389548697611
NIRv,EOS90,EOS90,147,24,0.2377559251084496,-12.037414965986395,14.991121076298477
NIRv,EOS90,EOS50,147,24,0.31836833526902825,24.358843537414966,12.030143384505994
NIRv,EOS90,EOS10,147,24,0.19029686427013726,67.6343537414966,13.890200470730061
NIRv,EOS50,EOS90,147,24,0.22370002986293153,-38.50170068027211,14.52397080821178
NIRv,EOS50,EOS50,147,24,0.36307939505352255,-2.1054421768707483,10.8898042755817
NIRv,EOS50,EOS10,147,24,0.2750173079547757,41.17006802721088,12.447542496366088
NIRv,EOS10,EOS90,147,24,0.11359755130011122,-70.50170068027211,18.186321723383696
NIRv,EOS10,EOS50,147,24,0.24766993852358704,-34.105442176870746,14.97475391080405
NIRv,EOS10,EOS10,147,24,0.2712107170704003,9.170068027210885,15.333109046579665
