target,pair,sample,group,eos_source,n_obs,n_sites,b_pre,se_pre,p_pre,b_post,se_post,p_post,b_total,se_total,p_total
EOS90,GCC vs NDVI,own,all,GCC,233,30,-0.784953884270718,1.1903827186401175,0.509630572339629,0.3027063197800773,1.1919322761792097,0.7995243871225653,-0.3345920818728588,0.9189551172079367,0.7157829112862264
EOS90,GCC vs NDVI,own,deciduous,GCC,104,9,0.438591898122355,1.2855879579411602,0.732982718182998,-1.6940437621506947,0.9317405943524143,0.06904127517966412,-1.1416402619768589,1.2261834581918698,0.35182679247193305
EOS90,GCC vs NDVI,own,all,NDVI,446,67,-1.176373335598285,0.6222779106260036,0.058700365856104365,-0.04602659569369555,0.6220955158426166,0.9410212221504372,-1.0265934757539907,0.48891088460718046,0.035750326401511365
EOS90,GCC vs NDVI,own,deciduous,NDVI,170,23,-1.078656162431078,0.8229650072068297,0.18996081123258413,1.0049043971676876,0.869193986174701,0.24762650270826603,-0.04614493072365644,0.7193890119448788,0.9488550778701287
EOS90,GCC vs NDVI,sites,all,NDVI,183,27,-0.1203632953481545,1.2054577989816588,0.9204645092550767,-1.0611637085017376,1.0203647754091332,0.29834703010802377,-0.9937328314235458,0.911684792347406,0.2757148797390464
EOS90,GCC vs NDVI,sites,deciduous,NDVI,56,7,0.7048569893089418,0.8859114755517222,0.42624762163933927,-0.05684277515247227,1.5724242028062143,0.97116293656498,0.5501834007286097,1.4893023854291543,0.7118120338894973
EOS90,GCC vs NDVI,shared,all,GCC,99,16,-1.4170127316688002,1.2591045113604762,0.2604140156305459,0.3512171971534,1.2856648280604621,0.7847152839723802,-0.7753835144125105,0.6821489942191012,0.25567306665133505
EOS90,GCC vs NDVI,shared,deciduous,GCC,49,7,0.21454144412121817,2.0605720145464628,0.9170761659667336,-1.1106714924476107,1.3806236435773662,0.42112509085285377,-0.8452128368747156,0.894149192797746,0.3445208051216464
EOS90,GCC vs NDVI,shared,all,NDVI,99,16,-0.8727628585892191,1.6671445880357565,0.6006210650980994,-1.592325474970548,1.2214898475190992,0.19237242768811513,-1.9667021880828326,1.265859494960888,0.12026800422142234
EOS90,GCC vs NDVI,shared,deciduous,NDVI,49,7,-0.03252368616990639,0.8073731429746688,0.96786723639893,-0.9392263454518686,1.0919255578454257,0.38970304259954625,-0.8969553758410147,0.5817700705873705,0.12312960575272251
EOS90,GCC vs NIRv,own,all,NIRv,675,88,-1.9028608989717355,0.517651543133766,0.0002369664570038245,1.0901499339997918,0.563808543918569,0.05316893301512159,-0.6766050442180501,0.47111155723132353,0.15094868420565702
EOS90,GCC vs NIRv,own,deciduous,NIRv,195,25,-2.107555940751578,0.8978299973761799,0.018905523333054782,2.2512975148621517,1.1611448205052952,0.052518359620980344,0.1686421023188687,1.0512561449726012,0.872550541968005
EOS90,GCC vs NIRv,sites,all,NIRv,266,34,-0.9051382795916451,1.1859617620331016,0.44533796320307284,0.7156270297383369,0.7951329645278502,0.36811532366385813,-0.10266204515829241,0.8554882959349501,0.9044799536749755
EOS90,GCC vs NIRv,sites,deciduous,NIRv,57,7,0.41906932082406084,2.158237427704055,0.8460411907647087,1.9885950659919434,1.4735712400742385,0.17717409450091126,2.1876596107254542,1.6943634607972693,0.19665530539278797
EOS90,GCC vs NIRv,shared,all,GCC,137,23,-0.8419620594738535,1.0347831330863182,0.4158395250618434,0.7179205993083585,1.054763138220091,0.4960953397143615,-0.052277904261889004,0.736739643040096,0.9434308229602898
EOS90,GCC vs NIRv,shared,deciduous,GCC,50,7,0.06451766139912907,2.072452583884544,0.9751650133429096,-0.9385118066095752,1.4397286502550395,0.5144868806308243,-0.8127060700398161,0.8859088079925549,0.3589488427142894
EOS90,GCC vs NIRv,shared,all,NIRv,137,23,-0.9043344959789887,1.5636115774274606,0.5630193219802251,1.125645644142247,1.1114956058697525,0.31118884365966526,0.23658254890300046,0.9041226634732173,0.7935752133907148
EOS90,GCC vs NIRv,shared,deciduous,NIRv,50,7,-0.17299599377285707,2.1515411646185183,0.9359146600467321,1.6492404830326386,1.2887717516578383,0.20065086324802162,1.3775761958469734,1.3843084174506533,0.3196697532618328
EOS10,GCC vs NDVI,own,all,GCC,233,30,0.6225812425617422,1.108397812044076,0.5743240053893244,-0.022710757774566888,1.4768491123188647,0.9877307379064777,0.44434459230305,1.026409131039937,0.6650788698856727
EOS10,GCC vs NDVI,own,deciduous,GCC,104,9,-1.7644011929215382,0.664372718590737,0.007913460469002235,2.4197913492193157,1.208871552272963,0.045317615051507776,0.7407298378579867,1.2174521212767992,0.5429048009079489
EOS10,GCC vs NDVI,own,all,NDVI,446,67,0.30424438048555985,0.71644638406933,0.6710863188113383,0.4421539718001714,0.7660528046971691,0.5638146796122019,0.6280027181244012,0.6572472972904575,0.3393226554247205
EOS10,GCC vs NDVI,own,deciduous,NDVI,170,23,0.5474837514378285,0.7765942496432279,0.48082241229732103,-0.2774789315963021,0.9884827658398775,0.7789313370543831,0.22499502065809335,0.7912103663134612,0.7761282717436054
EOS10,GCC vs NDVI,sites,all,NDVI,183,27,-0.5608542183552497,1.0983573806693376,0.6096101719285522,1.9115663799210487,0.9746558285892203,0.04984715896104733,1.1857590943924319,0.952538334494299,0.213190077743166
EOS10,GCC vs NDVI,sites,deciduous,NDVI,56,7,-2.381734334834396,0.7502737528105733,0.001501015729653788,0.904240864691461,1.3620074308070187,0.5067523747345942,-1.2027722559499852,1.4721815231363615,0.4139284468551665
EOS10,GCC vs NDVI,shared,all,GCC,99,16,1.0701281491400594,1.2779236709290402,0.40237002272849853,-0.26651892417833734,0.9867939898616048,0.7870943398149687,0.5845161058690334,1.146907290559488,0.61029986176207
EOS10,GCC vs NDVI,shared,deciduous,GCC,49,7,-0.4602626507608006,0.6996810947365675,0.510655240572336,0.3196737063750197,0.9028869030361846,0.7232959355894928,-0.09612840442745685,1.1562572177972987,0.9337421602296657
EOS10,GCC vs NDVI,shared,all,NDVI,99,16,-0.19761117456818264,0.856378292463953,0.8175073183340023,0.8246164226285716,0.9869226023288975,0.4034119608049329,0.5304805907475437,0.9844650932885342,0.5899892558012525
EOS10,GCC vs NDVI,shared,deciduous,NDVI,49,7,-1.4518515307697768,0.5872790551528727,0.013429700056645979,0.7026704072813411,1.8137083469617497,0.6984438634410277,-0.5861604113175746,1.3605924764148707,0.6666046216663654
EOS10,GCC vs NIRv,own,all,NIRv,675,88,0.854232358336426,0.5943184165090578,0.15062392884898998,0.28265404376623343,0.5850942070406265,0.629030762268173,0.9388490323665186,0.5871216717598186,0.10980490563250007
EOS10,GCC vs NIRv,own,deciduous,NIRv,195,25,0.1626510138618486,0.7322589846584288,0.8242187168320437,-0.3621915411913179,0.9452715913222949,0.7016001317357773,-0.17645128192640824,0.6243916027861607,0.7774856720464719
EOS10,GCC vs NIRv,sites,all,NIRv,266,34,1.5033257131985238,1.0648805592771793,0.15802895609070466,1.0246745136957645,0.8266614385194037,0.21514800509447485,2.0213107190249775,0.8378233479971657,0.015840327092293938
EOS10,GCC vs NIRv,sites,deciduous,NIRv,57,7,-1.4950386205304105,1.3855454831580958,0.28057645262036557,1.1824621206034556,1.2887864127081066,0.3588804543813885,-0.18569505276554796,0.548054737395242,0.7347410082226842
EOS10,GCC vs NIRv,shared,all,GCC,137,23,0.5772275051011294,1.0529405487867445,0.5835509983069771,0.13596289897570554,0.9560983652876414,0.8869173134264219,0.5544835865464711,1.0409678948314742,0.5942678775152064
EOS10,GCC vs NIRv,shared,deciduous,GCC,50,7,-0.4631206870847161,0.6912198650416209,0.5028546753058942,0.3251235560131841,0.8839990131076505,0.7130318851918731,-0.09244868257976657,1.1432825612737711,0.9355513053870848
EOS10,GCC vs NIRv,shared,all,NIRv,137,23,0.43260139278859155,0.7671016657349944,0.5727931215478176,-0.05840209220875241,0.5734795174602279,0.918885144993963,0.28320242004956303,0.6125346299725999,0.6438338210596088
EOS10,GCC vs NIRv,shared,deciduous,NIRv,50,7,-1.2725005957865136,1.0802543374938873,0.23881100447494952,0.5157023575571305,0.9925365183633673,0.6033561768675535,-0.6030527799197855,0.3142122839501202,0.05495235870235937
