min_r2,max_eos90_dev_days,default,eos_source,predictor,n_fits_passing,beta,se,p,n_obs,n_sites
0.7,30.0,False,GCC,sos,235,-1.4183586245464936,0.9772976010587076,0.14669445703459655,172,25
0.7,30.0,False,GCC,cal,235,-0.5451243372718255,1.0410664050247476,0.6005421020720355,200,29
0.7,30.0,False,NDVI_tower,sos,414,-0.6809563853432842,0.5768087919073365,0.23777825227426275,325,42
0.7,30.0,False,NDVI_tower,cal,414,-0.4542196557651678,0.6153954669542695,0.46045737500341044,362,46
0.7,30.0,False,NDVI,sos,533,-1.378550470594435,0.4219196893743008,0.0010856740079116817,403,63
0.7,30.0,False,NDVI,cal,533,-0.7291097474500112,0.3352846672260051,0.029660169187189993,460,68
0.7,30.0,False,NIRv,sos,781,-0.9916417299984014,0.42538945330220346,0.019746058022829145,658,90
0.7,30.0,False,NIRv,cal,781,-1.2155861393229677,0.3835361345246227,0.001527448104251336,690,91
0.7,60.0,False,GCC,sos,251,-1.550546651012029,1.1481260004159473,0.17685495919055083,183,25
0.7,60.0,False,GCC,cal,251,-0.6080198433044084,1.2209763479908078,0.618499269507348,217,30
0.7,60.0,False,NDVI_tower,sos,458,-2.739114476513621,1.0543514672436514,0.009379197098500491,372,46
0.7,60.0,False,NDVI_tower,cal,458,-2.392220771290194,1.0944633302729287,0.028834064694667934,410,48
0.7,60.0,False,NDVI,sos,552,-1.9712900278075833,0.5196761774435248,0.00014865562557906384,418,64
0.7,60.0,False,NDVI,cal,552,-1.048826365704508,0.4776434747230792,0.02810373957048918,482,70
0.7,60.0,False,NIRv,sos,802,-1.299753197540571,0.47576078330253074,0.006296128731941887,680,91
0.7,60.0,False,NIRv,cal,802,-1.454653130550245,0.44487892933826184,0.0010763380429350362,713,92
0.7,90.0,False,GCC,sos,254,-0.9456539454546633,1.4010577204167187,0.49970298057361295,186,25
0.7,90.0,False,GCC,cal,254,0.18999176509314658,1.582263291747109,0.9044229850574617,220,30
0.7,90.0,False,NDVI_tower,sos,462,-2.6466295202538546,1.1270567345985936,0.018861023312953182,377,47
0.7,90.0,False,NDVI_tower,cal,462,-2.7852619623434136,1.2153134551636908,0.021916873844340424,416,49
0.7,90.0,False,NDVI,sos,552,-1.9712900278075833,0.5196761774435248,0.00014865562557906384,418,64
0.7,90.0,False,NDVI,cal,552,-1.048826365704508,0.4776434747230792,0.02810373957048918,482,70
0.7,90.0,False,NIRv,sos,806,-1.4068225078075938,0.4862819271418429,0.003815590811319915,684,91
0.7,90.0,False,NIRv,cal,806,-1.5963407908878633,0.4292358876279033,0.0001999899505778993,717,92
0.7,inf,False,GCC,sos,258,-1.4266548173794305,1.3069653851667586,0.2750185778475064,188,25
0.7,inf,False,GCC,cal,258,-0.6159836754644814,1.4003513423396667,0.6600255080005335,223,30
0.7,inf,False,NDVI_tower,sos,465,-2.992934846433532,1.068069162566107,0.005075665863658705,381,48
0.7,inf,False,NDVI_tower,cal,465,-2.898396106632792,1.1741154942827265,0.013565094687280895,420,50
0.7,inf,False,NDVI,sos,553,-2.220652133055888,0.6403398568852569,0.0005244889705311418,419,64
0.7,inf,False,NDVI,cal,553,-1.485301742503403,0.7400823975690677,0.04475594046312163,483,70
0.7,inf,False,NIRv,sos,811,-0.6310477711684157,0.7535374323991139,0.40234127513898565,689,91
0.7,inf,False,NIRv,cal,811,-1.2561003087011542,0.6155190860587094,0.041278957188801584,722,92
0.8,30.0,False,GCC,sos,208,-1.822293535938385,1.034592036414103,0.0781767538933048,149,20
0.8,30.0,False,GCC,cal,208,-1.1165340677032287,1.09007163709518,0.30570499481364743,170,24
0.8,30.0,False,NDVI_tower,sos,380,-0.6229506707405242,0.7249863041845808,0.3901978945281994,290,35
0.8,30.0,False,NDVI_tower,cal,380,-1.103901924034758,0.619638286743301,0.07482650713800945,324,39
0.8,30.0,False,NDVI,sos,500,-1.2990146412249495,0.4166995672825328,0.0018246065101037545,382,61
0.8,30.0,False,NDVI,cal,500,-0.709591349568173,0.3579096627106969,0.04741223599140539,437,67
0.8,30.0,False,NIRv,sos,750,-0.9706255753180413,0.44466094448273413,0.029047283497593286,629,86
0.8,30.0,False,NIRv,cal,750,-1.1119692209724459,0.4049719660877405,0.006036482367829014,659,87
0.8,60.0,True,GCC,sos,223,-2.0046544822457775,1.2256053854410447,0.10191404981383234,161,21
0.8,60.0,True,GCC,cal,223,-1.2815877256046866,1.2855835112627356,0.31881700777890143,186,25
0.8,60.0,True,NDVI_tower,sos,409,-1.874206579692966,1.3050526928174668,0.1509694391656131,318,37
0.8,60.0,True,NDVI_tower,cal,409,-2.4678842740053346,1.1935335755679253,0.038667067316061336,357,41
0.8,60.0,True,NDVI,sos,516,-1.9075475716439034,0.5220885094455834,0.000258502189641872,395,62
0.8,60.0,True,NDVI,cal,516,-1.1149429700483773,0.5011946796302954,0.02611007533321624,456,69
0.8,60.0,True,NIRv,sos,770,-1.3240580242877926,0.4748106391280234,0.005293603146892964,650,87
0.8,60.0,True,NIRv,cal,770,-1.4893317582243188,0.432307171267022,0.000570895440421767,681,88
0.8,90.0,False,GCC,sos,225,-1.5265082783556536,1.5303651992867446,0.3185317039323443,163,21
0.8,90.0,False,GCC,cal,225,-0.6265225482529339,1.6984955090108713,0.7122252794327004,188,25
0.8,90.0,False,NDVI_tower,sos,412,-1.2579295301949778,1.3938522268535085,0.36679974197895704,323,38
0.8,90.0,False,NDVI_tower,cal,412,-1.953688363410455,1.2853453513462012,0.12851812661100293,362,42
0.8,90.0,False,NDVI,sos,516,-1.9075475716439034,0.5220885094455834,0.000258502189641872,395,62
0.8,90.0,False,NDVI,cal,516,-1.1149429700483773,0.5011946796302954,0.02611007533321624,456,69
0.8,90.0,False,NIRv,sos,773,-1.4333817898047403,0.48654007208998823,0.003218381032531165,653,87
0.8,90.0,False,NIRv,cal,773,-1.6551980870810201,0.42707394417841366,0.00010633128842779178,684,88
0.8,inf,False,GCC,sos,229,-2.1862946128294083,1.4429777463334028,0.12974023318712577,165,21
0.8,inf,False,GCC,cal,229,-1.5055321987508026,1.5183517625976177,0.3214137125562896,193,26
0.8,inf,False,NDVI_tower,sos,413,-1.6460857636936634,1.3130334667595964,0.20996887290748656,324,38
0.8,inf,False,NDVI_tower,cal,413,-2.106735593018717,1.2350459854450218,0.08804620518328697,363,42
0.8,inf,False,NDVI,sos,517,-2.1694311757253004,0.6524089033848874,0.000883351710995884,396,62
0.8,inf,False,NDVI,cal,517,-1.5714059167558851,0.7744281635856262,0.04244630051551986,457,69
0.8,inf,False,NIRv,sos,775,-0.7736772525181278,0.7104983915150285,0.2761883314946062,657,88
0.8,inf,False,NIRv,cal,775,-1.1836668446529597,0.5839216029889099,0.042652298386030386,688,89
0.9,30.0,False,GCC,sos,157,-1.7588898817457674,1.28356403761387,0.17058790529828338,111,14
0.9,30.0,False,GCC,cal,157,-1.9412919890056826,1.205958387453324,0.10745235867770078,121,16
0.9,30.0,False,NDVI_tower,sos,280,-0.5230029166020774,0.5831486388966673,0.36979341773137653,218,29
0.9,30.0,False,NDVI_tower,cal,280,-0.6255305267851206,0.5491139215910193,0.25463497385606326,240,32
0.9,30.0,False,NDVI,sos,401,-1.2164288571809687,0.38881754666801155,0.0017568077260485518,305,50
0.9,30.0,False,NDVI,cal,401,-0.8124250685182332,0.3330583810298014,0.01471626443791353,341,56
0.9,30.0,False,NIRv,sos,623,-1.4669957003876954,0.4070692127874082,0.00031359937591170375,519,76
0.9,30.0,False,NIRv,cal,623,-1.4014096873122792,0.4058463496763737,0.0005542763824778313,545,80
0.9,60.0,False,GCC,sos,162,-3.0982039062066473,1.5137678507113608,0.040689155854449405,115,14
0.9,60.0,False,GCC,cal,162,-3.1824534784574965,1.4853223173317955,0.03214512937510249,125,16
0.9,60.0,False,NDVI_tower,sos,299,-0.5007023590512197,1.0325052168560367,0.6277194024598689,239,31
0.9,60.0,False,NDVI_tower,cal,299,-1.2240201607767358,1.05376370396286,0.24541022977909666,261,34
0.9,60.0,False,NDVI,sos,413,-1.6083876791639333,0.5536622315715716,0.0036725543893720656,315,50
0.9,60.0,False,NDVI,cal,413,-1.0500304855214293,0.5237511799816443,0.044981549376691785,353,56
0.9,60.0,False,NIRv,sos,637,-1.7794039503522048,0.4590309066151681,0.0001059976563451738,536,78
0.9,60.0,False,NIRv,cal,637,-1.6333689128627253,0.45988214146494266,0.00038273355475192014,559,80
0.9,90.0,False,GCC,sos,162,-3.0982039062066473,1.5137678507113608,0.040689155854449405,115,14
0.9,90.0,False,GCC,cal,162,-3.1824534784574965,1.4853223173317955,0.03214512937510249,125,16
0.9,90.0,False,NDVI_tower,sos,300,-1.023876715150592,0.9462047830552213,0.27921348665172896,240,31
0.9,90.0,False,NDVI_tower,cal,300,-1.4886332282497052,0.988633118485671,0.13213164629245827,262,34
0.9,90.0,False,NDVI,sos,413,-1.6083876791639333,0.5536622315715716,0.0036725543893720656,315,50
0.9,90.0,False,NDVI,cal,413,-1.0500304855214293,0.5237511799816443,0.044981549376691785,353,56
0.9,90.0,False,NIRv,sos,639,-1.8994360045907404,0.46617348421739807,4.610815242612805e-05,538,78
0.9,90.0,False,NIRv,cal,639,-1.7399637588021855,0.46965626784939757,0.00021159096938909338,561,80
0.9,inf,False,GCC,sos,163,-3.0982039062066473,1.5137678507113608,0.040689155854449405,115,14
0.9,inf,False,GCC,cal,163,-3.1824534784574965,1.4853223173317955,0.03214512937510249,125,16
0.9,inf,False,NDVI_tower,sos,300,-1.023876715150592,0.9462047830552213,0.27921348665172896,240,31
0.9,inf,False,NDVI_tower,cal,300,-1.4886332282497052,0.988633118485671,0.13213164629245827,262,34
0.9,inf,False,NDVI,sos,413,-1.6083876791639333,0.5536622315715716,0.0036725543893720656,315,50
0.9,inf,False,NDVI,cal,413,-1.0500304855214293,0.5237511799816443,0.044981549376691785,353,56
0.9,inf,False,NIRv,sos,639,-1.8994360045907404,0.46617348421739807,4.610815242612805e-05,538,78
0.9,inf,False,NIRv,cal,639,-1.7399637588021855,0.46965626784939757,0.00021159096938909338,561,80
