eos_source,predictor,site_left_out,n_years_of_site,beta,se,p,n_obs,n_sites,change_vs_all_sites
GCC,sos,AT-Neu,4,-1.2642351900504443,1.1980409517988755,0.2913100572093137,201,25,-0.08293448676893878
GCC,sos,CA-Gro,5,-1.2683141448847812,1.1703937210828903,0.27851357423564527,200,25,-0.08701344160327573
GCC,sos,CA-TPD,10,-1.398048429211482,1.178482422192203,0.23549891177990534,195,25,-0.2167477259299766
GCC,sos,IT-MBo,7,-1.1978872204164264,1.196227586566628,0.31663955823135337,198,25,-0.016586517134920875
GCC,sos,IT-Tor,12,-0.8449201661559497,1.1639866644263142,0.4679094275184771,193,25,0.3363805371255558
GCC,sos,SE-Svb,4,-1.1960893177586196,1.1688592431868068,0.30616778112883547,201,25,-0.014788614477114104
GCC,sos,US-Bar,18,-1.2074847633144106,1.2293115057661352,0.32597929000101555,187,25,-0.026184060032905077
GCC,sos,US-ChR,7,-1.4402964377446161,1.154759474208574,0.21229864428400191,198,25,-0.25899573446311064
GCC,sos,US-Ha1,18,-0.7985804225814659,1.21047492595477,0.509430398894684,187,25,0.3827202807000396
GCC,sos,US-ICh,4,-1.1899696654655816,1.167302764359807,0.3080044764450056,201,25,-0.00866896218407609
GCC,sos,US-ICt,4,-1.193002176180544,1.1678832333825786,0.30701377611738223,201,25,-0.011701472899038556
GCC,sos,US-KFS,7,-0.6375981642786015,1.1119341714552895,0.56636469134943,198,25,0.543702539002904
GCC,sos,US-Kon,8,-0.765114062851903,1.1530872492364048,0.5069877963781355,197,25,0.4161866404296025
GCC,sos,US-MMS,16,-1.2348374896956573,1.258543851216415,0.3265120421588835,189,25,-0.05353678641415183
GCC,sos,US-MOz,10,-1.4928565407160346,1.202585494378212,0.21446817963274556,195,25,-0.3115558374345291
GCC,sos,US-Me6,4,-1.7574577834469287,1.0127517947883484,0.08268250878402575,201,25,-0.5761570801654232
GCC,sos,US-Mpj,8,-1.2966801914746997,1.1833656058227513,0.2731854839642843,197,25,-0.11537948819319421
GCC,sos,US-Rls,3,-1.1771799466030801,1.1698596769571865,0.31429177118775165,202,25,0.004120756678425375
GCC,sos,US-Rms,5,-1.2323117121434608,1.1695783637262585,0.2920488787145824,200,25,-0.05101100886195531
GCC,sos,US-Rws,6,-1.2869002220412087,1.1715203427032135,0.2719917588255506,199,25,-0.10559951875970319
GCC,sos,US-Ses,3,-1.193634087304502,1.1642580796589423,0.3052539562934049,202,25,-0.012333384022996441
GCC,sos,US-Slt,4,-1.2915233342298065,1.1625640111131184,0.2665999262012284,201,25,-0.11022263094830098
GCC,sos,US-Ton,14,-1.1019852270513095,1.2395771686435564,0.37400259242637546,191,25,0.07931547623019597
GCC,sos,US-UMd,17,-0.9073650971181333,1.2427003853143976,0.4652948566188092,188,25,0.2739356061633722
GCC,sos,US-Var,4,-1.097555262886927,1.1747903458612756,0.35017170874579917,201,25,0.08374544039457854
GCC,sos,US-Vcp,3,-1.2065154547768517,1.1687158116401846,0.30191151700291197,202,25,-0.025214751495346244
GCC,cal,AT-Neu,4,-0.6865448059901264,1.1047017086119648,0.5342869529502551,229,29,0.027915425704819197
GCC,cal,CA-Gro,5,-0.8331389502361342,1.0841482300223027,0.44220605701179594,228,29,-0.11867871854118861
GCC,cal,CA-TPD,10,-0.9104471507012468,1.0873143982347802,0.4024039038799845,223,29,-0.19598691900630127
GCC,cal,IT-MBo,7,-0.6886216941381716,1.1232444022902104,0.5398334412605783,226,29,0.0258385375567739
GCC,cal,IT-Tor,12,-0.34286651369686605,1.1023826058257902,0.7557830205227358,221,29,0.3715937179980795
GCC,cal,SE-Svb,4,-0.7155135100719984,1.0925203663333647,0.5125192203819301,229,29,-0.0010532783770528242
GCC,cal,US-Bar,17,-0.6602643707424197,1.1479613387597558,0.5651813680497628,216,29,0.05419586095252582
GCC,cal,US-ChR,7,-0.9411139638258934,1.0661048439443137,0.3773663358603948,226,29,-0.22665373213094786
GCC,cal,US-Ha1,18,-0.33910927921410366,1.165949479149845,0.7711707180950984,215,29,0.3753509524808419
GCC,cal,US-ICh,6,-0.7418339779633407,1.0962895494364606,0.4986108809522729,227,29,-0.02737374626839517
GCC,cal,US-ICt,4,-0.7076814057133948,1.0931471946837847,0.517386170000196,229,29,0.006778825981550773
GCC,cal,US-KFS,7,-0.10749538445787818,1.015970494191329,0.9157365805047752,226,29,0.6069648472370673
GCC,cal,US-Kon,8,-0.28211245202674917,1.0992379848560077,0.7974538730799299,225,29,0.4323477796681964
GCC,cal,US-MMS,16,-0.7212781320750157,1.1598393480653513,0.534022342859479,217,29,-0.00681790038007013
GCC,cal,US-MOz,10,-0.9649613071839213,1.127191862653883,0.39195603419505054,223,29,-0.2505010754889757
GCC,cal,US-Me6,4,-0.9836219139910085,1.057731027543224,0.35240434302166723,229,29,-0.26916168229606297
GCC,cal,US-Mpj,8,-0.7557960198409835,1.102130008603622,0.49286483872812714,225,29,-0.041335788146038
GCC,cal,US-Rls,3,-0.7221955733074097,1.0904468056792693,0.5077832934570458,230,29,-0.007735341612464142
GCC,cal,US-Rms,5,-0.728551547587755,1.0939415875239344,0.5054190173996882,228,29,-0.01409131589280943
GCC,cal,US-Rws,6,-0.8307133172790817,1.0876475222456916,0.44500389601381407,227,29,-0.11625308558413616
GCC,cal,US-SRG,3,-0.7805716365963254,1.0865918650630035,0.47253108635261576,230,29,-0.0661114049013799
GCC,cal,US-SRM,6,-0.7721841313916379,1.0942743475462187,0.48040045709783075,227,29,-0.05772389969669234
GCC,cal,US-Seg,7,-0.7669333906419468,1.097551742938497,0.48469739750338536,226,29,-0.05247315894700122
GCC,cal,US-Ses,4,-0.7034569502842322,1.094061440261031,0.5202386637377645,229,29,0.011003281410713384
GCC,cal,US-Slt,4,-0.853177975158263,1.074829099463842,0.4273234459865143,229,29,-0.13871774346331744
GCC,cal,US-Ton,14,-0.9838237644631181,1.0853358910360733,0.3646874588231994,219,29,-0.2693635327681726
GCC,cal,US-UMd,17,-0.43291191433580734,1.1911714349090243,0.7162808859216956,216,29,0.2815483173591382
GCC,cal,US-Var,4,-0.7919774989004045,1.08769668699793,0.4665380007043851,229,29,-0.07751726720545893
GCC,cal,US-Vcp,3,-0.7306535530977991,1.1009191551950281,0.5068977429176176,230,29,-0.016193321402853567
GCC,cal,US-Wkg,10,-0.8895016923984205,1.0879056351175211,0.4135698528263787,223,29,-0.17504146070347493
NDVI_tower,sos,CA-Cbo,17,-1.8567300210805049,1.374465622303879,0.17673576367910515,301,36,0.017476558612461
NDVI_tower,sos,CA-Gro,7,-1.865812077762792,1.3322299374663786,0.16135824128371912,311,36,0.008394501930173881
NDVI_tower,sos,CA-TP4,4,-1.7178159515780675,1.3111349108017032,0.19013670038677266,314,36,0.15639062811489834
NDVI_tower,sos,CA-TPD,5,-1.8877287672817764,1.317600127885788,0.15194292464784345,313,36,-0.01352218758881052
NDVI_tower,sos,CH-Aws,8,-1.172712024533424,1.1898201958388201,0.32431902453864103,310,36,0.701494555159542
NDVI_tower,sos,CH-Dav,7,-1.7867088921378604,1.3336352809614218,0.18033370211923683,311,36,0.08749768755510545
NDVI_tower,sos,CZ-Lnz,7,-2.11124262187317,1.3175095414916853,0.10905622679814864,311,36,-0.23703604218020424
NDVI_tower,sos,CZ-Stn,10,-2.0066428011210644,1.3366999238562944,0.1333059919062535,308,36,-0.13243622142809852
NDVI_tower,sos,DE-Hai,13,-1.945838995944081,1.3601469066310423,0.15254218224019836,305,36,-0.07163241625111505
NDVI_tower,sos,DE-HoH,10,-2.155770058788247,1.3149931490192914,0.1011346839625441,308,36,-0.28156347909528123
NDVI_tower,sos,DE-Hzd,9,-1.641307386184733,1.3752077503749305,0.23267448418856196,309,36,0.23289919350823296
NDVI_tower,sos,DE-Obe,3,-1.8988007475289495,1.3137609768963467,0.14836893467705675,315,36,-0.02459416783598356
NDVI_tower,sos,DK-Sor,5,-1.987094091860753,1.3139460439243682,0.1304549505097804,313,36,-0.11288751216778703
NDVI_tower,sos,FI-Hyy,19,-2.163235964703562,1.337740612717399,0.10586063028016658,299,36,-0.2890293850105963
NDVI_tower,sos,FI-Let,4,-1.8138985008565411,1.3278019752011574,0.17191036196330634,314,36,0.06030807883642475
NDVI_tower,sos,FR-FBn,3,-1.9154639572792256,1.317721496818388,0.14605218670977968,315,36,-0.04125737758625969
NDVI_tower,sos,IT-Ren,7,-1.716566087360217,1.3288693734639683,0.19644397721479057,311,36,0.1576404923327488
NDVI_tower,sos,IT-Tor,3,-1.858670611218066,1.313425228733182,0.15702967676656718,315,36,0.015535968474899908
NDVI_tower,sos,JP-Api,20,-1.9188803764780233,1.3645787785564407,0.1596626343969163,298,36,-0.04467379678505745
NDVI_tower,sos,JP-Fhk,7,-1.863594365232111,1.3261596855450273,0.15994505284864302,311,36,0.010612214460854918
NDVI_tower,sos,JP-Fjy,3,-1.8848123383933977,1.3146092225116026,0.1516454930883317,315,36,-0.010605758700431789
NDVI_tower,sos,JP-Spp,13,-1.868739302906737,1.3427421885532964,0.16400311003064616,305,36,0.005467276786228936
NDVI_tower,sos,JP-Tak,10,-1.9079250398384788,1.3434732247586172,0.15556584941491558,308,36,-0.03371846014551294
NDVI_tower,sos,JP-Tmd,17,-1.050072565045723,1.1306664736647174,0.35303421421438475,301,36,0.8241340146472429
NDVI_tower,sos,RU-Fy2,5,-1.939198153339428,1.3279017932283275,0.14419457517810683,313,36,-0.06499157364646213
NDVI_tower,sos,SE-Svb,3,-1.8734551882815311,1.3127242010337037,0.1535364775458404,315,36,0.0007513914114347653
NDVI_tower,sos,US-Bar,10,-1.90816252297321,1.3355023217295847,0.1530624132465433,308,36,-0.033955943280244094
NDVI_tower,sos,US-ChR,8,-2.20333984823722,1.293754536691958,0.08855709409760186,310,36,-0.3291332685442543
NDVI_tower,sos,US-GLE,11,-1.9616447272147897,1.3289710436297475,0.1399270326612585,307,36,-0.08743814752182377
NDVI_tower,sos,US-ICh,13,-1.9370025969156577,1.3331887290503521,0.14624887727174873,305,36,-0.06279601722269179
NDVI_tower,sos,US-ICt,10,-1.951236873255361,1.3260831667290445,0.14117520779566425,308,36,-0.07703029356239521
NDVI_tower,sos,US-KFS,3,-1.8521188648490123,1.322998682444706,0.1615312662929731,315,36,0.022087714843953554
NDVI_tower,sos,US-MOz,14,-2.1610711249717536,1.3645798597602643,0.11326434048967028,304,36,-0.2868645452787877
NDVI_tower,sos,US-Prr,12,-1.6490089218373725,1.3316224359229123,0.21558790418120222,306,36,0.22519765785559342
NDVI_tower,sos,US-Rpf,6,-1.847667593074092,1.321142439803451,0.16195164072998935,312,36,0.026538986618873883
NDVI_tower,sos,US-Ton,8,-1.8972152929271133,1.3406562870329346,0.15702768076245185,310,36,-0.023008713234147438
NDVI_tower,sos,US-Var,4,-2.1520273044643914,1.3045511703924404,0.0990185477946128,314,36,-0.2778207247714255
NDVI_tower,cal,CA-Cbo,17,-2.5342869077062846,1.2503995219707786,0.042684739595931116,340,40,-0.06640263370095001
NDVI_tower,cal,CA-Gro,7,-2.456379418516995,1.2162871512378102,0.043427806739241896,350,40,0.011504855488339683
NDVI_tower,cal,CA-TP4,4,-2.3387512733868547,1.207352799645276,0.05273431863593965,353,40,0.12913300061847988
NDVI_tower,cal,CA-TPD,5,-2.483773235135182,1.204470373794217,0.03919546017994124,352,40,-0.015888961129847168
NDVI_tower,cal,CH-Aws,8,-1.7422516388615574,1.1170100427340595,0.11881998201648193,349,40,0.7256326351437772
NDVI_tower,cal,CH-Dav,7,-2.393872031673809,1.2144293813353926,0.048702055093060956,350,40,0.0740122423315257
NDVI_tower,cal,CZ-Lnz,8,-2.6947293540835857,1.1866328281074545,0.023152784036530902,349,40,-0.2268450800782511
NDVI_tower,cal,CZ-Stn,10,-2.6174198741578794,1.2126335677422977,0.030892160494855346,347,40,-0.14953560015254475
NDVI_tower,cal,DE-Hai,14,-2.3033088413523926,1.2536830940504613,0.0661754012922294,343,40,0.16457543265294206
NDVI_tower,cal,DE-HoH,10,-2.771019455136163,1.1698683552271023,0.017852694744715066,347,40,-0.30313518113082827
NDVI_tower,cal,DE-Hzd,9,-2.236169773879804,1.2568117857424153,0.07520042669478835,348,40,0.23171450012553052
NDVI_tower,cal,DE-Obe,4,-2.4175666824329247,1.2040497969918011,0.044657883266868315,353,40,0.05031759157240989
NDVI_tower,cal,DK-Sor,5,-2.547984326915216,1.1987346464483781,0.03353978026818994,352,40,-0.0801000529098812
NDVI_tower,cal,FI-Hyy,19,-2.5160896619277606,1.2455408236037726,0.04337529361915053,338,40,-0.04820538792242601
NDVI_tower,cal,FI-Let,4,-2.4518053325090947,1.2071240295236703,0.0422435310376487,353,40,0.016078941496239896
NDVI_tower,cal,FR-FBn,3,-2.548809606855999,1.196335924381273,0.03312925836169419,354,40,-0.0809253328506645
NDVI_tower,cal,IT-Ren,7,-2.478617378405122,1.2078678181139972,0.040163820150182945,350,40,-0.010733104399787585
NDVI_tower,cal,IT-Tor,3,-2.455978903899458,1.2018193961366361,0.04099795092845348,354,40,0.011905370105876667
NDVI_tower,cal,JP-Api,20,-2.5398557244188527,1.245776312114805,0.04147263888258632,337,40,-0.07197145041351805
NDVI_tower,cal,JP-Fhk,7,-2.4824202693887005,1.2107644583597028,0.040335978104248355,350,40,-0.014535995383365918
NDVI_tower,cal,JP-Fjy,3,-2.461449616640862,1.2017726346264004,0.04054212562091805,354,40,0.0064346573644726845
NDVI_tower,cal,JP-Spp,14,-2.4585187604282295,1.2395789721076773,0.04732836545810389,343,40,0.009365513577105133
NDVI_tower,cal,JP-Tak,10,-2.5149879751022235,1.2244766621524743,0.03998257598811799,347,40,-0.047103701096888884
NDVI_tower,cal,JP-Tmd,17,-1.6615409790601792,1.0850781869115003,0.1257042013086426,340,40,0.8063432949451554
NDVI_tower,cal,RU-Fy2,6,-2.518208564179591,1.2087620675568778,0.03722429755886505,351,40,-0.050324290174256436
NDVI_tower,cal,SE-Svb,3,-2.472119831510043,1.1997214516984533,0.039343301318435255,354,40,-0.004235557504708609
NDVI_tower,cal,US-Aud,9,-2.534840377416088,1.2109374350200228,0.03632348445495052,348,40,-0.06695610341075353
NDVI_tower,cal,US-Bar,10,-2.5163300807888636,1.2181480230673192,0.03885668270724956,347,40,-0.048445806783528944
NDVI_tower,cal,US-ChR,8,-2.8266093256848226,1.1421376875104678,0.013329545520566689,349,40,-0.358725051679488
NDVI_tower,cal,US-GLE,15,-2.3429538822533593,1.2304204101259253,0.05688548155984781,342,40,0.12493039175197529
NDVI_tower,cal,US-ICh,13,-2.5722061712122066,1.2128255047674565,0.033935454767470535,344,40,-0.10432189720687202
NDVI_tower,cal,US-ICt,10,-2.6105008687780757,1.2009613270587884,0.02972947284695734,347,40,-0.14261659477274113
NDVI_tower,cal,US-KFS,3,-2.458997884426337,1.209744206630712,0.042086949878696656,354,40,0.008886389578997456
NDVI_tower,cal,US-MOz,14,-2.6886884962997937,1.2211508033584335,0.02768183169533841,343,40,-0.22080422229445906
NDVI_tower,cal,US-Prr,12,-2.309207015332357,1.2323671022269844,0.06095827174245361,345,40,0.15867725867297766
NDVI_tower,cal,US-Rpf,6,-2.443168651611634,1.209762728087051,0.04343074386310635,351,40,0.02471562239370062
NDVI_tower,cal,US-SRG,7,-2.50826071009922,1.2054889551964671,0.037461386165844594,350,40,-0.04037643609388519
NDVI_tower,cal,US-SRM,6,-2.5291046701424658,1.2027588938830251,0.03548738114956376,351,40,-0.06122039613713115
NDVI_tower,cal,US-Ton,8,-2.6052185003439803,1.2009998350776114,0.030066892892020025,349,40,-0.13733422633864567
NDVI_tower,cal,US-Var,4,-2.5748495412215244,1.1949992937572107,0.031186329355225795,353,40,-0.10696526721618982
NDVI_tower,cal,US-Wkg,8,-2.510177933323731,1.2089563661199414,0.037864544318514964,349,40,-0.04229365931839624
NDVI,sos,AT-Zoe,6,-1.8658177103762015,0.5283782511650253,0.00041365387543327876,389,61,0.04172986126770195
NDVI,sos,BE-Bra,3,-1.8887458462221383,0.5235449236423968,0.0003090306622606005,392,61,0.01880172542176517
NDVI,sos,CA-Cbo,7,-1.8869992042690988,0.5273648290689182,0.0003460129135895256,388,61,0.020548367374804588
NDVI,sos,CA-TP1,6,-1.9184340065477843,0.5322889707641203,0.00031321078715975596,389,61,-0.01088643490388086
NDVI,sos,CA-TP3,5,-1.9505736600636863,0.5262187598610959,0.00020991667094505246,390,61,-0.04302608841978284
NDVI,sos,CA-TP4,4,-1.9025329700066542,0.524250666713634,0.00028446385829244356,391,61,0.005014601637249205
NDVI,sos,CA-TPD,7,-1.958755084706582,0.5290586051391403,0.0002136196825495827,388,61,-0.05120751306267857
NDVI,sos,CH-Aws,7,-1.702388388760896,0.511967179924295,0.0008835814911428906,388,61,0.2051591828830075
NDVI,sos,CH-Fru,5,-2.0794886158351327,0.50138319532475,3.361201622786133e-05,390,61,-0.17194104419122924
NDVI,sos,CH-Lae,10,-1.9019215529534645,0.5333641247339522,0.00036261372452349574,385,61,0.005626018690438883
NDVI,sos,CN-Aro,8,-1.9288896236615893,0.5279246570711795,0.0002584667029922679,387,61,-0.02134205201768591
NDVI,sos,CN-Dsh,7,-1.9371176057130775,0.5273629667055877,0.000239517709490101,388,61,-0.029570034069174023
NDVI,sos,CN-HeM,11,-1.908887373485291,0.5314139625183731,0.0003280351065953017,384,61,-0.001339801841387489
NDVI,sos,CN-Sdq,10,-1.9163031699277815,0.5326062679487109,0.0003207064431967184,385,61,-0.008755598283878063
NDVI,sos,CN-Xi2,5,-1.938691164044901,0.526444050583517,0.000230852971380225,390,61,-0.03114359240099751
NDVI,sos,CN-YaS,8,-1.8976922085535501,0.5276668739666734,0.0003226725354108587,387,61,0.009855363090353286
NDVI,sos,CZ-Lnz,11,-1.898372981609863,0.5401497952262373,0.0004405319215962146,384,61,0.00917459003404053
NDVI,sos,CZ-Stn,3,-1.894305494727627,0.5287955846474193,0.00034057970361055435,392,61,0.013242076916276435
NDVI,sos,DE-GsB,3,-1.9379850934413794,0.5253372721104422,0.00022511044688435557,392,61,-0.03043752179747594
NDVI,sos,DE-Hai,8,-1.8943131707059888,0.5366602765275831,0.0004158454286358414,387,61,0.013234400937914614
NDVI,sos,DE-HoH,11,-2.0008774919469174,0.5324221406748246,0.000171231788875697,384,61,-0.09332992030301401
NDVI,sos,DE-Hzd,3,-1.7429048993579086,0.5066448259807577,0.0005815161104512317,392,61,0.16464267228599483
NDVI,sos,DE-Tha,7,-1.9930507127197181,0.5273920256064653,0.0001574159743917672,388,61,-0.08550314107581469
NDVI,sos,DK-Sor,7,-1.9960257298562167,0.5266030881461075,0.0001504170847272878,388,61,-0.08847815821231331
NDVI,sos,FI-Hyy,3,-1.9002222799967636,0.5239809043672582,0.00028727708251832,392,61,0.007325291647139798
NDVI,sos,FI-Let,3,-1.9437904680709825,0.5255591590889801,0.0002168612288574312,392,61,-0.03624289642707912
NDVI,sos,FI-Var,4,-1.8997924211008208,0.5241977861433565,0.00028986836272447707,391,61,0.007755150543082623
NDVI,sos,IT-Lsn,3,-1.9365119810524767,0.5270339876204536,0.00023844744374161534,392,61,-0.028964409408573255
NDVI,sos,IT-MBo,7,-1.7494380541679537,0.497828624657663,0.0004411849935907199,388,61,0.1581095174759497
NDVI,sos,IT-Tor,9,-1.7861935955713102,0.5079671788748655,0.00043751340240799424,386,61,0.12135397607259324
NDVI,sos,JP-Fhk,8,-1.911068105812638,0.5299912619465962,0.00031113483179154316,387,61,-0.003520534168734546
NDVI,sos,JP-Fjy,3,-1.9311268049884922,0.5263858926619592,0.00024383244425101803,392,61,-0.02357923334458878
NDVI,sos,JP-Tak,3,-1.8821148894388073,0.5229483163743595,0.0003193870644047753,392,61,0.02543268220509609
NDVI,sos,JP-Tef,3,-1.8964981437904322,0.525173397665031,0.00030480147532777285,392,61,0.011049427853471183
NDVI,sos,JP-Tmd,6,-1.8649471517870748,0.5236620421427929,0.00036894391082363173,389,61,0.04260041985682861
NDVI,sos,JP-Yms,9,-1.9513798952434733,0.5414819301466511,0.0003136266812740526,386,61,-0.0438323235995699
NDVI,sos,RU-Fy2,5,-1.8289680212526156,0.5179083813217293,0.0004132865763054896,390,61,0.07857955039128783
NDVI,sos,RU-Fyo,5,-1.8388734379503096,0.5245481597193078,0.00045552252668013183,390,61,0.06867413369359388
NDVI,sos,SE-Svb,3,-1.9160839441427235,0.5252318039538036,0.0002642146109556394,392,61,-0.00853637249882011
NDVI,sos,US-Bar,8,-1.9654523533724337,0.5324608850881951,0.00022314459491844157,387,61,-0.05790478172853031
NDVI,sos,US-CMW,6,-1.9973607856210667,0.5254889779929349,0.00014413856399529302,389,61,-0.08981321397716324
NDVI,sos,US-EML,3,-1.9110824027817315,0.524076682350413,0.0002657639158905013,392,61,-0.003534831137828043
NDVI,sos,US-Ha1,11,-1.9418184453782574,0.5326361444425949,0.0002666905232972737,384,61,-0.034270873734354
NDVI,sos,US-ICh,5,-1.918672095603101,0.5255076072956502,0.0002611364291565976,390,61,-0.011124523959197496
NDVI,sos,US-ICt,5,-1.9196575503276987,0.525634141384578,0.00026012555826698537,390,61,-0.012109978683795264
NDVI,sos,US-KFS,3,-1.9724923006759714,0.5239595717688583,0.00016682342194749864,392,61,-0.06494472903206794
NDVI,sos,US-Kon,4,-1.8562208085222578,0.5264247006233139,0.0004217438146112419,391,61,0.051326763121645635
NDVI,sos,US-MMS,7,-1.8999555826966217,0.5271201456544744,0.0003128663604345178,388,61,0.007591988947281747
NDVI,sos,US-MOz,6,-1.914670579962631,0.5275674244098593,0.0002842531553482642,389,61,-0.007123008318727475
NDVI,sos,US-NC2,7,-1.6817940641907168,0.5521435138091593,0.002319568421932706,388,61,0.22575350745318667
NDVI,sos,US-Prr,7,-1.9061569043249509,0.5268777510498749,0.00029707738413896676,388,61,0.0013906673189525431
NDVI,sos,US-Rls,8,-1.9287859296089924,0.5278365939430825,0.00025805093529098904,387,61,-0.021238357965088994
NDVI,sos,US-Rms,8,-1.828520816222095,0.5196688293501375,0.0004337860013344776,387,61,0.07902675542180848
NDVI,sos,US-Ro4,11,-1.9178438944411198,0.531371941806205,0.0003071064731281514,384,61,-0.010296322797216373
NDVI,sos,US-Rpf,9,-1.8893724327426933,0.5270619651896001,0.00033743299643459535,386,61,0.01817513890121014
NDVI,sos,US-Rwf,9,-1.909635008419532,0.5295927224084651,0.0003111258361899189,386,61,-0.002087436775628504
NDVI,sos,US-Rws,3,-1.9159453685512644,0.5244028283118379,0.00025861361527792554,392,61,-0.008397796907360977
NDVI,sos,US-Slt,9,-2.0128191353067586,0.5271338093739817,0.00013430824133093267,386,61,-0.10527156366285517
NDVI,sos,US-UMd,10,-1.9443208035787811,0.5361036096985046,0.000286996347044824,385,61,-0.03677323193487769
NDVI,sos,US-Vcm,11,-1.9940339962882696,0.529271174559884,0.00016488449505278502,384,61,-0.08648642464436618
NDVI,sos,US-Vcp,6,-1.8761119640747752,0.5241578507543172,0.0003445314657166176,389,61,0.03143560756912822
NDVI,sos,US-Wjs,3,-1.9893113946019771,0.5234296764250463,0.00014438559243530553,392,61,-0.08176382295807372
NDVI,cal,AT-Zoe,6,-1.1149151860376894,0.5075260977312995,0.028037287719286867,450,68,2.7784010687925687e-05
NDVI,cal,BE-Bra,3,-1.10567659818097,0.5031081105713875,0.027971072178922307,453,68,0.009266371867407308
NDVI,cal,CA-Cbo,7,-1.1006906217817147,0.5086590793754423,0.030471536000855757,449,68,0.014252348266662551
NDVI,cal,CA-TP1,6,-1.1311070390587512,0.5124023551207733,0.02728202897718345,450,68,-0.016164069010373927
NDVI,cal,CA-TP3,5,-1.1249573811312106,0.5043092344542452,0.025701694820208773,451,68,-0.010014411082833297
NDVI,cal,CA-TP4,4,-1.1861129034127118,0.4987398128180015,0.017396452219665508,452,68,-0.07116993336433453
NDVI,cal,CA-TPD,7,-1.1534801403182404,0.5056103485124118,0.022527045884766308,449,68,-0.03853717026986314
NDVI,cal,CH-Aws,7,-1.0044784048353805,0.5031313650602044,0.045884575885650085,449,68,0.11046456521299675
NDVI,cal,CH-Fru,5,-1.0925243985323936,0.5102551994588617,0.032263290057892406,451,68,0.0224185715159837
NDVI,cal,CH-Lae,10,-1.1026101558360084,0.5093394066413051,0.030404176859162763,446,68,0.01233281421236887
NDVI,cal,CN-Aro,8,-1.1258697479175985,0.5060659484998388,0.026098088173232233,448,68,-0.01092677786922125
NDVI,cal,CN-Dsh,7,-1.1383122882917565,0.5052395560673292,0.024258204466911047,449,68,-0.023369318243379178
NDVI,cal,CN-HeM,11,-1.1123438095168936,0.5111826318807224,0.029553738935578645,445,68,0.0025991605314836796
NDVI,cal,CN-Sdq,11,-1.1274768259865673,0.5172091526249364,0.02926306961313397,445,68,-0.012533855938190008
NDVI,cal,CN-Xi2,6,-1.1127618889867474,0.505636624651993,0.02775623642221559,450,68,0.0021810810616298415
NDVI,cal,CN-YaS,8,-1.1060975664699961,0.5070597230929337,0.029154209960642427,448,68,0.00884540357838115
NDVI,cal,CZ-Lnz,11,-1.1101464705272264,0.5151068192831646,0.031147970672371857,445,68,0.00479649952115091
NDVI,cal,CZ-Stn,3,-1.09490867224518,0.5072695618559766,0.030893981732277538,453,68,0.02003429780319732
NDVI,cal,DE-GsB,3,-1.1347698087653297,0.5028686521610073,0.02403352708242933,453,68,-0.019826838716952455
NDVI,cal,DE-Hai,8,-1.102578903608241,0.5166435515050046,0.032833027630466576,448,68,0.012364066440136323
NDVI,cal,DE-HoH,11,-1.2044624237855153,0.5046964383657372,0.017009206492901434,445,68,-0.08951945373713799
NDVI,cal,DE-Hzd,3,-0.9209004912754621,0.48166024670405816,0.05588522220522812,453,68,0.19404247877291514
NDVI,cal,DE-Tha,7,-1.1903984212706427,0.5006403209162794,0.017418546194716188,449,68,-0.07545545122226538
NDVI,cal,DK-Sor,7,-1.2366111637748112,0.49221728144279125,0.011993762060109825,449,68,-0.1216681937264339
NDVI,cal,FI-Hyy,3,-1.1089353079003275,0.5031682435644186,0.027530983903549328,453,68,0.006007662148049819
NDVI,cal,FI-Let,3,-1.1691676448647559,0.5014258599817616,0.01971721720516862,453,68,-0.054224674816378604
NDVI,cal,FI-Var,4,-1.0986923795628059,0.503891960199429,0.029226890915729737,452,68,0.016250590485571426
NDVI,cal,IT-Lsn,3,-1.1212519557559726,0.5032795097143973,0.0258877757987655,453,68,-0.006308985707595305
NDVI,cal,IT-MBo,7,-0.9427229320438885,0.48232053679713677,0.05063539296496264,449,68,0.17222003800448882
NDVI,cal,IT-Tor,9,-0.9822812754462835,0.4919020810769921,0.04583560328729832,447,68,0.13266169460209376
NDVI,cal,JP-Fhk,8,-1.1487948544337856,0.5068309838881846,0.023413255064250845,448,68,-0.033851884385408315
NDVI,cal,JP-Fjy,3,-1.1336218476881355,0.5045018614146747,0.024639246144166425,453,68,-0.018678877639758174
NDVI,cal,JP-Tak,3,-1.083384852810626,0.5032839153342518,0.031347644122353885,453,68,0.03155811723775126
NDVI,cal,JP-Tef,3,-1.101398575203428,0.5038651941463134,0.028822973473473224,453,68,0.013544394844949181
NDVI,cal,JP-Tmd,6,-1.0337009328859186,0.5023503368970061,0.03961614030667919,450,68,0.0812420371624587
NDVI,cal,JP-Yms,9,-1.1512935803261946,0.5333543941508387,0.03088197197865407,447,68,-0.036350610277817275
NDVI,cal,RU-Fy2,5,-1.0441325200873761,0.5011265238432313,0.03719923848673221,451,68,0.07081044996100117
NDVI,cal,RU-Fyo,5,-1.1149553143075819,0.5051034690237876,0.027287519840439672,451,68,-1.2344259204599695e-05
NDVI,cal,SE-Svb,3,-1.1200293399349484,0.5031035770155043,0.025998105655945312,453,68,-0.005086369886571074
NDVI,cal,US-Aud,9,-1.1224711338323545,0.5084185688101074,0.027260328156147977,447,68,-0.007528163783977249
NDVI,cal,US-Bar,7,-1.120394377695403,0.5066322100805815,0.027004338828001715,449,68,-0.0054514076470257855
NDVI,cal,US-CMW,6,-1.210071500789391,0.49726414850413686,0.014955363670040949,450,68,-0.09512853074101368
NDVI,cal,US-EML,3,-1.1133269287217376,0.50299656568169,0.026870857113830575,453,68,0.0016160413266397278
NDVI,cal,US-GLE,3,-1.0912678790245334,0.5026636375350717,0.029933409839750423,453,68,0.02367509102384391
NDVI,cal,US-Ha1,11,-1.1346385718063758,0.5120980852214819,0.026714350860837573,445,68,-0.01969560175799856
NDVI,cal,US-ICh,6,-1.1220616434958657,0.5047570592867915,0.026217576681842512,450,68,-0.0071186734474883995
NDVI,cal,US-ICt,6,-1.1157459122813913,0.5048993222768634,0.02711637939443989,450,68,-0.0008029422330140257
NDVI,cal,US-KFS,3,-1.190586474829113,0.4976125042380591,0.016729578711780536,453,68,-0.07564350478073578
NDVI,cal,US-Kon,4,-1.076507544071742,0.5101220816443208,0.03483304415204067,452,68,0.038435425976635296
NDVI,cal,US-MMS,7,-1.0982886643775158,0.5064996162708052,0.0301290316921255,449,68,0.016654305670861458
NDVI,cal,US-MOz,6,-1.1204374336883347,0.5064047798536607,0.026929838629844313,450,68,-0.005494463639957425
NDVI,cal,US-NC2,7,-0.886222514732378,0.5143917063763747,0.0849146824457621,449,68,0.22872045531599927
NDVI,cal,US-Prr,7,-1.0989630798849523,0.5078557554522846,0.030469907261487784,449,68,0.015979890163424937
NDVI,cal,US-Rls,8,-1.161473981342969,0.5046374599863152,0.021357695020029453,448,68,-0.046531011294591806
NDVI,cal,US-Rms,8,-1.050349275455531,0.5035285109485201,0.03698063765694751,448,68,0.06459369459284625
NDVI,cal,US-Ro4,11,-1.1130851683681815,0.5101352425315049,0.029113863212846546,445,68,0.0018578016801957808
NDVI,cal,US-Rpf,9,-1.082366573986768,0.5070412771609091,0.03278785088494829,447,68,0.032576396061609225
NDVI,cal,US-Rwf,9,-1.1127082191681914,0.5074661344478832,0.02833081558489743,447,68,0.002234750880185876
NDVI,cal,US-Rws,3,-1.1205200348041993,0.503274142543263,0.025983347195631702,453,68,-0.005577064755821981
NDVI,cal,US-SRG,8,-1.136673640239835,0.5066025086512849,0.024850491149490964,448,68,-0.02173067019145769
NDVI,cal,US-SRM,5,-1.1472936100519062,0.5034499042180932,0.022675180828319146,451,68,-0.03235064000352894
NDVI,cal,US-Seg,11,-1.1435001176026498,0.5078032589610555,0.024331335844638747,445,68,-0.02855714755427252
NDVI,cal,US-Ses,5,-1.084886742014778,0.5037412019097518,0.03126692853341898,451,68,0.030056228033599197
NDVI,cal,US-Slt,9,-1.2490262116248407,0.4915457210299878,0.0110530430517745,447,68,-0.13408324157646345
NDVI,cal,US-UMd,10,-1.1359066189516325,0.5157324307327164,0.027629196423987874,446,68,-0.020963648903255194
NDVI,cal,US-Vcm,11,-1.218858278087058,0.4988341454465894,0.01454904125800829,445,68,-0.10391530803868076
NDVI,cal,US-Vcp,9,-1.0606672057744093,0.5117015995450529,0.038188689414811905,447,68,0.054275764273967964
NDVI,cal,US-Wjs,8,-1.1793479092335692,0.5038236641249959,0.019242730171303773,448,68,-0.06440493918519197
NDVI,cal,US-Wkg,9,-1.2381730141325447,0.4932330084519697,0.012062157222227638,447,68,-0.12323004408416738
NIRv,sos,AT-Neu,7,-1.2845720863679932,0.48441718807822043,0.008006660104097174,643,86,0.039485937919799374
NIRv,sos,AT-Zoe,7,-1.3805417767033639,0.4753669879253199,0.00368239958002357,643,86,-0.05648375241557124
NIRv,sos,BE-Bra,9,-1.2719566794669264,0.47780251468940715,0.007765547794673453,641,86,0.05210134482086626
NIRv,sos,BE-Maa,7,-1.2944245298716974,0.4805557016486709,0.007068507382840852,643,86,0.029633494416095196
NIRv,sos,BE-Vie,9,-1.3139632275121753,0.4839264377493984,0.006623320901619517,641,86,0.01009479677561731
NIRv,sos,CA-Cbo,8,-1.290875464888646,0.4784836614789013,0.0069789615621373615,642,86,0.033182559399146605
NIRv,sos,CA-TP1,7,-1.3155184697710356,0.4807130712500009,0.006207808575600208,643,86,0.00853955451675703
NIRv,sos,CA-TP3,7,-1.338116567922457,0.477444709764034,0.00506826159721994,643,86,-0.0140585436346643
NIRv,sos,CA-TP4,7,-1.2936970334525835,0.4782303682764352,0.006826832959452035,643,86,0.030360990835209156
NIRv,sos,CA-TPD,7,-1.3901092142105516,0.47288990234273165,0.003286315898785556,643,86,-0.06605118992275893
NIRv,sos,CH-Aws,7,-1.2683294429875418,0.48259054306094085,0.008584588741579333,643,86,0.05572858130025082
NIRv,sos,CH-Dav,7,-1.3072534717569722,0.478544343447324,0.006300293558813019,643,86,0.01680455253082047
NIRv,sos,CH-Fru,8,-1.3056390734865142,0.4879109218089032,0.00745114536694246,642,86,0.018418950801278422
NIRv,sos,CH-Lae,8,-1.2936649791791672,0.4789541784487924,0.006912711027662248,642,86,0.030393045108625394
NIRv,sos,CN-Aro,8,-1.3382369746213714,0.47773915008457785,0.005091491394001519,642,86,-0.014178950333578744
NIRv,sos,CN-Dsh,7,-1.335064153144524,0.4773806177972877,0.005163622312751573,643,86,-0.011006128856731356
NIRv,sos,CN-HeM,11,-1.3340235775122928,0.48015736565587475,0.005464331162449251,639,86,-0.009965553224500212
NIRv,sos,CN-Sdq,10,-1.3317401833728595,0.4805246666603595,0.005581077551007184,640,86,-0.007682159085066864
NIRv,sos,CN-Xi2,5,-1.3321423461636104,0.4768771057558238,0.005214571092360663,645,86,-0.008084321875817757
NIRv,sos,CN-YaS,8,-1.2974078749808924,0.4780938744280345,0.006653448906146233,642,86,0.02665014930690024
NIRv,sos,CZ-BK1,8,-1.374276831563271,0.47940327428741136,0.004148539964807047,642,86,-0.05021880727547834
NIRv,sos,CZ-Lnz,11,-1.289297308637344,0.4837736065668477,0.0076969089614404565,639,86,0.03476071565044858
NIRv,sos,CZ-RAJ,7,-1.330757327121478,0.48347577224499594,0.005914578385257954,643,86,-0.006699302833685472
NIRv,sos,CZ-Stn,8,-1.3284915772227426,0.4802894699858673,0.005674458442881894,642,86,-0.004433552934949958
NIRv,sos,DE-GsB,4,-1.352767048877065,0.4758304545586621,0.00446966501992967,646,86,-0.02870902458927227
NIRv,sos,DE-Hai,8,-1.2217645428203325,0.474635077935972,0.010049731099868014,642,86,0.10229348146746009
NIRv,sos,DE-HoH,10,-1.3201823325572157,0.4810520816370357,0.006062814827240208,640,86,0.003875691730576891
NIRv,sos,DE-Hzd,10,-1.3282809825838466,0.48770521736459704,0.006458787142853081,640,86,-0.0042229582960540135
NIRv,sos,DE-Obe,8,-1.3781964729477039,0.47771221934950553,0.003914221981376768,642,86,-0.05413844865991124
NIRv,sos,DE-RuC,10,-1.233693905223434,0.4749430246089768,0.009388819638598783,640,86,0.0903641190643587
NIRv,sos,DE-RuR,3,-1.425655752630292,0.46368564183156785,0.0021077303823435105,647,86,-0.10159772834249936
NIRv,sos,DE-RuW,9,-1.4303958488927482,0.467466151039904,0.0022141695705898035,641,86,-0.10633782460495556
NIRv,sos,DE-Tha,10,-1.4014670082279572,0.4735248759545285,0.0030799060707354486,640,86,-0.0774089839401646
NIRv,sos,DK-Sor,7,-1.316260823696251,0.47891178489297787,0.005987939576693911,643,86,0.007797200591541653
NIRv,sos,FI-Hyy,8,-1.3140763415103913,0.47917989410883577,0.006100232775260535,642,86,0.009981682777401302
NIRv,sos,FI-Let,8,-1.3038587109527082,0.48123186695266373,0.006740118289090071,642,86,0.0201993133350844
NIRv,sos,FI-Var,5,-1.3320360850307604,0.4768184248009002,0.005212621686265846,645,86,-0.007978060742967807
NIRv,sos,FR-FBn,9,-1.3033232031593227,0.4795707368878252,0.006573997591161212,641,86,0.020734821128469916
NIRv,sos,FR-Pue,11,-1.381114549001858,0.4785266512450626,0.003899477753223362,639,86,-0.057056524714065304
NIRv,sos,IT-Cp2,3,-1.4547198917051503,0.45539199642094663,0.0014010508763215167,647,86,-0.13066186741735764
NIRv,sos,IT-Lav,5,-1.363212643096118,0.47601988235904663,0.004186285745470345,645,86,-0.03915461880832538
NIRv,sos,IT-Lsn,5,-1.3600662735325852,0.47731816252909104,0.004380295522517159,645,86,-0.03600824924479262
NIRv,sos,IT-MBo,7,-1.1966837248166187,0.46461433813204506,0.010005198719319633,643,86,0.12737429947117396
NIRv,sos,IT-Ren,10,-1.3312409374063914,0.4825777633092493,0.005804883485337395,640,86,-0.007182913118598755
NIRv,sos,IT-Tor,9,-1.2450079826899183,0.47409337539989216,0.00863740584826108,641,86,0.07905004159787432
NIRv,sos,JP-Fhk,8,-1.3170851291073757,0.4795651255304676,0.006025039103193398,642,86,0.006972895180416883
NIRv,sos,JP-Fjy,6,-1.3250834772189388,0.47814803393731603,0.005583588977430701,644,86,-0.001025452931146198
NIRv,sos,JP-Tak,3,-1.3402959288262353,0.47578523517571913,0.004847169573258097,647,86,-0.01623790453844265
NIRv,sos,JP-Tef,3,-1.3073883068995826,0.47665995337829775,0.006091567963053764,647,86,0.016669717388209992
NIRv,sos,JP-Tmd,6,-1.306738788486859,0.47807525819074564,0.0062696944992910305,644,86,0.01731923580093353
NIRv,sos,JP-Yms,8,-1.2236507070620424,0.5057726660660365,0.015547459846302684,642,86,0.10040731722575025
NIRv,sos,RU-Fy2,7,-1.2951868912034143,0.48117946678955337,0.007109057833792732,643,86,0.028871133084378275
NIRv,sos,RU-Fyo,9,-1.1889072074679325,0.4638669694656968,0.010376163344120878,641,86,0.13515081681986008
NIRv,sos,SE-Svb,6,-1.3333192993078518,0.4774057526454271,0.0052247048473283856,644,86,-0.009261275020059134
NIRv,sos,US-Aud,4,-1.329769244676376,0.476624791865269,0.005271279785424201,646,86,-0.0057112203885834045
NIRv,sos,US-Bar,9,-1.325886433816867,0.47886283696382564,0.005625919068992906,641,86,-0.0018284095290743707
NIRv,sos,US-CMW,8,-1.4134506259591277,0.4694878195650815,0.0026071269970661982,642,86,-0.08939260167133511
NIRv,sos,US-Ha1,11,-1.3624061523088307,0.4788996467629811,0.00444298680704399,639,86,-0.03834812802103804
NIRv,sos,US-ICh,4,-1.3259892217791258,0.4763833370944883,0.005378414394275694,646,86,-0.001931197491333192
NIRv,sos,US-ICt,4,-1.3242675586388146,0.4764586697357501,0.005446000553492802,646,86,-0.00020953435102200046
NIRv,sos,US-Jo1,6,-1.344895556978734,0.47728407549284435,0.0048352502717637,644,86,-0.02083753269094135
NIRv,sos,US-KFS,4,-1.393390319612732,0.47157346402357225,0.003129039555656754,646,86,-0.06933229532493934
NIRv,sos,US-Kon,4,-1.2391782283163069,0.47391384779494977,0.008928617055291401,646,86,0.08487979597148576
NIRv,sos,US-MMS,7,-1.3599197618971002,0.47649540107695476,0.004317199309130103,643,86,-0.035861737609307553
NIRv,sos,US-MOz,6,-1.3302921444243472,0.4779626183705628,0.00538163873593914,644,86,-0.006234120136554555
NIRv,sos,US-Mpj,8,-1.3053254000290526,0.4800183045318832,0.0065415454194673005,642,86,0.018732624258740005
NIRv,sos,US-MtB,8,-1.304355939390184,0.4784180995676644,0.0064030635607985956,642,86,0.019702084897608607
NIRv,sos,US-NC2,9,-1.1094111460964127,0.4782981328366476,0.02036809660087344,641,86,0.21464687819137995
NIRv,sos,US-Prr,7,-1.3263220630204553,0.47816082698090234,0.005540588520370254,643,86,-0.0022640387326626765
NIRv,sos,US-Rls,9,-1.3248175871298917,0.4786444569388417,0.005642686769540958,641,86,-0.0007595628420991041
NIRv,sos,US-Rms,8,-1.2816797838350773,0.4779984001875421,0.007332634177012153,642,86,0.04237824045271532
NIRv,sos,US-Ro4,11,-1.317942203789282,0.4802189639081847,0.006061036124673775,639,86,0.00611582049851056
NIRv,sos,US-Rpf,9,-1.3231384071953167,0.4791102352250127,0.005750875941912299,641,86,0.0009196170924758995
NIRv,sos,US-Rwf,9,-1.311222648067495,0.47893456273552154,0.006185340503159614,641,86,0.012835376220297734
NIRv,sos,US-Rws,9,-1.3505917628496085,0.4780524606557416,0.004725174443020415,641,86,-0.026533738561815845
NIRv,sos,US-SRG,4,-1.3471797025181866,0.4755843411415152,0.004615912899186116,646,86,-0.023121678230394016
NIRv,sos,US-SRM,4,-1.4245159386446642,0.46455409962464844,0.0021664195965275385,646,86,-0.10045791435687157
NIRv,sos,US-Seg,8,-1.3707734046356908,0.47601982720699615,0.003981091479127038,642,86,-0.04671538034789813
NIRv,sos,US-Ses,5,-1.37192856358352,0.47407566471078316,0.0038048676808437785,645,86,-0.04787053929572749
NIRv,sos,US-Slt,9,-1.3746084683767708,0.47651868293123223,0.003917998073950853,641,86,-0.05055044408897813
NIRv,sos,US-Ton,11,-1.3866107751949528,0.4763485046046168,0.0036037018038670506,639,86,-0.06255275090716017
NIRv,sos,US-UMd,10,-1.3003285014866957,0.4822882318688537,0.007014297735056829,640,86,0.02372952280109697
NIRv,sos,US-Var,3,-1.3322331565112773,0.47625319974475133,0.005152828400436197,647,86,-0.008175132223484649
NIRv,sos,US-Vcm,11,-1.3790750727413932,0.476070296046193,0.003770035366994494,639,86,-0.05501704845360056
NIRv,sos,US-Vcp,12,-1.267919086821744,0.4788150098313287,0.008096105157282938,638,86,0.05613893746604859
NIRv,sos,US-Wjs,11,-1.3519714153062357,0.48189958412725864,0.005023789169928909,639,86,-0.027913391018443034
NIRv,sos,US-Wkg,5,-1.298733793519157,0.47794153437690107,0.00658072410634051,645,86,0.025324230768635658
NIRv,cal,AT-Neu,7,-1.5489530927968271,0.4306698594325369,0.00032238677090442436,674,87,-0.05962133457250829
NIRv,cal,AT-Zoe,7,-1.5422031846590942,0.43174772154393204,0.0003542643983157192,674,87,-0.05287142643477538
NIRv,cal,BE-Bra,9,-1.4660646769613375,0.43614951925960255,0.0007755378629054005,672,87,0.02326708126298138
NIRv,cal,BE-Maa,7,-1.4592997011275586,0.4381758876601813,0.0008672221340517149,674,87,0.030032057096760267
NIRv,cal,BE-Vie,9,-1.4713803279056115,0.4384882852212361,0.0007920017789230422,672,87,0.017951430318707384
NIRv,cal,CA-Cbo,8,-1.45519258680436,0.43679561217883683,0.0008637361275934246,673,87,0.034139171419958814
NIRv,cal,CA-TP1,7,-1.527103363499916,0.4352748988658118,0.0004508694414221319,674,87,-0.0377716052755972
NIRv,cal,CA-TP3,7,-1.5247743823199171,0.4330705445579696,0.00043017353778220256,674,87,-0.035442624095598285
NIRv,cal,CA-TP4,7,-1.4732741738076511,0.4357990833236513,0.0007232062904763392,674,87,0.016057584416667714
NIRv,cal,CA-TPD,7,-1.5620677553956237,0.4277106659344768,0.00026004384375453613,674,87,-0.07273599717130486
NIRv,cal,CH-Aws,7,-1.458362655732814,0.4372943447739837,0.0008530920913828569,674,87,0.030969102491504863
NIRv,cal,CH-Dav,7,-1.470221808798536,0.4357069131343839,0.0007399381445878787,674,87,0.019109949425782924
NIRv,cal,CH-Fru,8,-1.4699582999778276,0.44464354952311286,0.0009466336647831926,673,87,0.019373458246491282
NIRv,cal,CH-Lae,8,-1.471151097450463,0.4359245894569093,0.000738737913235089,673,87,0.01818066077385594
NIRv,cal,CN-Aro,8,-1.5033432360482097,0.4348581890410854,0.0005460455293544703,673,87,-0.014011477823890894
NIRv,cal,CN-Dsh,7,-1.5030536260798506,0.4345704355853545,0.0005427665788524624,674,87,-0.013721867855531755
NIRv,cal,CN-HeM,11,-1.5089236752911928,0.4371943019153283,0.0005577276828243816,670,87,-0.01959191706687391
NIRv,cal,CN-Sdq,11,-1.5102642223221014,0.4397528850518326,0.000593982185743048,670,87,-0.0209324640977826
NIRv,cal,CN-Xi2,6,-1.4867492266861553,0.4350359935593615,0.0006319177300787398,675,87,0.0025825315381635683
NIRv,cal,CN-YaS,8,-1.4562582486090576,0.43540088836162444,0.0008239010367273701,673,87,0.03307350961526123
NIRv,cal,CZ-BK1,8,-1.5146158702935326,0.4363967637952227,0.0005190432681033128,673,87,-0.02528411206921377
NIRv,cal,CZ-Lnz,11,-1.4782217192418268,0.44054419492958674,0.0007923747384002383,670,87,0.011110038982492076
NIRv,cal,CZ-RAJ,7,-1.504681043784873,0.43669570661843077,0.0005697819140038775,674,87,-0.015349285560554149
NIRv,cal,CZ-Stn,8,-1.495940359468705,0.43723233798988664,0.0006230296419689238,673,87,-0.006608601244386225
NIRv,cal,DE-GsB,4,-1.508738788349077,0.43307397293194777,0.0004943671659776259,677,87,-0.019407030124758196
NIRv,cal,DE-Hai,8,-1.3791285682528536,0.43203502314591113,0.0014120895698601335,673,87,0.11020318997146528
NIRv,cal,DE-HoH,10,-1.4950028726157978,0.4380660013966443,0.0006431461207210248,671,87,-0.0056711143914789375
NIRv,cal,DE-Hzd,10,-1.4850704534681272,0.4457195505286137,0.0008627090288009118,671,87,0.004261304756191686
NIRv,cal,DE-Obe,8,-1.4859621364882223,0.43754768215935574,0.0006834969914713028,673,87,0.003369621736096562
NIRv,cal,DE-RuC,10,-1.3652619618627562,0.42339330647259016,0.001261613765709697,671,87,0.12406979636156268
NIRv,cal,DE-RuR,3,-1.493291840283888,0.4332781827977572,0.0005679054376495179,678,87,-0.003960082059569103
NIRv,cal,DE-RuW,9,-1.5314585813060078,0.43497830533367904,0.00043029562293281815,672,87,-0.04212682308168891
NIRv,cal,DE-Tha,10,-1.5072849435389455,0.4361474776844578,0.0005484453404598094,671,87,-0.01795318531462664
NIRv,cal,DK-Sor,7,-1.4829577203314137,0.4361053974897072,0.000672732769981761,674,87,0.006374037892905138
NIRv,cal,FI-Hyy,8,-1.4927237734688814,0.4364174044221373,0.000625282332833418,673,87,-0.003392015244562563
NIRv,cal,FI-Let,8,-1.479630444338934,0.4406456905422426,0.0007854586686314623,673,87,0.009701313885384755
NIRv,cal,FI-Var,5,-1.4947070768408004,0.4341847311077521,0.0005762355856223249,676,87,-0.00537531861648155
NIRv,cal,FR-FBn,9,-1.551521960016964,0.4311068318514773,0.00031953302356024,672,87,-0.06219020179264523
NIRv,cal,FR-Pue,11,-1.4862387811418085,0.4374757420132251,0.0006805292543926509,670,87,0.0030929770825103287
NIRv,cal,IT-Cp2,3,-1.5224956287373406,0.4314617202035139,0.0004176184806794999,678,87,-0.03316387051302172
NIRv,cal,IT-Lav,5,-1.5032128991197298,0.43411281881841557,0.0005347365013909297,676,87,-0.013881140895410926
NIRv,cal,IT-Lsn,6,-1.5087810481952124,0.43461643962584884,0.0005175146342124768,675,87,-0.01944928997089357
NIRv,cal,IT-MBo,7,-1.3684695592451928,0.4246726002845849,0.001271167539019238,674,87,0.12086219897912609
NIRv,cal,IT-Ren,10,-1.4769980837311802,0.4435308662552623,0.0008681764916665512,671,87,0.012333674493138602
NIRv,cal,IT-Tor,9,-1.4092451725504063,0.43147783147448093,0.0010904381704938688,672,87,0.08008658567391258
NIRv,cal,JP-Fhk,8,-1.4833355869800091,0.43648783977069733,0.0006779525376624849,673,87,0.005996171244309734
NIRv,cal,JP-Fjy,6,-1.4594745515866387,0.4356797833518788,0.0008084687242354634,675,87,0.0298572066376801
NIRv,cal,JP-Tak,3,-1.5084002499271256,0.43283544854866934,0.0004922700107934468,678,87,-0.019068491702806778
NIRv,cal,JP-Tef,3,-1.4719410136702349,0.4341439320399131,0.0006977931906156146,678,87,0.01739074455408396
NIRv,cal,JP-Tmd,6,-1.4584973100795104,0.4360838034264336,0.0008242078848358359,675,87,0.030834448144808402
NIRv,cal,JP-Yms,8,-1.3779667257722599,0.4610093617270557,0.002798727712796245,673,87,0.11136503245205898
NIRv,cal,RU-Fy2,7,-1.461700704211308,0.4385945930725237,0.000860100923080954,674,87,0.027631054013010914
NIRv,cal,RU-Fyo,9,-1.4556187177749145,0.43623164485263255,0.0008474823519279652,672,87,0.033713040449404374
NIRv,cal,SE-Svb,6,-1.5044617285802915,0.43427680287875,0.0005316287546448822,675,87,-0.015129970355972633
NIRv,cal,US-Aud,9,-1.5385301498741075,0.4326810610949215,0.0003768212854352149,672,87,-0.049198391649788675
NIRv,cal,US-Bar,8,-1.503532940328119,0.4353933996492789,0.0005538250507151314,673,87,-0.01420118210380017
NIRv,cal,US-CMW,8,-1.6010865163352417,0.4187329525285788,0.00013149274905960257,673,87,-0.11175475811092284
NIRv,cal,US-GLE,3,-1.4847470748243436,0.43356065583474385,0.0006158345587586613,678,87,0.004584683399975198
NIRv,cal,US-Ha1,11,-1.555413041120817,0.4316916121581589,0.0003144865578884454,670,87,-0.06608128289649806
NIRv,cal,US-ICh,5,-1.491633468509821,0.43409614062264873,0.0005899738773650151,676,87,-0.002301710285502079
NIRv,cal,US-ICt,5,-1.4910628410042903,0.4341730873072983,0.0005941761265939432,676,87,-0.0017310827799714712
NIRv,cal,US-Jo1,7,-1.48592902920415,0.43514004209269674,0.0006382196060115254,674,87,0.0034027290201688043
NIRv,cal,US-KFS,4,-1.563631311251049,0.4259508559342829,0.00024167943734988066,677,87,-0.07429955302673008
NIRv,cal,US-Kon,4,-1.4048102313180157,0.43387745872276895,0.0012045347345304351,677,87,0.0845215269063031
NIRv,cal,US-MMS,7,-1.5260449884407816,0.43309182118283307,0.0004257165941080304,674,87,-0.03671323021646278
NIRv,cal,US-MOz,6,-1.4861605842616676,0.43549765846297483,0.0006435646577122343,675,87,0.003171173962651208
NIRv,cal,US-Mpj,9,-1.4613190253367196,0.43683597050199874,0.0008221284798127062,672,87,0.0280127328875992
NIRv,cal,US-MtB,8,-1.4618916937615298,0.4365369178725885,0.0008115104566111664,673,87,0.027440064462789016
NIRv,cal,US-NC2,9,-1.2997632499550473,0.4417810277267762,0.00325996332851058,672,87,0.18956850826927152
NIRv,cal,US-Prr,7,-1.491939137017722,0.4361501232161234,0.0006245997461785788,674,87,-0.0026073787934031145
NIRv,cal,US-Rls,9,-1.5238609280403919,0.4339768723806334,0.0004457742376753845,672,87,-0.03452916981607301
NIRv,cal,US-Rms,8,-1.4524411163397755,0.43538278834819205,0.0008499026064465168,673,87,0.036890641884543385
NIRv,cal,US-Ro4,11,-1.4837071572704832,0.4376842018422857,0.0006991726017402056,670,87,0.005624600953835657
NIRv,cal,US-Rpf,9,-1.4911460046688698,0.436364498739061,0.0006326812137565227,672,87,-0.001814246444550971
NIRv,cal,US-Rwf,9,-1.4810666200921168,0.4361851278851353,0.0006850336333131679,672,87,0.008265138132202088
NIRv,cal,US-Rws,9,-1.5498558324513723,0.4308095628216666,0.00032123767205258105,672,87,-0.060524074227053415
NIRv,cal,US-SRG,8,-1.531202410503581,0.4325911581735163,0.0004007242740608623,673,87,-0.04187065227926223
NIRv,cal,US-SRM,7,-1.6405609739463185,0.40435805075841547,4.966481812707485e-05,674,87,-0.15122921572199965
NIRv,cal,US-Seg,12,-1.4951709200368128,0.43703818382533377,0.0006235811655015727,669,87,-0.005839161812493998
NIRv,cal,US-Ses,6,-1.5325573071303944,0.43170957912473973,0.00038527080747012354,675,87,-0.04322554890607555
NIRv,cal,US-Slt,9,-1.5685690738933697,0.4278118039301506,0.0002458994460578211,672,87,-0.0792373156690509
NIRv,cal,US-Ton,11,-1.528543742438048,0.434821452678314,0.0004391970318505561,670,87,-0.03921198421372907
NIRv,cal,US-UMd,10,-1.4591472361430644,0.4416317684323304,0.0009531900930375938,671,87,0.03018452208125444
NIRv,cal,US-Var,3,-1.4948674934658963,0.4333085463957423,0.000560811795564825,678,87,-0.005535735241577466
NIRv,cal,US-Vcm,11,-1.5532709278407786,0.43110428550948776,0.00031455938661208274,670,87,-0.06393916961645973
NIRv,cal,US-Vcp,12,-1.3734453186657725,0.4322912547792706,0.0014874057893249266,669,87,0.11588643955854638
NIRv,cal,US-Wjs,11,-1.5101645306326104,0.43673766957288,0.0005445452749037655,670,87,-0.02083277240829151
NIRv,cal,US-Wkg,10,-1.4596826982345998,0.4365778754420201,0.0008273923147029147,671,87,0.029649059989719007
