site_id,year,vi_index,EOS90,EOS50,EOS10,senescence_kinetic_i,leaf_out_90,temperature_senescence_rate,photoperiod_senescence_rate
BE-Dor,2020,NDVI,303.0,303.0,303.0,0.9939331475105734,203.11329535474704,,
BE-Dor,2020,NIRv,150.98991337930346,172.06667191294943,193.7832738565112,0.1007836500906283,94.2211154551004,0.06520643310178194,0.00016411670598580843
BE-Dor,2022,NIRv,138.76220920701053,160.00700366471784,193.9982766856636,0.0565404321399129,112.82467118740789,0.05608708513708512,0.008434710774382162
BE-Dor,2023,NIRv,158.42656590707182,166.97164153218893,175.54775962044968,0.256091453028315,106.6651692443608,-0.04009313725490197,0.008429235565589187
BE-Maa,2018,NDVI,140.47475549623056,171.84577506580976,240.4856571808061,0.0252767829388505,129.48319811432958,0.018732577257725782,-0.020248893376885072
BE-Maa,2018,NIRv,199.75853649575097,262.82486159071715,321.70123615471414,0.029702049915348,151.58273247992398,-0.141692437074757,-0.05941066082514884
BE-Maa,2022,NDVI,192.9862575230232,227.13793302576207,296.0697533540056,0.0200585371308594,157.04827562728212,-0.11763252427184467,-0.059000991194875015
BE-Maa,2022,NIRv,199.83076798524053,243.92909334401264,314.176077665612,0.0186748589385087,159.75529886720682,-0.10280460033141325,-0.06013557922261767
BE-Maa,2023,NDVI,,,,1.334637037052078,178.89222485148588,,
BE-Maa,2023,NIRv,276.33092901435685,278.19528060841344,278.8777475979676,0.407994830196178,151.6333442291219,,-0.06558553784365498
BE-Maa,2024,NDVI,201.820011361507,263.189553229843,304.2979567413938,0.0240121201308178,159.398530113903,-0.10609028906558893,-0.06102429763325593
BE-Maa,2024,NIRv,218.9469884006552,254.81701061064095,297.680448960107,0.0250158103916729,183.91322631417012,-0.1397709104186953,-0.06377527509085867
BE-Maa,2025,NDVI,206.430503397824,256.32943285952075,334.8308824074643,0.0127175078318471,161.01655524276913,-0.11922220918787768,-0.05811959177018606
BE-Maa,2025,NIRv,213.27465767161095,262.26364051416294,333.7854659082954,0.0179283843850165,166.6285662182076,-0.12909164872560594,-0.05888112251929508
CA-TP3,2023,NDVI,276.0066821237841,294.6774650963263,303.90701246322897,0.0993401250086767,159.2407244513621,-0.1059200244200244,-0.04642285355418941
CA-TP3,2023,NIRv,245.83768452544595,279.9795932455282,300.3704183835025,0.056643740456445,153.31582547599447,-0.18597373737373737,-0.04825215825055886
CN-HaM,2013,NDVI,237.0711641550006,269.76118127013245,302.0605074321237,0.0476406720174489,188.2289906482497,-0.1909895104895105,-0.039997062791724255
CN-HaM,2013,NIRv,234.5767083173443,260.21358971431624,290.0112268850831,0.0653745237875858,192.73014659561176,-0.16593380041011616,-0.040501375470650344
CN-HaM,2014,NDVI,240.74338413514263,271.2670041967744,295.1148794418389,0.0601955675580919,178.74758486631947,-0.17132373737373735,-0.04047695823869621
CN-HaM,2014,NIRv,234.93187208499705,259.95323321401884,285.77553907061593,0.072787114274486,187.7638916035118,-0.13662561085972852,-0.0406181781204743
DE-Gri,2015,NDVI,288.6593290394628,308.63184245730906,328.56110951003865,0.1099826047152875,113.77373007138534,-0.005291932457786134,-0.053814902275923754
DE-Gri,2015,NIRv,286.3239654139288,302.35295059339927,318.3793739367196,0.1370796359710058,111.81469297669952,0.21122580645161296,-0.05786211826792326
DE-Gri,2018,NIRv,150.48050280369395,166.43060806962276,185.1846435767548,0.1143337335301526,128.84937234701235,-0.12320784313725489,0.007108142917073869
DE-Gri,2019,NDVI,87.60286055103896,130.3648356108171,219.936552919456,0.0179202104237004,76.87671202263836,0.11800427856594993,0.017746443905037754
DE-Gri,2019,NIRv,154.7839620842282,190.6355419891621,256.81924739442576,0.0225373736044842,123.4021020329788,-0.03146113960339495,-0.035311355456110104
DE-Gri,2022,NIRv,125.63930538636237,151.902490362789,207.21296769093615,0.032951115632082,115.05935468425294,0.07272034479380937,0.0076541478396960185
DE-Gri,2024,NDVI,193.6861585752389,257.3082837666438,339.997442171033,0.0136760315386565,130.88336832590358,-0.14088508960504365,-0.05529795779608722
DE-GsB,2015,NIRv,179.2516882490012,248.19169917364252,318.5318221037712,0.0139003088445657,128.0502827402349,-0.11227477099066087,-0.05704778592157875
DE-GsB,2022,NIRv,134.73176166136966,156.8391594131937,200.69217501145644,0.0407589446308972,115.74965334454272,0.07056743554952508,0.006827759410095485
DE-GsB,2023,NDVI,154.59293848424076,160.00122027037855,165.69489115752228,0.3783410414353738,131.12284470992682,0.32440000000000013,0.02030049890673014
DE-GsB,2023,NIRv,154.3723935201983,160.64057967730324,167.3016320208572,0.3265276185481637,133.72280483541323,0.08548351648351646,0.019180977821607725
DE-GsB,2024,NDVI,151.19463306945897,186.82629022001024,255.6597186503307,0.0234974639025902,120.09700848763838,0.0496903606102635,-0.034196818348793276
DE-GsB,2024,NIRv,160.9996492878454,208.2082010041235,285.74254782338846,0.0171645173194605,120.70354260176182,-0.034855662058371734,-0.04721668602668827
DE-Hai,2022,NDVI,269.651723507806,296.5529716252498,317.54132253098004,0.0784665393189346,132.1481895362449,0.01094425749023013,-0.06093529349220035
DE-Hai,2022,NIRv,188.8099464775536,246.9138842317061,298.59115755577085,0.0342811917111404,128.11690344344635,-0.10643152627189328,-0.05808666059369079
DE-Hai,2023,NDVI,183.7565153930723,217.44112035897885,250.6883944181204,0.0001,134.95938793878568,-0.018859765344401,-0.05022323343472701
DE-Hai,2023,NIRv,174.0620004327838,218.4376143313628,251.48620656507643,0.0159848921378765,138.95767245944276,-0.00866772700983228,-0.04537897449929097
DE-Hai,2024,NDVI,286.1686286525389,296.4489234203123,306.40366079683264,0.2128569046013503,126.89899676192655,-0.16865789473684212,-0.06125473967164703
DE-Hai,2024,NIRv,211.9559261716634,259.4044169791304,300.1391589411959,0.0386959994340663,139.55555359197675,-0.14519627170582225,-0.06306880915158632
DE-HoH,2015,NDVI,282.9314321487914,298.2400903639361,313.4418100209981,0.1434047684463777,117.75027774352536,0.3390342741935484,-0.06255893350327386
DE-HoH,2015,NIRv,203.2033590052966,268.92680449300946,319.9967561815186,0.030435878376242,118.65029179632783,-0.11402622150463229,-0.06278653351987834
DE-HoH,2022,NDVI,157.09645705902443,218.17074608360315,295.1161149384956,0.0086219232130584,123.61499858575422,-0.062337848667432284,-0.046612877389309595
DE-HoH,2022,NIRv,206.68676708141749,266.7933091439279,308.6214523333094,0.0248584915385287,138.57934064964084,-0.1019449706249894,-0.06432596515850496
DE-HoH,2023,NDVI,256.88480687074184,258.58657077531177,260.28654315783047,1.2928995784910746,133.32495670448455,,-0.06896508829711585
DE-HoH,2023,NIRv,193.1086056040809,231.8894713137477,260.4825121571397,0.0172773262815088,145.66235077972556,0.010496567962327381,-0.0584228270111454
DE-HoH,2024,NDVI,248.0745038766875,289.7039059772316,312.3402137882013,0.0459837301534634,122.33087696475744,-0.14804684065934065,-0.06598709789729698
DE-HoH,2024,NIRv,169.49176219399206,244.8343367983196,301.13794597568057,0.0205138742115133,123.66204934155266,-0.07169892201009113,-0.0532068102097801
DE-HoH,2025,NDVI,249.41423561988253,285.24450414064046,310.6805675594006,0.0574630237779778,123.08410024782476,-0.13152633527234264,-0.06620764483799232
DE-HoH,2025,NIRv,222.53291509547807,269.04940639521004,305.0299468447046,0.0436017741920594,128.10163935309262,-0.16615971201880697,-0.06637519956487518
DE-RuW,2022,NDVI,189.6610988231384,231.75646023317748,288.83030213807285,0.0115720446457681,153.07445237756244,-0.12716021026592456,-0.05667697573885577
DE-RuW,2022,NIRv,197.17818804728148,242.34389077451797,288.2024575975954,0.032980580721511,149.1853788824992,-0.15571415830546265,-0.05879169559943428
DE-RuW,2023,NDVI,,,,0.1124324696534622,159.16144989206404,,
DE-RuW,2023,NIRv,194.3036205589061,225.75565386636936,256.15188311611,0.0218989904178317,156.69648771965225,0.08497514542570067,-0.05460535764664945
DE-RuW,2024,NDVI,190.5706790458807,245.33849778834323,295.0108235050791,0.0055871175252924,145.69141024583365,-0.09383990255027992,-0.05723239035395891
DE-RuW,2024,NIRv,214.9753533033576,253.32614230981437,292.59142787496097,0.0277560381172144,164.65633520507933,-0.1443820356858332,-0.062312510268919215
DE-Tha,2015,NDVI,331.5143875395676,354.9245659016793,370.1573929079417,0.08660141440132,97.9052602803219,0.0700820473644003,-0.006278577835723927
DE-Tha,2015,NIRv,186.57048490052944,262.49336079765897,334.1608209569409,0.0247636818798608,128.227297578224,-0.1247175747861271,-0.055062205495117374
DE-Tha,2018,NDVI,211.26088916542295,214.09431658971448,216.9274942153266,0.7759152344588374,130.13870869136665,-0.7050000000000001,-0.052145823877523624
DE-Tha,2018,NIRv,195.6740421700106,255.18113259982852,305.77476072717945,0.0292160735287198,132.18060786530157,-0.1498822442125194,-0.059641111720078265
DE-Tha,2019,NDVI,247.55024288035813,286.986980096151,307.9931763469346,0.0461073767254502,140.55921084874822,-0.06976179494303975,-0.06392292630053345
DE-Tha,2019,NIRv,197.6554544049002,256.7287646837675,300.8208657649049,0.0229805384276428,137.12259846138673,-0.11160590651495852,-0.060173049801127546
DE-Tha,2022,NDVI,269.0654091791617,294.11477513330885,315.7841951430275,0.0858612645462824,137.14645692220918,0.025345482577859995,-0.06114600120586916
DE-Tha,2022,NIRv,204.1994158741708,258.1188177591642,305.5615888903333,0.0354856636133511,135.35494250613675,-0.10330505532906235,-0.06137491404430664
DE-Tha,2023,NDVI,218.8196951357261,248.6732410109518,276.9437733109586,0.0001,151.21350045514907,-0.04350539850502939,-0.06374542927517889
DE-Tha,2023,NIRv,196.64156186621935,238.57690547447444,274.59343170231006,0.0188435392675264,151.9966001182128,-0.002105325054692139,-0.0587667082730154
DE-Tha,2024,NDVI,175.83533961080138,282.74508518158245,356.2395340439691,0.0139866190616517,105.96100008295552,-0.12732498937526562,-0.04772293272752311
DE-Tha,2024,NIRv,204.01840290261032,266.8235965712867,331.5794087535316,0.0288501536982785,129.9045208437365,-0.16067178126171733,-0.05848130790042699
DK-Sor,2022,NDVI,164.3266097802164,209.27120754931815,278.88390267997863,0.0157324446651007,135.1510990166503,-0.040782280634252044,-0.05519583863398317
DK-Sor,2022,NIRv,185.09602162051576,239.018256898555,291.1453099053586,0.0255452449284485,139.67634705220811,-0.07336314582965968,-0.06757910224731271
DK-Sor,2023,NDVI,272.8030183518448,273.6390424111947,273.94164864938443,1.9297993220912408,133.63445510820463,,-0.07789607415038281
DK-Sor,2023,NIRv,202.6662185444896,244.07099904853123,268.4242205415404,0.0338818573728925,146.5265640320199,0.01051871412169921,-0.07174478870287553
DK-Sor,2024,NDVI,232.13442269228065,275.5525838672522,296.4995835567583,0.0394460170120942,136.97505200420588,-0.15229278846153846,-0.07679713260883574
DK-Sor,2024,NIRv,192.46732274366207,245.91728075567124,288.7816801437995,0.0235785174417965,142.94810092299923,-0.08297275501899078,-0.0701331713412668
FI-Hyy,2025,NDVI,186.27450391851792,222.33057214545585,277.59472731973483,0.0165116305498455,159.08841222215662,-0.15345046982003505,-0.09073408065474316
FI-Hyy,2025,NIRv,202.22456461226412,236.83992967515312,280.20610124260514,0.0315165816669003,167.9486305862728,-0.17897310284652052,-0.09665445288477245
FI-Let,2023,NDVI,259.2581529861829,284.6544332833825,299.24801281690185,0.0725960947594258,178.22011522963194,-0.4368807692307692,-0.09462202461311289
FI-Let,2023,NIRv,251.6764638187916,260.0061875274492,268.33575344928647,0.2637824204141871,152.49012347359434,-0.1168455882352941,-0.09556813126811922
FI-Let,2024,NDVI,314.0,314.0,314.0,0.2703604150465302,114.1311646806153,,
FI-Let,2024,NIRv,218.792681888674,251.7792050505006,283.525865730439,0.0649450670332537,150.51459430598183,-0.16646394230769232,-0.09403435966215713
FR-Bil,2022,NDVI,354.0,354.0,354.0,1.3334035691785389,141.68005342643946,,
FR-Bil,2022,NIRv,138.7324712747107,160.43444738173,187.25160447683632,0.0632628443389395,104.37913792877724,0.03354673469387758,0.01040227848950352
FR-Bil,2023,NDVI,143.9584032682862,179.60066053656163,247.68438052618583,0.0197758031418814,133.23761638231153,0.012127323162274616,-0.019829036887175397
FR-Bil,2023,NIRv,233.0016663312729,267.475391144525,288.37101561070807,0.0336999538284577,176.94460673562202,-0.10205937950937947,-0.05174429383278029
FR-Bil,2025,NIRv,174.24489763327475,201.83140843663543,245.0500432319358,0.0431966329400054,139.9630712076312,-0.03103373574782024,-0.033616332881952024
FR-FBn,2013,NDVI,371.4262236933587,373.2237670268873,373.8812577559166,0.8953527666057071,261.9967246608971,,0.0191950321541144
FR-FBn,2014,NIRv,228.2290295674449,268.99659337426647,302.8279403240934,0.0512058961248239,161.95518880265948,-0.08124269529803778,-0.048594642170730826
FR-FBn,2015,NDVI,257.33266633316657,257.33266633316657,265.2667400507244,0.1001347639485419,-8.0,-0.32377380952380935,-0.050550056177918884
FR-FBn,2015,NIRv,225.31303257224548,279.8284960670616,318.54111779375205,0.036086896199674,132.192923246691,-0.10887342962012475,-0.046964519936031915
FR-FBn,2017,NDVI,350.52896660209484,351.6192659398582,352.70696355519806,1.929818884750311,339.9373598615562,,-0.00382571411410994
FR-FBn,2017,NIRv,200.74426202998535,250.50140173717247,323.99636474721365,0.0154940722454689,154.8022848146183,-0.12865693077607665,-0.044420983603412484
FR-FBn,2020,NIRv,166.01855076520573,240.24198792856728,312.05664209580914,0.0166205639935117,131.7259306932116,-0.08498176665092112,-0.03737796665320627
FR-FBn,2023,NIRv,212.565744414622,262.5771428047424,334.94493804686675,0.0146631156679868,155.14537258123605,-0.1401619220080563,-0.04388497797581624
FR-Pue,2015,NDVI,,,,1.099824195646376,325.3115270903796,,
FR-Pue,2015,NIRv,212.4599493758311,271.5160994140902,325.96418243381834,0.0241357869632021,149.14826039250164,-0.1038519113048107,-0.04615261828534844
FR-Pue,2017,NDVI,295.5052301452246,305.44541860806305,331.399442859557,0.0578682372224735,-5.0,-0.1905885456885457,-0.03810809774161875
FR-Pue,2017,NIRv,202.07228898623285,238.31453856155343,274.5410468179258,0.060554757340401,80.53737604227759,-0.13588164833751362,-0.04614893347566894
FR-Pue,2018,NIRv,226.62073812568437,266.5425345043316,306.187594958292,0.0547004540442719,137.41305953699958,-0.15761923347398032,-0.049144491659280275
FR-Pue,2019,NIRv,99.03995157879164,165.15158269314253,263.1676102351286,0.0122629871941997,78.36742871825861,0.07615436589446765,-0.005352247479848347
FR-Pue,2021,NDVI,334.58098668928847,343.90144684664847,357.40060196605697,0.0333893669664992,321.30251286688684,-0.13602964426877467,-0.010136860596281645
FR-Pue,2021,NIRv,200.51996111133928,243.95000725238864,311.06833367514326,0.0234336516067572,153.07887728385057,-0.1251744383994384,-0.046248352844997294
FR-Pue,2022,NIRv,210.54992398774425,256.550721425605,307.25881693790484,0.0382666626045344,150.0520870772158,-0.13071495634336205,-0.04778556508910655
FR-Pue,2023,NIRv,228.2008895542513,273.13085315257126,334.4926083800683,0.0222493866753636,177.61955719545708,-0.1664536362949342,-0.04514190855511741
FR-Pue,2024,NIRv,243.77632766123733,268.10432552521445,292.41755051046044,0.0903102103990801,113.62703576151254,-0.12205224489795913,-0.050596604687923694
FR-Pue,2025,NIRv,242.29765646689447,289.36939540712683,335.48887961455125,0.0430426740425427,146.01191783829552,-0.13636544716660204,-0.044479047926011234
IT-Cp2,2017,NDVI,,,,3.746581487174409,298.08384075630244,,
IT-Cp2,2017,NIRv,130.91928379846487,150.20191927732307,199.30611417730157,0.0340404369750799,123.58510850202656,0.11679864815491414,0.006786139562751807
IT-Cp2,2020,NDVI,44.65504989265273,92.46299301072894,142.31213377899255,0.0438370578905961,,0.0741574635477434,0.04361736757650813
IT-Cp2,2020,NIRv,188.81539187746907,210.12787029491108,231.473431676814,0.0960468300736093,129.83673304972243,-0.10113742071881608,-0.03257119000809455
IT-Cp2,2022,NDVI,47.20173113166201,80.59478837125944,118.92471255298685,0.0561307919513668,7.9447128183948115,0.1018029175050302,0.046158206028018414
IT-Cp2,2022,NIRv,166.87530785182,168.26441358887615,169.65511008955028,1.583560484770967,9.116919570320167,,0.004489661664612668
IT-Cp2,2023,NIRv,188.41430790587927,231.5441612244809,304.1689805460798,0.0216386295498754,147.08086567845714,-0.06242964671510399,-0.04097494889734482
IT-Cp2,2025,NIRv,184.3824853227977,248.02406237369576,317.164423231391,0.0277728672060012,128.34961999825325,-0.07924449862784505,-0.039828995230185904
IT-MBo,2022,NDVI,245.7290151374184,290.5232760378139,314.96259123545286,0.0416872606046111,171.43364703886635,-0.07817343807088054,-0.052488563067900305
IT-MBo,2022,NIRv,170.12657831647553,238.75091081418515,299.3135653392674,0.0216710742714981,134.10188380742457,-0.06747428443649373,-0.04235170919186633
IT-MBo,2023,NDVI,178.42133658337124,186.4062929873622,199.06736508122327,0.1587984342220986,,0.2856727272727273,-0.019697053573794376
IT-MBo,2023,NIRv,180.55828991241304,199.3456915818256,234.4075406153534,0.05305861498711,,0.03056485610825234,-0.03562596114832315
IT-MBo,2024,NDVI,173.43123708744702,254.6656325322959,327.3290196027436,0.015916343808676,138.76205830080255,-0.09911353655831835,-0.04323595361414305
IT-MBo,2024,NIRv,180.272829456059,224.42650641553556,294.4708351715367,0.0243397236900941,164.37105717421392,-0.10270648630039896,-0.04545784386873121
IT-Ren,2017,NDVI,217.86387590874523,257.975885068131,296.56172235921343,0.0113556202961746,171.85732494383552,-0.10468566212268747,-0.05426930852053399
IT-Ren,2022,NDVI,255.07048542844265,293.92804758270137,315.592123944394,0.0473378750282958,153.17992784361306,-0.011135065295915533,-0.05307971681670842
IT-Ren,2022,NIRv,207.11671923007876,248.6216460151363,300.27100681593123,0.0194956821405375,163.501488516516,-0.10178222076333142,-0.052790347650354986
IT-Ren,2023,NDVI,250.90883562332297,251.34129781112716,251.77578154281795,4.999999999999999,235.8676243814822,,-0.056231355973242
IT-Ren,2023,NIRv,236.29714636917117,272.6414314635411,294.6086799503741,0.0430414519220849,183.72124610659148,-0.07969789904334183,-0.055626054689942785
IT-Ren,2024,NDVI,238.7715886781792,280.15005191228414,311.62639300972245,0.0052993618679252,168.64791125486568,-0.07344637788473408,-0.05415590847157235
IT-Ren,2024,NIRv,230.81283332126748,275.9100851812584,308.10520759570346,0.0422293662803289,162.19237436053746,-0.10461429709530974,-0.05442136009695869
IT-Ren,2025,NDVI,332.00821855789974,340.4123845892347,350.76532058744044,0.058267184330883,327.67359646959244,0.20803818369453048,-0.017138588588067005
IT-Ren,2025,NIRv,217.7449558465319,257.3623723622247,308.37336702898966,0.0368848672656776,175.56437816184956,-0.1329685618729097,-0.05363260327468297
IT-SR2,2014,NDVI,,,,1.055298848491343,331.01885566278975,,
IT-SR2,2014,NIRv,304.290680213523,307.05763451222055,309.8244592950204,0.7943807575775699,186.9951033633245,1.3457000000000001,-0.0424733790851271
IT-SR2,2015,NIRv,,,,1.5840699026234832,168.58962329797947,,
IT-SR2,2016,NDVI,,,,0.0646432780887644,6.0,,
IT-SR2,2018,NIRv,,,,0.0379479318657415,230.8388476369749,,
IT-SR2,2020,NIRv,130.95115063886223,188.27375194137792,293.20345781752184,0.0101893356952495,116.26262520388111,-0.010564356216159306,-0.023729734819088997
IT-SR2,2022,NDVI,,,,0.0403749561637954,-3.0,,
JP-Fhk,2022,NDVI,297.62415043488005,305.64099078638,313.6581091992881,0.2740997903820515,126.19294132867506,0.1518529411764706,-0.03146104488744409
JP-Fhk,2022,NIRv,275.610692899972,296.23452203830544,316.841483771903,0.1065291610255649,126.4297897314664,-0.1676506968641115,-0.03374991361499875
JP-Fhk,2023,NDVI,270.6553538016025,310.6761487716882,345.98014343889275,0.0537770627123462,128.96322883649938,-0.15040950213371265,-0.027870971105495763
JP-Fhk,2023,NIRv,234.2465501122442,281.8029298354936,328.59690886732926,0.0429859428414346,142.77758248153603,-0.18098937976375384,-0.034141853621666315
JP-Fmt,2014,NIRv,214.6612628258275,283.5710877928256,340.6455244107813,0.030035263082805,102.73049406508213,-0.14722369703787028,-0.03235141817776583
JP-Fmt,2015,NDVI,266.0521032421648,304.7129953346396,340.83237990205873,0.0561771355818031,164.22001201334788,-0.14400161421695667,-0.030002817038434482
JP-Fmt,2015,NIRv,229.74556102340176,274.6869716030128,321.9029144884904,0.0437437421045073,189.8950065534029,-0.12132427600450042,-0.03529581883313563
JP-Fmt,2016,NDVI,302.1807860578283,329.49106641542824,354.66950771237344,0.0795601556673565,123.75609876851846,-0.11165704772475032,-0.01905720897637385
JP-Fmt,2017,NIRv,203.96687717931036,274.9489135694579,334.8570570784454,0.0263753796794685,123.6840315413352,-0.14796641755191373,-0.03267343396351941
JP-Fmt,2018,NDVI,300.3133226240764,328.79432207007454,352.0941361298985,0.0748333351911558,103.34126672393498,-0.197623409886451,-0.02045190859549367
JP-Fmt,2018,NIRv,244.1017581836078,295.8343323525038,339.6047369757306,0.0411700520648101,107.39568927759,-0.14404885218365063,-0.03211455906504534
JP-Fmt,2019,NDVI,315.12646281201006,329.2257534306665,342.8231507885648,0.1551108241787993,212.34291132722316,-0.2896141636141636,-0.019614815814487513
JP-Fmt,2019,NIRv,243.01968330539543,291.686930459928,337.6470197279753,0.0334232139162625,212.25889676549528,-0.19737242350901268,-0.032564361413630664
JP-Fmt,2020,NDVI,282.65088496259415,318.6780440572752,350.1590914921832,0.0597029300196301,130.55590213241211,-0.13340418750238575,-0.02493864644429328
JP-Fmt,2020,NIRv,207.65477010145423,268.9658653671879,331.2496174130068,0.0290206536035365,134.989740182832,-0.14888087490165222,-0.03337093258951795
JP-Fmt,2021,NIRv,260.99330839801814,299.0196520063563,335.32135802371016,0.0573576610313284,110.83218328137458,-0.1786051209103841,-0.03180405606508491
JP-Fmt,2022,NDVI,283.56958429382854,323.67160671503626,354.128514759934,0.052297306461257,125.71862899175017,-0.14792622401073108,-0.023508090807329005
JP-Fmt,2022,NIRv,212.02316969890052,277.1055224750823,336.3427475422772,0.0288700648083982,129.37481427029252,-0.1499544453186467,-0.03292620010279439
JP-Fmt,2023,NDVI,291.6529491933661,324.56209197346305,352.93721613813926,0.0652606007875529,127.39681154316044,-0.15892390269698572,-0.022220261906981443
JP-Fmt,2023,NIRv,230.9448614166578,290.63191142539495,342.6881786892386,0.0334407700754662,127.11144491381818,-0.19731995079782683,-0.032004718462674484
NL-Loo,2022,NDVI,,,,1.9253366383423685,341.1892341023427,,
NL-Loo,2022,NIRv,231.81710040586296,275.24832535737033,331.5249640009781,0.0203220069154787,183.7948787513899,-0.1202426462646265,-0.06257882342270209
NL-Loo,2023,NIRv,220.97470370001088,242.35676830214103,259.6802103062722,0.0161697415032531,182.77418916431552,0.022737044534412956,-0.06602982111083217
NL-Loo,2024,NDVI,285.33624990907254,288.1383860876778,290.97551009574545,0.7344293887255424,261.02045363266905,1.1693,-0.06661299408409904
NL-Loo,2025,NDVI,28.448745221888046,260.0,260.0,0.0720157061746162,1.6495132284440406,0.07179528877220161,0.01580848390562471
NL-Loo,2025,NIRv,204.9904259537045,230.38379110255997,253.78032348032767,0.0100970734368964,158.87094346744337,-0.021083571428571413,-0.06165396500710597
NL-Vkp,2022,NIRv,136.6927124167032,234.15811954317448,331.6303382816513,0.0001,107.3168922803974,-0.04566275874346567,-0.03878430734608814
NL-Vkp,2023,NIRv,250.64293899764385,258.56537373033615,262.9038548040036,0.2431699434504148,111.82552650422642,-0.5541013986013986,-0.06856472120566647
RU-Fy2,2024,NDVI,204.08627828883985,234.5850109494319,261.74604142679664,0.0582531821799493,160.19995832777633,0.031065854290899662,-0.07443181794862867
RU-Fy2,2024,NIRv,191.3606729327899,224.3538621282864,258.98156689564945,0.0411771548560081,158.4581295477808,-0.019056668529012697,-0.06923010855959295
US-Aud,2013,NDVI,252.7894624990816,283.35133800771735,314.9814346616729,0.067242463590531,205.80728035380187,-0.17092007252398583,-0.030662248279205065
US-Aud,2013,NIRv,236.18151822651384,268.32014333308234,305.15199333110314,0.0570471728461962,203.78811274854053,-0.15598184143222504,-0.031672665919157385
US-Aud,2014,NDVI,256.86468146985067,302.992040352719,344.81887858519207,0.0414377240064854,204.1422049338012,-0.14526103342608573,-0.02561793339395809
US-Aud,2014,NIRv,249.4014677093928,288.2629550231905,328.7316175452813,0.0501210067796781,205.0343418128544,-0.15880820350535538,-0.02899986450793254
US-Aud,2015,NDVI,280.9348085027691,310.6692893525745,346.1191595478393,0.0415879058986087,234.70140696581143,-0.15975221793132244,-0.02256409426429317
US-Aud,2015,NIRv,271.944817741784,302.4550704674893,338.73312425309655,0.0479198071935052,217.98396367568216,-0.21095099369462844,-0.02545050434249983
US-Aud,2016,NDVI,257.0972286379383,284.6461362743318,323.8595749258482,0.0395002092984686,225.5755815462513,-0.11012409978081618,-0.029341505828875635
US-Aud,2016,NIRv,256.1645661281184,282.8448534538689,321.30174615194227,0.0422266569897836,223.47181012537237,-0.10653028846153845,-0.02974727345014734
US-Aud,2017,NDVI,230.63595199559225,262.3948520028373,309.1644992757446,0.0417419749539016,207.00780284271923,-0.09090864167478092,-0.031307886622803774
US-Aud,2017,NIRv,228.02651817252536,258.8834652427688,303.3629257858203,0.0449391251638507,204.815653071883,-0.08245832147937411,-0.03157228748193514
US-Aud,2018,NDVI,250.913353104623,285.4664048371585,334.5732467686751,0.0344676190653917,217.2697270944009,-0.19653706591070155,-0.02798752015409048
US-Aud,2018,NIRv,247.32538313457675,270.32610553104104,306.7323822716846,0.0515408400267979,218.8259276368536,-0.22449503214494443,-0.03157149385826095
US-Aud,2019,NDVI,268.0503426806519,293.5697082413835,333.5150183963135,0.044008318788247,239.4941838529114,-0.1602099213286714,-0.02691212167418899
US-Aud,2019,NIRv,276.7097613837409,310.1133471457558,350.3643128995862,0.0339627030251843,227.9288891425126,-0.1506963939281748,-0.022099505675701132
US-Aud,2020,NIRv,280.2345915027714,320.71953642501745,352.5079136732854,0.0214876728671508,207.7883818217287,-0.23882656440928676,-0.021014295462457942
US-Aud,2021,NDVI,248.98890103632945,276.9768384702002,323.188967858383,0.0345072364694264,222.3030138677401,-0.1384811948790896,-0.0297972221562579
US-Aud,2021,NIRv,245.31833463205857,267.1667432610428,303.45516138086634,0.0518125483612565,223.8757441863524,-0.1672748777261682,-0.03183173892596354
US-Aud,2022,NDVI,255.4858388458908,292.0247746281676,337.8840343641907,0.0363303378312868,224.5750281459924,-0.18968610485301643,-0.027107583046768295
US-Aud,2022,NIRv,252.17960390107268,277.7437912222329,317.6114266859844,0.0471243588599656,228.45035895858612,-0.20826936188811193,-0.030381687698322304
US-Aud,2023,NDVI,282.04246018448225,325.9283259408095,359.9326040641274,0.0223284014484494,202.45603863583125,-0.17846695409853297,-0.01867075873913165
US-Aud,2023,NIRv,270.46737499773946,322.82944283171486,357.7099511684856,0.0382139463450553,126.5499843412626,-0.17732962746956332,-0.021060357890671517
US-Aud,2024,NDVI,226.97394066598,259.88228902135586,307.4014775427636,0.0416614723727711,199.0815449528288,-0.10017757452574522,-0.031317341320081425
US-Aud,2024,NIRv,230.65243729462887,253.6314598339621,291.7687679391728,0.0498431860688351,203.86146188023545,-0.031109518773135895,-0.032099164997196346
US-Bar,2015,NDVI,277.05864882117606,282.4778714482515,287.8974081682979,0.4054630152240076,144.20592131017509,0.2736363636363637,-0.050583795951111274
US-Bar,2015,NIRv,259.9069683322272,282.80338795355624,305.2959319800818,0.0957466618752631,130.88017669813283,-0.25079395621338263,-0.04973488697446551
US-Bar,2016,NDVI,269.043648417146,284.0209657612683,298.96146075485046,0.1466602219823082,145.48806811069855,-0.07820246305418717,-0.04998857814577376
US-Bar,2016,NIRv,250.37189440659364,274.49739771197187,298.25736285401547,0.090847241803834,148.32971797555885,-0.229395842379505,-0.05078060373341458
US-Bar,2017,NDVI,269.85445971360724,281.36812604570537,292.7248871110483,0.1905116197713345,141.3894749128875,-0.20073715415019766,-0.05060316200034511
US-Bar,2017,NIRv,236.891355932754,276.3860488213222,303.3737851279726,0.0263623183769519,162.62954582949314,-0.06417882512570836,-0.05029972028814522
US-Bar,2022,NDVI,269.9286653753154,277.3916705110251,284.8542714712495,0.2944345264617052,138.299554443226,-0.29748214285714286,-0.051239988154286736
US-Bar,2022,NIRv,240.77315636556747,274.35614140950935,307.5492055107665,0.065078586454876,143.21738143442153,-0.15065001197222447,-0.04994220813081971
US-Bar,2023,NDVI,271.2585275351877,278.7347241230875,286.2109502504143,0.2939119958082102,133.45835983050236,-0.6640071428571428,-0.05107860205893108
US-Bar,2023,NIRv,243.55429848276432,275.5371409323118,307.321587226933,0.0683219823675,142.45179306676275,-0.23590908882783884,-0.049959370196229785
US-CMW,2013,NDVI,270.5369229062968,317.33270277268934,357.1732074248834,0.0367556892683322,190.9305975428662,-0.15306533863089597,-0.02125416017284588
US-CMW,2013,NIRv,247.1603310957218,298.1661719387725,350.5844813137759,0.02691307654979,183.4139993812338,-0.17448222993454293,-0.025206456417156187
US-CMW,2014,NDVI,279.96687797429126,303.4869120475579,322.5255272681074,0.0437240146241358,235.69133404302784,-0.20501389308366053,-0.027809590256415433
US-CMW,2014,NIRv,269.4547293372151,295.3855854202235,319.0284881812752,0.0532912039134696,217.3697297266966,-0.1458361104441777,-0.029328723925028433
US-CMW,2015,NDVI,259.8283540342893,293.7786753551142,330.97515778840125,0.0323924783972247,209.3915558689636,-0.22447283702213278,-0.028127778212941865
US-CMW,2015,NIRv,245.72858947816545,279.6707246130369,321.91545249443715,0.0340474687399665,197.6613847501839,-0.20468846206425148,-0.03014825651207536
US-CMW,2016,NDVI,278.4978405854906,311.0247218628783,339.21684731493934,0.0490222468492289,208.5612975401825,-0.2351716023268112,-0.024626677834840027
US-CMW,2016,NIRv,266.4336660134199,303.231394119671,335.76396099621,0.0475862004911741,186.95473649090584,-0.1595754841066862,-0.026702692061128002
US-CMW,2017,NDVI,251.52849347773468,289.7642350983496,341.4518139097864,0.0251069011841691,209.83395480646365,-0.13844032596616865,-0.026774738054105518
US-CMW,2017,NIRv,247.87155694322044,280.05983767811944,328.3924004607904,0.0344579004726262,210.64803254761125,-0.14461402439024393,-0.029198663963358587
US-CMW,2018,NDVI,298.140819103816,320.98262355276944,343.46329135602554,0.0945601398153493,182.15023019691876,-0.15562358366271403,-0.020363961511266102
US-CMW,2018,NIRv,262.38624748808866,302.5598404819221,340.8054837543647,0.0517963975519814,162.79730181944652,-0.20360626715057106,-0.026052817153042633
US-CMW,2019,NDVI,302.38943581165034,314.7711193687727,327.1521690313403,0.1771284498865378,167.14367675274914,-0.0662823076923077,-0.02364787301887762
US-CMW,2019,NIRv,290.36865335709894,310.70642306358366,330.67133084525875,0.1076333552326201,150.45135459184146,-0.09865975609756097,-0.024871333589806397
US-CMW,2020,NDVI,284.14873607885664,315.49839503424954,343.142480988525,0.0684632446034528,144.89782189259546,-0.25785838690824076,-0.022892900972376923
US-CMW,2020,NIRv,270.51900787271967,309.43820880028414,342.4904445972719,0.0545911844742757,140.87321577450007,-0.23885365618367738,-0.024857438039610068
US-CMW,2021,NDVI,256.7084332238185,295.8045863192315,339.0892665994411,0.0226354899012919,207.90585607690295,-0.14295199613786155,-0.026867446990229166
US-CMW,2021,NIRv,245.3860391886803,282.6810314720776,330.25647893468755,0.0289808217039297,198.19956775918232,-0.15941305452413523,-0.029017069701129054
US-Ced,2014,NDVI,235.7866934548968,239.64930283021212,243.51339176424307,0.5687949633265096,182.13873232884984,0.24283333333333354,-0.042602771456797923
US-Ced,2014,NIRv,206.69349869659817,244.7492542503273,297.9600988583396,0.0362835383151663,168.53185287586845,-0.09410848861283648,-0.04134695888280286
US-Ha1,2016,NDVI,257.74659174295897,296.4824824047384,332.80691200678046,0.0561378942869724,154.3577487591015,-0.22492219061166435,-0.04208843693528371
US-Ha1,2016,NIRv,245.21380253080312,279.450114640943,313.3860882637212,0.0637128721508762,150.10727108072263,-0.21644407756613354,-0.046557854785589575
US-Ha1,2017,NDVI,261.44106829171926,298.07841877302906,330.2590294885265,0.0588088939645256,141.21012949634095,-0.2959415783704786,-0.04236903083761324
US-Ha1,2017,NIRv,243.9447161862562,279.6372755038446,314.19873102894,0.0605948856140979,148.0427131556537,-0.15150392354124753,-0.04647257814049331
US-Ha1,2018,NDVI,270.06323750945694,292.06808180099904,314.04331033902724,0.0998359027317223,143.1936479966312,-0.23183544749823823,-0.04502890709021487
US-Ha1,2018,NIRv,223.11341844737424,270.19030552133233,317.53368388106355,0.0442227066712764,149.49271583855543,-0.21799370732940798,-0.04582836595925209
US-Ha1,2021,NDVI,271.21016368876377,297.6281836042702,323.7201823817127,0.0825605468665595,207.98256917371427,-0.21002924101425768,-0.042880264595423254
US-Ha1,2021,NIRv,259.02242937427883,286.4165351941936,313.5899868380123,0.0801182001897156,152.05168110719762,-0.22072574804650277,-0.045963602836824415
US-Ha1,2022,NDVI,273.00292929786417,285.22167325387886,297.4397389569046,0.1798277590005669,138.6597296504708,-0.030351739130434784,-0.047240642568614544
US-Ha1,2022,NIRv,244.63339608203967,277.83901910279275,310.2223567674248,0.0655737337412059,148.39139860713968,-0.09480373656194553,-0.0469724766801817
US-Ha1,2023,NDVI,156.34179944609073,197.0325515520906,287.15217695963673,0.3550095468695238,136.88867161844587,-0.04534981049484865,-0.03151551188550445
US-Ha1,2023,NIRv,255.77589460630944,284.5267654623458,313.0025214233749,0.0762796385033307,138.8984819744611,-0.15981079085791625,-0.04623550482389071
US-Ha1,2024,NDVI,245.72339588703096,294.6050897119058,337.2945001681554,0.0432915367767096,143.88110239300067,-0.1663746127645146,-0.04192158675398446
US-Ha1,2024,NIRv,216.12049670255715,266.1900381648767,314.54622134434203,0.0429254304916518,132.09483631423805,-0.1180318267888224,-0.045734395842210195
US-Ha1,2025,NDVI,267.2428202050697,289.8515668514517,312.4075142842832,0.0971494756554962,139.5153025077456,-0.3034963109354413,-0.045568931256620114
US-Ha1,2025,NIRv,243.9251740943733,278.0992521246454,311.94054821989533,0.0639436511460424,141.95813055230985,-0.20384872313623692,-0.04677031493940819
US-Jo1,2013,NDVI,284.5568831470088,317.77378006278764,358.4527239366083,0.0270413304477401,250.6334684469706,-0.2000734246575342,-0.019411727380459237
US-Jo1,2013,NIRv,275.6011783539631,296.4486923168559,330.09684708474566,0.0547174976402984,252.2405068537078,-0.19227301587301585,-0.02789067383784248
US-Jo1,2014,NDVI,286.8212864194623,288.91012515075204,291.0215931633079,0.9083847107748038,278.13440751092736,1.3491,-0.0323378527013188
US-Jo1,2014,NIRv,286.9038895545527,288.8182687926299,290.745972979526,1.0107268690133948,278.01869780084604,,-0.03235525535467331
US-Jo1,2015,NDVI,188.47216403372389,209.7408552116533,234.02272747697185,0.0888007638757185,169.8588194836213,0.08143496762257167,-0.02324183221637421
US-Jo1,2016,NDVI,,,,2.530437370055912,343.5355315427514,,
US-Jo1,2016,NIRv,275.18066381844125,313.6442774353918,347.9782562572456,0.0528676819657606,157.43725925701224,-0.245279310566596,-0.02383826827006611
US-Jo1,2017,NDVI,255.903120118305,286.5883023906367,332.5967705734436,0.0371366748646819,227.04180509035135,-0.15600662495399337,-0.02915029979382726
US-Jo1,2017,NIRv,257.56810295869377,280.38183711564693,314.2758925637526,0.0522580157913316,227.29219331538116,-0.18845488721804515,-0.0317739999544273
US-Jo1,2018,NDVI,268.5346765821858,304.8921470256616,344.037945430298,0.0191871726795229,224.61812092559688,-0.21299000683526995,-0.02565168478073504
US-Jo1,2018,NIRv,261.0898551586178,295.4189208146085,334.8372993124728,0.0348353483694948,208.23273756281208,-0.22490608416635813,-0.028352666379793386
US-Jo1,2019,NDVI,340.50197355982874,341.66722821286095,342.7856318114479,1.884979443117436,171.30170079127683,,-0.009574918751294587
US-Jo1,2019,NIRv,289.6810722110674,311.5409386442414,330.9672742866983,0.0985257932916129,139.699400349711,-0.16104912891986065,-0.02584466140139435
US-Jo1,2020,NDVI,123.161918934546,178.46236870347943,263.6757608387388,0.021532023529586,94.37661487411964,0.012511652926898608,-0.009656914388268368
US-Jo1,2020,NIRv,141.53149767074112,229.09827582845895,316.21656452083243,0.0137309216094735,93.1723085326076,-0.06857164800716524,-0.019746052755898497
US-Jo1,2021,NDVI,236.23602652313903,272.7140960317498,331.8266541240127,0.0266164123687773,225.0344648825813,-0.17867025475923853,-0.03010994754303994
US-Jo1,2021,NIRv,233.11023116668224,263.4236158009382,307.9404029004779,0.0447480451405484,220.8326094367308,-0.17391851906701225,-0.0326844436801433
US-Jo1,2022,NDVI,281.78377034578034,315.09229269395667,353.9619368740342,0.0229938306977736,246.27950490150508,-0.15743454562994405,-0.02120390486625772
US-Jo1,2022,NIRv,287.60533719813645,312.08445771322715,342.0598035883074,0.0496938984965305,250.0109649523851,-0.12262034632034632,-0.023471972323622362
US-KFS,2017,NDVI,248.6339619983851,298.5735959996296,340.1962644641944,0.0401704439443137,144.89424790107205,-0.21041189525761755,-0.03602910324946381
US-KFS,2017,NIRv,224.0877324195959,275.56846018735695,327.2842874981186,0.0352722780305844,152.20137362546987,-0.21206768659666997,-0.03920511117830799
US-MMS,2022,NDVI,279.5148835148928,290.9321110764451,302.3484606718011,0.1924550397550719,124.07500892645903,0.0870978260869565,-0.040959884677283565
US-MMS,2022,NIRv,246.3673071917388,281.07281383966944,314.3393380549355,0.062566734428904,139.99418170387148,-0.14156466389281216,-0.04132374377652975
US-MMS,2023,NDVI,285.70741652560315,302.9769268524504,319.9074554593831,0.1269100465823483,126.60849757007996,-0.05626890756302518,-0.037050274704383164
US-MMS,2023,NIRv,255.6612370888477,284.48648954001374,312.2619039173997,0.0758557133567179,126.313141036889,-0.17815497796214674,-0.0412783431093039
US-MOz,2016,NDVI,269.06929794174187,300.92816622219334,332.21314225475265,0.0688045044846636,125.56969692657287,-0.1831752592165899,-0.035604146382884554
US-MOz,2016,NIRv,203.16447955998265,263.33361905594944,321.9160886654718,0.0348770687075368,126.56317033503696,-0.11871617382285378,-0.03812267720818157
US-Me6,2017,NDVI,362.32336958936935,368.51362198583695,372.79162346551857,0.2441179296302064,341.8307338675466,,0.014525610037593817
US-Me6,2017,NIRv,,,,3.250445424850474,320.9811335495696,,
US-Me6,2020,NDVI,342.7234288935171,345.59901255530355,348.458071684853,0.6605597544709851,329.962069441925,-1.2202285714285714,-0.011013576358188237
US-Me6,2020,NIRv,,,,2.5046009772296527,338.27327165994734,,
US-Me6,2023,NDVI,354.5828748028247,365.6853117372749,373.2744240677325,0.0424259853912575,328.64866247660444,0.18718181818181817,0.010353787653244002
US-Me6,2023,NIRv,365.2892878430585,366.7103182544408,368.1344142071113,1.5250557272456406,334.64348704914187,,0.013629955729995848
US-Me6,2024,NDVI,348.3338237512077,351.74133475981216,353.6167872923993,0.1958449309465007,333.2782968902397,0.6628000000000001,-0.004758536433992064
US-Me6,2024,NIRv,,,,2.059451029691478,340.822468538494,,
US-Me6,2025,NDVI,,,,0.5179567610187805,338.5614054552035,,
US-Mpj,2016,NDVI,276.122353071824,291.2136457018393,301.54827656897623,0.052799482405671,242.70053452604805,0.10302538461538463,-0.034518531890634606
US-Mpj,2016,NIRv,228.89442927778217,271.26451719930856,297.18427160927274,0.0410239521311728,149.12297463702342,-0.05412864450127877,-0.035559812125046324
US-Mpj,2017,NDVI,292.26436640614094,326.3311774689662,360.24549184136623,0.0113787412489967,235.81427939255389,-0.1425417414207734,-0.018670003754321218
US-Mpj,2017,NIRv,249.30841087690823,302.73113070983567,354.10897866766464,0.0154936398518889,177.63704950716374,-0.16068234501347706,-0.027053386634180655
US-Mpj,2018,NDVI,268.0136484260356,304.88503966226875,345.4252273876885,0.0101554533209752,233.04915730268905,-0.19714404017035592,-0.027293038749874696
US-Mpj,2018,NIRv,264.2210248066272,285.1010042527765,310.4168193990193,0.0648423886445499,229.37871845037375,-0.21775460992907805,-0.034261562750338564
US-Mpj,2019,NIRv,164.2861210929475,225.10019304741877,304.94977283360186,0.0217278152645223,125.93766823502992,-0.09846041416107233,-0.026428801496542715
US-Mpj,2020,NDVI,,,,0.0046465254088105,314.07583779530245,,
US-Mpj,2020,NIRv,217.83431559093128,296.6176886308359,349.7390022646419,0.0169135659331938,137.6961583622984,-0.17886296327216372,-0.029366925374583738
US-Mpj,2021,NDVI,235.31866650737905,266.45511815395474,319.9300475853939,0.0212882138855999,209.81790809382483,-0.1502235699098917,-0.033982733367901724
US-Mpj,2021,NIRv,233.88138734962448,258.77482517432986,297.3770149246069,0.0500279801762934,214.330081775547,-0.1831926968864469,-0.03573762345241947
US-Mpj,2022,NDVI,251.2418639348105,289.2928086240784,344.69087520341867,0.0152272406377951,212.12632208933852,-0.20229038226254065,-0.029145516094528007
US-Mpj,2022,NIRv,242.9440201637574,258.22337514940693,277.1542268820625,0.0839488835866032,218.77670042225543,-0.14615574229691874,-0.03652587138627416
US-Mpj,2023,NIRv,191.77605722047895,261.0224630307966,314.8579981451529,0.0209705282539694,139.83691970559397,-0.13372025383395036,-0.03156690797287912
US-Mpj,2024,NDVI,,,,3.047152713991294,237.74123539625796,,
US-Mpj,2024,NIRv,233.26204145302816,285.4356548499701,349.58120814176254,0.0137405640521711,176.8298106690075,-0.17438060200668903,-0.02912034398870702
US-Mpj,2025,NDVI,243.83732446121775,279.5453004104726,335.07263785728907,0.0152761306157852,201.21937801604687,-0.1535414515358415,-0.03155200733115645
US-Mpj,2025,NIRv,230.8259221940469,260.6819962912051,307.6522297866675,0.0382086912594646,195.64768800012595,-0.13184315684315684,-0.035061546398640925
US-MtB,2014,NDVI,260.1774162570799,297.8554762439881,338.4435086698782,0.0132544666417382,213.9446567541545,-0.13875157753638767,-0.027531189800181963
US-MtB,2014,NIRv,237.8277379864652,271.3702778681099,314.0349433379127,0.0421765519265514,185.9831174696663,-0.11729630895420368,-0.032026051108979416
US-MtB,2021,NDVI,228.2769581166912,259.98756227063154,305.79058428177825,0.0174122200468423,199.0867114672245,-0.138684946632315,-0.03248640716255981
US-MtB,2021,NIRv,244.38769818389824,270.8309520868458,301.1858998049811,0.0497150690581562,200.1138287146031,-0.20376756546538755,-0.033030299740954554
US-MtB,2022,NDVI,273.7424340832643,321.62926485981427,355.8688859514338,0.0277401570296836,190.91982718589648,-0.14105354752342708,-0.021797768491402063
US-MtB,2022,NIRv,219.8785017339428,266.19912702580933,323.90185241982766,0.0305387978043935,163.17162486766767,-0.14878854155553184,-0.030788365695405287
US-MtB,2024,NDVI,235.57654542413357,282.4604833569403,341.2382602872212,0.0136338480603123,186.6316290364389,-0.1395467264528806,-0.02840862111947049
US-MtB,2024,NIRv,234.3133150936128,267.2275811065847,302.3280351847833,0.0613586559776907,170.90743220159814,-0.041634576478222704,-0.03284820957352382
US-NC2,2016,NDVI,203.01704297489545,277.60763385524734,340.049833068256,0.0221335240900615,128.10001759881544,-0.14785354322624003,-0.032099771842526215
US-NC2,2016,NIRv,183.81663787055547,247.0036902116352,321.42533319031,0.021900623434947,130.79456853011388,-0.11019110753923045,-0.03171926436936214
US-NC2,2017,NIRv,210.13496320032075,212.1573647677292,214.1778109234871,1.088218403971052,102.13363875831836,,-0.02790980626733457
US-NC2,2019,NDVI,229.16564055398277,229.846232174658,230.52516758509384,3.244779921818429,191.1395233497946,,-0.03456087083283523
US-NC2,2019,NIRv,197.1558890602048,229.4654984410126,272.01342922611934,0.040584265107569,148.8569138685167,-0.047567510668563295,-0.03346051909601456
US-NC2,2021,NDVI,291.2535435929122,324.63585816096725,356.8620048905201,0.0317847553597307,239.35768981441927,-0.12031311188811186,-0.021113385781070967
US-NC2,2021,NIRv,285.3713657290517,317.15544682589314,351.8581985282131,0.0378839770144852,236.33375483519796,-0.15021304665483773,-0.024038241873145103
US-NC2,2022,NDVI,265.2768173425876,267.6046255574297,269.9325916527331,0.9442274128074016,178.71667884231576,,-0.03875062788975685
US-NC2,2022,NIRv,264.0339003006031,266.116975216023,268.20382461337607,1.052644314138474,189.00085540183773,,-0.03878266112854733
US-NC2,2023,NIRv,247.6168032663533,294.4833193451899,344.60577823572595,0.034320949865628,177.95779333906674,-0.16360292183883862,-0.0309970083162958
US-NC2,2024,NDVI,286.2905616775405,323.25650938036995,341.13177227923467,0.0469384696607589,154.69054980185223,-0.20248124098124098,-0.027147603182172964
US-NC2,2024,NIRv,238.0492687115014,294.7246646155562,333.5732777132731,0.0303634372276156,143.43419524604815,-0.13864057950727887,-0.033718788650986896
US-NC2,2025,NDVI,258.1534565845835,322.91067982735376,361.6182662396669,0.0240271811027727,158.9982186063303,-0.17064104028467264,-0.025405810035004115
US-NC2,2025,NIRv,234.0345897264964,287.7622135831689,341.36179226496995,0.0320743109425295,157.6471646423759,-0.15868145927623972,-0.03238281837613944
US-Prr,2014,NDVI,226.55216980827132,257.2373012185629,279.77468671206094,0.0098075836225833,173.40155773124565,-0.2498738106756975,-0.1165022578917994
US-Prr,2014,NIRv,228.1891572711196,248.6495496936681,267.87549108314283,0.106136514746851,150.26969428243044,-0.14818178137651822,-0.11655117051448971
US-Rls,2014,NDVI,150.15796814696236,173.9057735254453,201.06189378411116,0.0576807152990161,111.40769076692506,0.20932796380090504,-0.0032263448262273807
US-Rls,2014,NIRv,149.61005581271013,177.03668938216703,222.2969844670476,0.0423771044212976,119.0828999667268,0.119583209922251,-0.012716233171055009
US-Rls,2015,NDVI,146.6607032013768,188.93922392587749,244.58767985083225,0.0354485812696227,96.38612765934629,0.04006540685627578,-0.019188401841649678
US-Rls,2015,NIRv,158.89342501676256,212.157083868442,263.714411632854,0.0392727510822874,91.74569280339088,-0.04967386481443086,-0.02949579866436957
US-Rls,2016,NDVI,143.52789404402287,170.75516462125333,212.5206143976945,0.0464160560031787,111.18425934382914,0.14985845816587504,-0.005367776572085113
US-Rls,2016,NIRv,147.74256419720496,179.0861778880443,230.8248612438996,0.0336693279861903,115.95329740593354,0.09213937282229967,-0.015093428912516442
US-Rls,2017,NDVI,155.11968774310722,184.69635610942467,216.6195415289745,0.068083212653225,127.78817765329076,0.2294357482813326,-0.013167382326988015
US-Rls,2017,NIRv,165.59801363601676,195.8531576548139,244.39716681825263,0.0384363337740674,138.90521183652308,0.03167256572541382,-0.02796685907205831
US-Rls,2018,NDVI,161.92610338684756,182.07939067167345,208.76067372066865,0.0621878676787002,135.22773357296296,0.3056052266419982,-0.01325794666533748
US-Rls,2018,NIRv,164.00823675535935,188.79743041272212,228.90701954686944,0.048031850297712,136.06960579294204,0.19238788919413916,-0.022479465810595557
US-Rls,2019,NDVI,169.23659854847438,198.60390820190716,244.7625960066333,0.0417333358241608,137.73523090700235,0.09927431009957323,-0.029690911969179026
US-Rls,2019,NIRv,168.1438192404905,208.78052162573888,276.4563183124791,0.0243586130574404,133.91981570936372,-0.06189483361437404,-0.03530591092336902
US-Rls,2020,NDVI,162.40691175004144,185.48330210213675,218.29249637345268,0.0619025861749856,132.27398615529995,0.23379825700615176,-0.01765768934888327
US-Rls,2020,NIRv,161.74469306112928,192.20552292339397,242.9648177823619,0.0361961680193986,131.34649431667282,0.13422023486901535,-0.025805371714516467
US-Rls,2021,NDVI,162.59960678458128,177.92029841750949,199.59824928925835,0.0780512522409828,141.40291012063122,0.1795490753911807,-0.00919639464459656
US-Rls,2021,NIRv,162.05705162006487,186.3204088047802,228.70296001121687,0.0441262645828511,136.9764310433575,0.03068343596701807,-0.021443372242003017
US-Rls,2022,NDVI,171.06965338600733,188.91074244120728,206.8341217369176,0.1225202320993821,131.91172010349914,0.2230879551820728,-0.01723936814448793
US-Rls,2022,NIRv,176.21607034212246,193.83180341179468,226.48949427978556,0.0562333988800684,160.09956564361647,0.07220268907563027,-0.027525190105287815
US-Rls,2023,NDVI,169.26955213332994,187.14634803272912,206.73012853793853,0.1107686549440621,137.18052728033243,0.4502847321005217,-0.01623966434217505
US-Rls,2023,NIRv,165.63643795286774,193.7556654740561,244.4978787300187,0.0361571693164914,140.8658750072429,0.08215798442064261,-0.028010995088950833
US-Rms,2016,NDVI,172.04787742242775,205.3697442253261,256.2401705916493,0.0216108069283372,146.56389720545323,-0.03544623873645844,-0.0333778339256428
US-Rms,2016,NIRv,175.5024503999501,207.50996210966747,255.5988474435126,0.0258547118155339,149.90330217217323,-0.03190956399437413,-0.03462216255540727
US-Rms,2017,NDVI,185.21949083734367,216.375906566787,272.7366153668685,0.0256105006789153,161.1623299199257,-0.16409911059269522,-0.04054358471757839
US-Rms,2017,NIRv,189.1358655027007,217.1570445033076,266.79229503116915,0.0328935905910357,164.93872396372905,-0.151825989799674,-0.041045636087862304
US-Rms,2018,NDVI,173.1777227813155,203.2264183552491,259.6249574147725,0.0308430878725512,148.58562525674355,-0.0312557950846738,-0.034469024383207605
US-Rms,2018,NIRv,178.2860639805533,205.47474263776743,254.366139755105,0.0372714327297151,154.3434826542965,-0.023901790840738193,-0.03545972025894509
US-Rms,2019,NDVI,205.28531406283585,234.05385625477217,265.7919747986489,0.0680327572722307,169.13151675942697,-0.17405259794387332,-0.04503847699703734
US-Rms,2019,NIRv,202.0006997565237,235.2952355325236,277.4410905361155,0.0487730686131491,169.9976953463666,-0.23066378378378377,-0.04519343090383137
US-Rms,2020,NDVI,182.1620135682857,212.13848254263735,265.5407426974717,0.0314727211755651,,0.0030744721044456756,-0.038681324745278266
US-Rms,2020,NIRv,182.39496709576463,213.64107975181096,268.7750007665558,0.0294317364226734,,-0.006485437992358112,-0.039188929955606945
US-Rms,2021,NDVI,194.2267263204784,221.33254304831812,256.7873350225254,0.0509932381632815,172.4443328632139,-0.10770345748029513,-0.04124417875439451
US-Rms,2021,NIRv,196.4710927100704,227.4241768800007,264.478228934206,0.0420333851726558,170.70913215687412,-0.14122430049242285,-0.042828391007518826
US-Rms,2022,NDVI,192.27195946999043,231.89519879817564,284.3720360362063,0.0181040246947495,172.39653124846188,-0.11664320392090376,-0.04341278758821928
US-Rms,2022,NIRv,194.17304890815788,228.83059491429077,280.232714839856,0.022820782608049,174.6377802995956,-0.11969392895891316,-0.04362164575980819
US-Rms,2023,NDVI,195.14976183562536,223.3932850233549,275.87749117888745,0.0324778629077395,176.41933694833187,-0.1664877519924988,-0.04355125338371178
US-Rms,2023,NIRv,179.01016812654356,222.3357507582771,279.60814626936684,0.0330320677613665,152.9361831178659,-0.11957329132913293,-0.039322096805402246
US-Ro4,2015,NDVI,237.55917294605908,273.29523320609627,307.1192157599317,0.0469691787303991,180.74714220689825,-0.21878341352462607,-0.0510706509553069
US-Ro4,2015,NIRv,233.27673342638303,260.6537663493599,289.0218635645011,0.0741559178092068,179.13400498379565,-0.20914155844155846,-0.052079658287515894
US-Ro4,2017,NDVI,234.12821404189827,273.7426768982094,317.69098228650665,0.039040284481513,181.3800189405672,-0.2727961462575039,-0.04975074207120887
US-Ro4,2017,NIRv,223.05128455308517,254.63752280017752,292.97469657942605,0.0536815796006405,177.3901963505704,-0.1254116550968213,-0.05126280526859346
US-Ro4,2021,NDVI,237.94914945508373,278.80655896826386,317.345030690453,0.0457456793226462,176.23730226158176,-0.22375030473511487,-0.04979784917906091
US-Ro4,2021,NIRv,214.9196934699206,253.92081748791645,307.9689587139037,0.0268502404450826,177.7225621280494,-0.1842409208916475,-0.04984387195930926
US-Ro4,2022,NDVI,242.9724661753983,274.07450823364763,299.7977161613948,0.0616767017301532,177.91595191089672,-0.2857590744101633,-0.051786664733027336
US-Ro4,2022,NIRv,226.42920341776417,258.8494382096489,292.1544787440041,0.0516631512522463,180.5320892313674,-0.2611345579793341,-0.051554103946540863
US-Ro4,2023,NDVI,240.668905702538,285.33899705163327,331.306615989934,0.04022916017946,175.77980781979096,-0.26359721293199556,-0.04711472229400872
US-Ro4,2023,NIRv,226.1366217476161,265.2764322926697,313.50916622646923,0.0408288979225689,178.2531619767158,-0.2474814646059634,-0.05010219514963618
US-Ro4,2024,NDVI,245.0225160717443,284.2267632112229,322.9485949454862,0.0521158245034248,164.89321589881277,-0.20738172353961817,-0.04868517220463421
US-Ro4,2024,NIRv,227.1490748221433,263.75962969855334,306.43807357100144,0.0480831475692664,175.37775595101925,-0.17171275559883153,-0.0508237548157393
US-Ro4,2025,NDVI,237.69010157272797,280.6391798816084,320.94715192859,0.0422394474274635,174.06580422577568,-0.20467595818815332,-0.04923273785557817
US-Ro4,2025,NIRv,225.99238953374063,258.307155055768,296.24841126854307,0.0540911422291773,178.8075107629881,-0.13624107981220657,-0.05137921012381596
US-Rpf,2016,NDVI,238.05973427397075,271.3820791965245,289.1321556652487,0.0441093520904183,161.43094757242676,-0.2440315837104072,-0.11636833547480044
US-Rpf,2016,NIRv,231.86296640267025,254.14583955982144,275.1466905927745,0.096167939254055,152.82109512324269,-0.26987427766032424,-0.1164018898460862
US-Rpf,2024,NDVI,207.36660223080403,237.59392895912947,274.5929759357066,0.0268743194277819,176.3384355455471,-0.14371035198339854,-0.11629398489319649
US-Rpf,2024,NIRv,220.96021509884275,257.245985852222,282.58721689684376,0.0338310258222174,167.341240277694,-0.15837533680844093,-0.11653486639263524
US-Rwf,2014,NDVI,166.13608239256325,191.60526327913263,226.97564499530063,0.0574313872908595,136.70454068768055,0.12042117254792996,-0.022831000468675762
US-Rwf,2014,NIRv,169.23874898023956,200.6301494631834,249.23107241982223,0.0346208026216079,138.7698026566541,-0.04376722925457102,-0.03075964426210259
US-Rwf,2015,NDVI,171.47540365571322,198.78749925571128,243.2245080960932,0.041910570360985,140.0391156129117,-0.018794134671039953,-0.030255625273868447
US-Rwf,2015,NIRv,175.81184093993193,209.5270844459993,262.59309117269123,0.0313267935649918,139.8766431636325,-0.08795711525843847,-0.03606239850182451
US-Rwf,2016,NDVI,163.37563279984084,195.25704795726995,247.17112472043613,0.0301104040261983,134.73424617262776,0.05908814417333196,-0.02766333165262854
US-Rwf,2016,NIRv,168.59594904263554,200.24632199910636,250.3776165402473,0.0307317302816733,139.01039405138962,0.00163509321840206,-0.030750456033954324
US-Rwf,2017,NDVI,176.0984230120553,200.5467714343693,241.65206122808624,0.0455823125338345,152.0459963177688,-0.02251621503496504,-0.031848935889491135
US-Rwf,2017,NIRv,180.6150407464815,207.81295892153815,253.8029469647265,0.0390928381597403,154.4361554396076,-0.02628399975317785,-0.036306188994645196
US-Rwf,2018,NDVI,163.53302404077635,197.42537691958768,233.51566778534848,0.0603064597873269,125.65971091848,0.14559424372320878,-0.02377378622767609
US-Rwf,2018,NIRv,175.85624906164202,208.53303364315863,265.24892713222,0.0308191080498021,146.59018321867185,-0.06377282792114253,-0.03650380240856339
US-Rwf,2019,NDVI,152.9487282656846,201.6817856612359,276.1745322436141,0.023239084169112,138.0603878280245,-0.027649935483870975,-0.029274219459525977
US-Rwf,2019,NIRv,183.667315798958,223.9256494533484,289.3228448165422,0.0230645513729757,148.4296715227308,-0.15318674962843543,-0.041550627763591
US-Rwf,2020,NDVI,190.49299258235573,210.87479865011568,251.0113872478117,0.0451170964906167,184.1054896990844,0.022143098889476482,-0.03926521843051642
US-Rwf,2020,NIRv,171.26611288106696,205.80254398672847,262.91634717777873,0.029883022460355,144.49568760221072,0.045714110527154024,-0.03438229322404026
US-Rwf,2021,NDVI,178.6597980157919,213.45470890312143,278.2080046064965,0.0244030027069172,148.48999824442893,-0.13296598859885989,-0.03914814132845478
US-Rwf,2021,NIRv,183.2704940763298,215.34815935657664,272.68864103597485,0.0298525363516863,153.56711400564737,-0.1413637555328566,-0.04002021466261156
US-Rwf,2022,NDVI,175.99372259816616,212.5442615806708,276.4676531457951,0.0230769219797548,165.02688112905187,-0.06327969714618521,-0.03807136306871757
US-Rwf,2022,NIRv,184.71281917109815,220.8141219446168,279.631962248901,0.0262790324343536,162.25212528967015,-0.09338227883538637,-0.041147128859206336
US-Rwf,2023,NDVI,157.92214893236036,190.2489999801977,252.4580263521299,0.0284419521746895,145.71871135056622,0.05967397816349388,-0.026538638034535968
US-Rwf,2023,NIRv,182.0117388919252,221.0131214018068,286.2838969912478,0.0223436162673935,150.42994949993192,-0.13153223621039156,-0.040886074954594676
US-Rws,2014,NDVI,121.09507712155512,361.0,361.0,0.0610716047731703,,-0.06859638491987706,-0.021253740457179315
US-Rws,2014,NIRv,133.80335115884097,162.26686470548182,205.3873625533381,0.0438451601965847,97.47193209182444,0.13970456299440476,0.0028018408434503286
US-Rws,2015,NDVI,131.0996165929396,157.9877348184614,189.21153192807284,0.0474655408787547,94.57831186081324,0.323742932726322,0.012340912119574204
US-Rws,2015,NIRv,129.56469200480785,158.34499447330015,209.7082278035748,0.0358278652442697,100.869828604122,0.1352718588842008,0.002665970396632329
US-Rws,2016,NDVI,120.88094222933732,148.6437801688459,185.24384613232488,0.0456089671676061,86.94294752772099,0.18227320804195812,0.018620635758144776
US-Rws,2016,NIRv,127.02955162826434,160.3766089851777,215.54871557643804,0.0337617880026027,92.58183688325992,0.15602558909513578,0.0010869706268515408
US-Rws,2017,NDVI,117.44801912277144,153.55998139183163,222.3431803556428,0.0260991049869743,,0.19065542193655408,0.0021632674236323405
US-Rws,2017,NIRv,136.86193689235094,199.993087779318,281.8782443475449,0.0131856129480706,117.32530656642663,-0.01876200598330972,-0.023748287105970878
US-Rws,2018,NDVI,128.29794835200508,157.6826836543135,192.014799442038,0.0452550660239979,96.3847792429544,0.14726064560439558,0.01210498103095801
US-Rws,2018,NIRv,130.43077062806546,179.1871880322773,262.9327092751227,0.0191877910402369,96.38830997957474,0.049766403343542744,-0.017061545822107102
US-Rws,2019,NDVI,134.4288049877034,167.88164114803484,222.26249860606555,0.0351797186781136,96.1848526257948,0.18584477475256242,-0.005251326812997313
US-Rws,2019,NIRv,132.71221042112333,180.85008849555692,243.65747501854904,0.0326953573769343,109.66481877953537,0.12328712706212709,-0.012484622105556053
US-Rws,2020,NDVI,127.9095885799798,129.8114093447922,131.73261384473346,1.0919026435803425,109.69751549039182,,0.038853390664039276
US-Rws,2020,NIRv,147.40905874623266,194.40846507157707,266.63357763410494,0.0261339019247566,102.06354809465638,0.05535044865403785,-0.02519358942989833
US-Rws,2021,NDVI,136.08306163872857,170.95740509445653,206.07289808481815,0.0522607566968605,76.10802765581599,0.26490139095442217,0.0013811873637080048
US-Rws,2021,NIRv,163.4101153803763,194.73943277425596,236.578647853902,0.0492294717092958,117.08050002784924,-0.05427292360854003,-0.024727951934708753
US-Rws,2022,NDVI,145.58609264346632,169.75680457978405,203.498874354012,0.0532562124912476,111.71088389994787,0.29290494939862805,-0.0020740409983692606
US-Rws,2022,NIRv,156.4036351909548,200.62556645264104,268.9874599719353,0.0234087663593482,114.9963861527164,0.023930429323128465,-0.029487692882989275
US-Rws,2023,NDVI,163.47426496269242,180.270779689241,197.7293990761983,0.1252222496450587,128.5293563120446,0.4467795263559969,-0.008735177230742056
US-Rws,2023,NIRv,155.84887328481818,188.40551480029023,251.32743600930135,0.027895076006054,131.2436663195324,0.05593265056972326,-0.02536090485852203
US-SRG,2013,NDVI,254.71093123480875,274.107715019395,306.2798870547171,0.0590747222675271,232.88050635562985,-0.189726713907624,-0.031714588012406626
US-SRG,2013,NIRv,254.51137173347283,276.9025965423808,306.39075449462763,0.0539034474236108,222.0487501801872,-0.189726713907624,-0.03171013124598369
US-SRG,2014,NDVI,282.75089641504314,314.83937943403845,344.3389583439642,0.0670963675228281,201.49095338288316,-0.1430799022940747,-0.02292245181974049
US-SRG,2014,NIRv,273.0269164349004,308.50908811801776,347.0576113687756,0.0317715445948135,217.8742388755266,-0.1344800296186598,-0.023606070396070846
US-SRG,2015,NDVI,287.2109858002915,319.89575570265845,354.27756965935686,0.0362092635184784,234.4626136157575,-0.1496332508580094,-0.019518828436499935
US-SRG,2015,NIRv,275.2634418103676,310.5604759485849,350.26527207510424,0.0327956244724999,221.84330211407013,-0.16874327169274542,-0.02250679172690898
US-SRG,2016,NDVI,259.8165954100561,287.39167605856386,324.2587891750364,0.0428019755225387,222.4843969752193,-0.0834106206293706,-0.02935726132713768
US-SRG,2016,NIRv,259.4871676779144,291.9255336441087,329.8327110382735,0.034995693191671,211.57249380490643,-0.0988236724696002,-0.028487780275144287
US-SRG,2017,NDVI,220.29154439102555,268.6642153456413,329.89687361889645,0.0274275495828763,196.11306466988196,-0.08698501529051987,-0.02940459840931238
US-SRG,2017,NIRv,218.38065353181867,270.60988864472534,334.79831419358766,0.0237459172828286,194.4569357539216,-0.08382120478222425,-0.0287567759022349
US-SRG,2018,NDVI,243.8854838571174,297.87545813277274,345.39446469800896,0.0269072672408664,196.0639323817672,-0.17335888403232097,-0.026601558336637895
US-SRG,2018,NIRv,244.01416165269225,277.3083174712531,326.6065342368569,0.0319256606754625,207.2951554148807,-0.19486471631784594,-0.02973292792687329
US-SRG,2019,NDVI,245.29976442513671,291.4024251486363,337.48046813919984,0.0001,208.8010719630184,-0.15392372424209733,-0.02799336224444255
US-SRG,2019,NIRv,316.13673102326675,331.6244448178967,343.6447037568255,0.136253823883422,117.77479468073632,-0.2113669108669108,-0.01628026475551165
US-SRG,2020,NDVI,240.4254098722915,271.2171128639146,301.8542366288531,0.0712840170531841,82.860175554126,-0.10657689053410893,-0.03217345201850069
US-SRG,2020,NIRv,234.55228026047843,275.92339059020526,317.0628980445908,0.0507164183050454,129.50812496288424,-0.16273286176063137,-0.030960218706466768
US-SRG,2021,NDVI,252.21325010392857,288.8906052143297,337.90825102779905,0.0273686715470644,219.8832176922189,-0.10252950947820985,-0.02753714580526844
US-SRG,2021,NIRv,250.6996731633917,283.46825209535467,330.78092352124355,0.0335519358578879,221.24110277339588,-0.11604440928270043,-0.028850012007577693
US-SRG,2022,NDVI,256.8622653625663,301.29108576275684,342.60092216639026,0.0421402797689422,212.43323330408927,-0.17841394405396485,-0.026286286159294597
US-SRG,2022,NIRv,257.4435772783144,293.4115778822138,339.3231312347487,0.0327533100479779,215.4623532045652,-0.18404548274398402,-0.02690047724536202
US-SRG,2023,NDVI,286.8103625832497,327.9676870347063,359.58177425923344,0.0340312382973127,200.15954178443667,-0.16094110206096504,-0.018063511530362144
US-SRG,2023,NIRv,296.18285811909686,330.5894456102418,357.2313368789804,0.0611875271833297,132.0862601271161,-0.08412421998942352,-0.016885548245537434
US-SRG,2024,NDVI,251.68669722187505,297.32260195924505,349.1780562757323,0.0227085146497162,187.81040983645812,-0.19823877104731308,-0.025303413569229924
US-SRG,2024,NIRv,244.78783082205865,300.3300294161866,354.85145955726426,0.0143128685338591,169.12826895461595,-0.1751722606676734,-0.024565184793886776
US-SRG,2025,NDVI,296.7211005994673,330.08396970256274,358.60162317202827,0.0118502901049532,242.22268865575327,-0.09261695751806798,-0.016353020016050625
US-SRG,2025,NIRv,280.7749062676408,319.7627916991204,354.3275951866636,0.0336550904636672,216.20965033169307,-0.1203098407997038,-0.02060405310958635
US-SRM,2014,NDVI,297.4022019901626,331.090735050618,358.8087203551992,0.0315717754973131,236.30386222509696,-0.1820774722369117,-0.016161736992566858
US-SRM,2014,NIRv,277.30261958862627,320.7468638932107,355.8304642245435,0.0323611999481946,193.1782362422932,-0.16915712135965302,-0.02076718447908966
US-SRM,2015,NDVI,317.5709973665164,348.7955681025284,366.2657708948579,0.0341678508412759,231.73108377456023,-0.1837661202778984,-0.008540507751233137
US-SRM,2015,NIRv,296.98921955711427,338.44358433008506,364.0424317800933,0.0291153522987827,197.09238521898465,-0.16843869527045086,-0.014630288961941778
US-SRM,2016,NDVI,254.7805652014124,280.4369875999605,311.29202919794005,0.0396730643913942,222.5256232540881,-0.060775732434534636,-0.03127299125394679
US-SRM,2016,NIRv,258.3582660769021,282.9334777149331,311.1065578260101,0.0471408692106197,221.70419314053757,-0.05298274471859379,-0.03116074963371588
US-SRM,2017,NDVI,211.36427994352272,248.70314633825484,306.59486234475105,0.0309507973336549,194.59177303867108,-0.07269232922732365,-0.030791102118416135
US-SRM,2017,NIRv,210.1785967309452,241.2069726099436,291.0905707181219,0.0385392929717852,194.91295335787896,-0.04729381210478772,-0.030977537421014955
US-SRM,2018,NDVI,252.24954408516905,311.5480124398598,351.35671083015745,0.0259844308562989,209.9899353901221,-0.17730063079777375,-0.024808914223909732
US-SRM,2018,NIRv,265.4273366697197,300.5347124313743,343.08645746429613,0.0288557150257029,223.55910840311805,-0.16987712287712298,-0.025433196881173282
US-SRM,2019,NIRv,332.1786012742045,337.82543532331186,343.24300667294415,0.3870391186474002,109.9600544066346,0.5359636363636364,-0.01181114245448408
US-SRM,2020,NDVI,104.82613440402427,207.8956977238588,299.6336598136567,0.0196328259572033,-1.59334442943214,0.018033776238489053,-0.009870209118022845
US-SRM,2020,NIRv,215.9780269627904,253.45249796088208,290.55482194453367,0.0585564132196663,55.1797906941388,-0.08454512091038403,-0.03150380253077277
US-SRM,2021,NDVI,250.42270414732505,279.9527647593029,327.9537162260952,0.0316178753374015,225.29593049725355,-0.121325043377675,-0.029338097618940986
US-SRM,2021,NIRv,248.97586291010816,274.0091794270261,316.8825573137404,0.0402123365781901,226.68711518657295,-0.14600973393900063,-0.03084570996402102
US-SRM,2022,NDVI,250.01958273952383,283.91370279520834,334.4055518504975,0.0279942796284456,217.0468168546085,-0.20352417738179612,-0.028322640788873473
US-SRM,2022,NIRv,247.35473376224067,272.0724782235074,312.4080967456087,0.0452397430188801,219.66934637950968,-0.2128904283216783,-0.031353434676431875
US-SRM,2023,NIRv,277.12201432949604,320.54012391094346,357.4971049202766,0.0190311638379703,206.4820275502241,-0.17002640646976086,-0.020339236861012338
US-SRM,2024,NIRv,231.74691030437853,284.3097799889674,341.8642549835027,0.0171553550590101,164.2444242830627,-0.17992621779410772,-0.027739704528985155
US-SRM,2025,NDVI,257.25288543097736,297.1481954108307,347.1283107107731,0.0133839227435187,210.52828219497,-0.16356158373461746,-0.025321331675545514
US-SRM,2025,NIRv,240.8349278836636,280.70587960665523,331.445283565404,0.0334975633284712,198.3747948863729,-0.1480584487975793,-0.029170288577518355
US-Seg,2013,NDVI,263.5707004485535,298.6675927224705,348.6479865504782,0.0258942665293708,229.28259005949425,-0.23255053742427198,-0.02691485507367975
US-Seg,2013,NIRv,268.3536971714701,294.53891060907955,320.7957051322672,0.0832387027161423,213.5865226069637,-0.16977815248015024,-0.03238168672914772
US-Seg,2014,NDVI,276.57453433591587,300.6092506542069,316.13885850697983,0.0837940152504188,217.4414955410248,-0.14286819887429644,-0.032405551289671715
US-Seg,2014,NIRv,267.7983805780722,284.82077033920353,301.3695160416592,0.1282416594753974,225.09391936184556,-0.1018805194805195,-0.034959436963027224
US-Seg,2015,NDVI,264.755638049655,290.89360377255133,319.9457170628316,0.0561323271637736,215.1228267504384,-0.31157987012987004,-0.032797164475008064
US-Seg,2015,NIRv,263.2224359584666,294.42595435779367,327.5438178371734,0.0622028939556066,170.54666960557978,-0.30460698260073255,-0.031623512206975866
US-Seg,2016,NDVI,249.99004362659207,264.02438201652103,287.1101941257918,0.0837051317123891,235.09490772715185,-0.1494977568661779,-0.03632941225508656
US-Seg,2016,NIRv,268.12759122215886,296.59301946063954,327.69146335415064,0.0665685838285343,188.53005503215832,-0.19122711864406786,-0.031170873730286482
US-Seg,2017,NDVI,259.2496967155612,302.5580108095169,349.2699452670085,0.0309429308952511,221.9893132450079,-0.20326700415689172,-0.027234223135643363
US-Seg,2017,NIRv,282.9997764107197,323.1131960834253,358.9888223538427,0.0224112372262234,218.19542777050785,-0.1979167874231032,-0.0209575968342053
US-Seg,2018,NDVI,240.18612818038,268.7663503230199,308.57596412838785,0.0502939629705893,212.8621211135616,-0.2380210329427034,-0.03501378365734072
US-Seg,2018,NIRv,239.01780505229425,260.2074077193973,286.31917701660626,0.0811788693678228,208.96587973617787,-0.17703075855689182,-0.036162876398550876
US-Seg,2019,NDVI,291.7219678583595,305.55150296636333,319.3734648580603,0.1588695671510731,100.96667868707384,-0.13763628899835792,-0.02996851468316591
US-Seg,2019,NIRv,259.3756714287514,297.7798985609468,332.9275961186109,0.0563962196947005,106.06776642784742,-0.2724843576453166,-0.030908125178737433
US-Seg,2020,NDVI,232.3430403301521,264.9231941755492,306.77521236734145,0.0493449029993881,214.6168033596208,-0.1905468048870789,-0.03505670666444665
US-Seg,2020,NIRv,242.60542634871348,293.37562167144057,349.24404860574253,0.0180737122507517,177.41445919712646,-0.2072274143302181,-0.02863402019806781
US-Seg,2021,NDVI,261.92661795879224,296.8561921946038,346.4599232495895,0.0244172653460639,225.14264882210568,-0.1831000390854016,-0.027652575007526374
US-Seg,2021,NIRv,260.5252429505168,290.6664855080923,334.40591772249206,0.0397474999109077,225.0419357745413,-0.19224367271380968,-0.03051808302200748
US-Seg,2022,NDVI,237.99177698664565,267.638608335517,319.2987641650532,0.0308600379093696,209.42668837541484,-0.240377346785516,-0.03394397318257482
US-Seg,2022,NIRv,246.2989904407896,263.4401933135942,283.9293106616249,0.0690680903831554,219.8125541313218,-0.28656401137980086,-0.036391239942800566
US-Seg,2023,NDVI,276.4677275911618,290.32993169186443,311.5389220555012,0.087566074232288,258.4024727190641,-0.19654957983193277,-0.03311941435230205
US-Seg,2023,NIRv,289.23095206237025,316.290935333439,345.2310320797891,0.0641988308037858,220.408050596582,-0.2684772727272727,-0.02397800771217623
US-Seg,2024,NDVI,235.5314104268056,262.87300932316634,307.6723617665959,0.0412377400492297,203.20383235716236,-0.12932228760692002,-0.035050542633745886
US-Seg,2024,NIRv,239.83494460164087,288.91642327696155,346.6795207813033,0.022683600144219,172.85274789167698,-0.22379528399851098,-0.029356109876952148
US-Seg,2025,NDVI,238.93519138228748,297.83897396230026,352.9002973696557,0.0258939613681346,186.32673756814,-0.18013864441789348,-0.028019516777292166
US-Seg,2025,NIRv,236.88748614793724,278.2006632064587,325.1297768837741,0.0433393096975944,184.86670223305012,-0.15957305073203956,-0.03322118905429997
US-Ses,2013,NDVI,270.76810128128244,307.66824594437713,355.2070733594457,0.0213095511922533,232.3072763010803,-0.1958096931795974,-0.02415121007333489
US-Ses,2013,NIRv,273.1819973453424,296.34706933423246,322.82089981319893,0.0807167295276396,231.4044631642721,-0.15080857142857146,-0.0315622590058416
US-Ses,2014,NDVI,309.5571218663988,311.93541736650377,314.3265547855797,0.9132206845423452,268.8306750636015,1.2575000000000003,-0.027841485135544113
US-Ses,2014,NIRv,292.65382170439204,308.6702169269753,318.6243306298443,0.0774947273995958,250.2389499749368,-0.3807476923076923,-0.02994885180439454
US-Ses,2015,NDVI,228.2099877635208,276.32339270482703,336.78303973919884,0.0226175577535612,190.2030885977987,-0.21002962359598729,-0.03153233640566602
US-Ses,2015,NIRv,235.26638170887296,282.3791238694605,338.52561682130346,0.0233040536035936,172.6639442701177,-0.21116259939375295,-0.031112897469465006
US-Ses,2016,NIRv,250.0206039163444,286.9717958367692,323.15608880560654,0.0588677786973142,115.81741641264226,-0.15834496482784152,-0.033112559671113304
US-Ses,2017,NIRv,326.66388432189194,330.38293824173024,334.1020359528416,0.5908687833157301,139.46907223671988,-0.42464285714285716,-0.018056136953158223
US-Ses,2018,NDVI,,,,0.0715712081636701,-8.0,,
US-Ses,2018,NIRv,273.0269552643062,287.76737861415404,303.5622244778102,0.1364192141271422,219.7288837682496,-0.21921045606229142,-0.034379475533446564
US-Ses,2019,NDVI,122.46937220112164,150.36869980001876,198.45523165435333,0.0407136871212007,105.20651595106828,0.1660673000683527,0.008011068577178777
US-Ses,2019,NIRv,150.64599417565202,218.5091413940488,302.42057043834785,0.0211015627984684,101.57741454286833,-0.06881720760803449,-0.022851977205389364
US-Ses,2021,NDVI,228.1548635055944,262.50099472149486,322.18423750031326,0.0236256997797964,198.9199420702637,-0.16676597912076005,-0.03354793953586564
US-Ses,2021,NIRv,226.4774829156021,261.73784244865897,301.2703305728499,0.0538149143757359,187.4407661382737,-0.17223012802275955,-0.03514064991609367
US-Ses,2022,NDVI,256.91195027465443,294.3105939658919,345.23555113145926,0.0201379139062994,216.87517425215844,-0.2158803370786516,-0.028423859181257748
US-Ses,2022,NIRv,252.7994160943936,273.74183971491874,306.01212088772,0.0572124579049158,225.86069071361155,-0.2663705355441204,-0.03506104156550424
US-Ses,2023,NDVI,260.1136804723976,291.9905815195341,340.3341154118089,0.0318513894279249,238.8555068370881,-0.25877981715893106,-0.02925524491889386
US-Ses,2023,NIRv,258.130683624214,283.23419540793856,310.00234769158936,0.081120100242338,232.8124294258464,-0.2177926235806369,-0.03447595889745466
US-Ses,2024,NDVI,221.8343666648806,244.5199336979412,288.05286559519527,0.0409375717180066,201.7389500434314,-0.08436854497565649,-0.0352090320831191
US-Ses,2024,NIRv,234.447010594769,261.84332072505697,306.27828772977387,0.0418985756290408,201.8845617713772,-0.11980280082320409,-0.03510152702828108
US-Ses,2025,NDVI,203.18434103087293,253.3672407862409,334.89506848760755,0.0139043146413815,171.19556601274758,-0.1489120269043933,-0.031030557320975823
US-Ses,2025,NIRv,226.72218042258547,273.236586919029,321.7554337608264,0.0428335495468001,165.90150177154584,-0.1472058510638298,-0.033572344707191414
US-Slt,2014,NDVI,226.92486583085403,233.975489014234,241.0258072282024,0.3116501397386123,144.67721809619422,0.08764642857142864,-0.04135525775891787
US-Slt,2014,NIRv,189.41744662082115,226.4618778303113,280.708265386359,0.0298434151161544,157.57503250121124,-0.08047485268354837,-0.03783283830800868
US-Slt,2015,NDVI,281.0139536203802,304.2098480906615,324.3967899448181,0.092860414296661,137.02073163646926,-0.05044910903050438,-0.03752123429902751
US-Slt,2015,NIRv,270.52967460761823,294.4569623050614,316.9003975720772,0.0910462813064799,134.4664592831934,-0.07790928152944802,-0.040379708369137145
US-Slt,2016,NDVI,284.07763062441023,307.3225875762866,328.89810267595846,0.0935695754488408,155.39373721174582,-0.2112287526427062,-0.03588530793168539
US-Slt,2016,NIRv,267.345838170491,296.7010127450109,323.9823660726765,0.0740764696473338,132.20957630359592,-0.14858537252221463,-0.03929125940834992
US-Slt,2017,NDVI,277.07717567620136,321.3232625806849,353.13671578612605,0.0464290228552131,160.5369651865029,-0.2567991387559808,-0.029409255716896864
US-Slt,2017,NIRv,236.0923821764827,290.258985003034,337.9200248395862,0.037809520549062,142.2531561847914,-0.16718994758299358,-0.03841439966417335
US-Slt,2019,NDVI,140.08974291737076,206.4759442552725,295.84684972860725,0.0152119369213005,117.6544106246406,-0.035239937481872964,-0.024075176226529795
US-Slt,2019,NIRv,200.5653984192439,254.9524037273144,305.62980945675497,0.0371893307187167,130.04572817061998,-0.12494853825419865,-0.040449920837994105
US-Slt,2021,NDVI,274.4057368342843,297.48503375427464,315.247979294776,0.091224595318061,145.4582134373088,-0.3079895470383276,-0.04029446497880963
US-Slt,2021,NIRv,215.9663297622027,266.51144255435935,307.1918262843497,0.0362166422736567,145.3867654810489,-0.14012252824314536,-0.04210979812998509
US-Slt,2022,NDVI,275.72038124792124,296.91474729271414,318.0805216660187,0.1036543149095653,138.2565068172304,0.02367351253397766,-0.039605817065040516
US-Slt,2022,NIRv,244.12750712416468,279.287982912756,314.3357365197807,0.0619137446243265,149.4376656210484,-0.14156476248797134,-0.042265126265056775
US-Ton,2013,NDVI,101.38523578235676,123.99158669286058,167.56385271836717,0.0433952808462812,,0.08438236092265944,0.0275313270062803
US-Ton,2013,NIRv,102.949138774541,132.95061357653947,192.32586435081583,0.031477106575302,,0.1158861834794419,0.0177972719142702
US-Ton,2014,NDVI,124.44823302467164,143.07957110739713,163.610708760494,0.1055177966720477,87.09035028384713,0.20933906882591094,0.02319576403223595
US-Ton,2014,NIRv,114.07044006623768,146.69703862520947,211.37772807127584,0.0280456510582472,88.40018848040037,0.10202527351146645,0.007010451252217396
US-Ton,2015,NDVI,115.1578035221037,145.48869469483157,362.0,0.0441713647443841,72.68915591685601,-0.04667127640259033,-0.016441062811379595
US-Ton,2015,NIRv,120.64189507310974,138.92383427470264,168.11334874307084,0.0649229001573196,97.99912159082614,0.22394290056448116,0.022572821396093252
US-Ton,2016,NDVI,374.0,374.0,374.0,0.1209814694153068,,,
US-Ton,2016,NIRv,124.45618566537756,141.96346021716496,162.5661997155945,0.1037772273939811,92.56080433880874,0.24451209103840682,0.02359186517035424
US-Ton,2017,NDVI,122.26974101604064,142.67255295838316,163.09765770859755,0.1075617827399736,65.98657795212057,0.023296689895470395,0.024027093352007825
US-Ton,2017,NIRv,112.85412030845536,137.5433802015487,167.70297138521238,0.0706767500288074,95.22539244367218,0.08421096681096685,0.02484584829698943
US-Ton,2018,NDVI,127.171242194432,146.27903013153664,168.4724856208588,0.0778515688778337,94.73029523838797,0.1473081881533101,0.020437271912737736
US-Ton,2018,NIRv,123.95551764981197,145.769285857198,181.6241608227064,0.05367075472779,98.36413101572091,0.15213706973453506,0.016017033143576616
US-Ton,2019,NDVI,121.78442266048344,147.94610469218364,182.1605084969324,0.0479141659550561,85.99985088789772,0.17854896879957696,0.016498187063217536
US-Ton,2019,NIRv,117.67834884261472,140.18187811043106,173.10854199356248,0.0623321633890781,107.24777294938744,0.19531083390293907,0.02145997291693848
US-Ton,2020,NDVI,127.38590180822575,147.4862545548944,170.8022645403637,0.0820284841257543,90.24191640916064,0.09110646330413777,0.01941797913018231
US-Ton,2020,NIRv,121.8028148587106,135.6583043763345,153.03204426716093,0.1079917127731924,97.88557780238058,0.18037463343108504,0.027743201444425086
US-Ton,2021,NIRv,114.39896906411698,139.11055249853692,189.8798327466508,0.0348952121578372,93.79582167617522,0.10451749644381225,0.015580283781517257
US-Ton,2022,NDVI,111.90159910374608,140.35598459931063,168.80545450836988,0.0741554777638271,45.78955696857802,0.1680359087373607,0.024676175178744684
US-Ton,2022,NIRv,111.67320020312744,169.38726729566693,260.80656419520085,0.0193714598647263,56.38184397515416,0.07712577543986938,-0.007630072813780258
US-Ton,2023,NDVI,133.63087535801552,149.2896296911459,369.0,0.0798113780178031,108.24378346237444,-0.05196795675095956,-0.019678999833823534
US-Ton,2023,NIRv,130.15450328880354,154.8225482538662,202.36364431262004,0.0378955468940075,107.80115844243927,0.12368676442214932,0.004984380031588657
US-Ton,2024,NDVI,127.85398989199167,145.70139236683357,165.37515811466287,0.0940404752418021,92.02747748668412,0.16624882372250788,0.021459932946977067
US-Ton,2024,NIRv,127.3959818530111,144.41380709239417,168.3243670484033,0.0802551709114505,102.70142757910652,0.1352270034843205,0.02042500520653717
US-Ton,2025,NDVI,124.55297908242494,142.3517428373033,317.0,0.0734085580111047,95.3083832024645,-0.017540050277762943,-0.019781190990586638
US-Ton,2025,NIRv,121.57636190727531,155.81633893077824,223.9585710335397,0.0240492788102367,89.38754526025168,0.06260656145568871,-0.00018854206003987513
US-UMd,2021,NDVI,272.03604906442393,294.9079525983664,312.4290528120165,0.0920169282487715,142.71051623769006,-0.35273536585365856,-0.050375817300609554
US-UMd,2021,NIRv,248.83282668423485,281.0029257457577,307.1300994854677,0.0656148067272919,144.05206767996978,-0.1908677381648159,-0.05264548294437017
US-UMd,2022,NDVI,273.2135035839246,296.7107360653537,315.30713536988145,0.0901425970250245,149.5785492891272,0.032160764929908436,-0.04966284778456544
US-UMd,2022,NIRv,267.4108047252656,289.7242118548744,309.7669521202951,0.0970077778655712,143.55401236405118,0.02986727169597278,-0.051291764878583536
US-UMd,2023,NDVI,280.80388430822967,293.96762311540203,306.93030295106536,0.1665909198362513,141.68185148580076,-0.18233504273504278,-0.050412228633485295
US-UMd,2023,NIRv,262.83317885858423,293.4322331257115,316.5108224540961,0.067802748195806,168.9067096915432,-0.31869971412235576,-0.05043855624723048
US-UMd,2024,NDVI,181.64495386202765,241.74287208597832,292.9509619117412,0.0072724759141826,143.92385427874112,-0.08265078975078977,-0.04504384425771715
US-UMd,2024,NIRv,207.2733174227814,260.8579159751209,295.5246684511101,0.0316189299561043,145.91872984398728,-0.1209128773202776,-0.050963915239177274
US-UMd,2025,NDVI,187.92789868411623,243.0538361801367,295.23143480809034,0.0041901078224309,152.3023125183425,-0.09890546552726094,-0.04692221474444508
US-UMd,2025,NIRv,264.54721924074346,287.4828559067487,302.86798457608955,0.0890106337039585,151.4799263887825,-0.35018929861035125,-0.05253075947380624
US-Var,2013,NDVI,100.57360013959313,119.20173998617176,154.1066685378567,0.0547164758830643,,0.09403670668953688,0.03197229515054992
US-Var,2013,NIRv,100.50312374316948,118.6395774940121,152.2787934892856,0.0569741266341752,,0.07824139844617091,0.03250845129642692
US-Var,2014,NDVI,115.95144190624636,136.3555938607513,160.36195732147382,0.0891485980105352,81.31657862492217,0.21402648221343876,0.02670536924914203
US-Var,2014,NIRv,113.88129760240275,131.31104286661142,150.94092446369976,0.1099983315667066,84.236342810352,0.21018397344713133,0.03030052288933177
US-Var,2015,NDVI,98.2271092448537,136.29949552560646,362.0,0.0391079807261215,50.07685281716441,-0.03556498085815469,-0.012802239648921859
US-Var,2015,NIRv,106.76914155877104,133.68659266050017,160.64511284457205,0.0814883698176518,27.62293513953264,0.09766418906041548,0.02873647714215731
US-Var,2016,NDVI,374.0,374.0,374.0,0.0977825018894757,,,
US-Var,2016,NIRv,118.40743847601898,138.21372121256957,161.2146451573421,0.0660562004631715,86.97433317109294,0.1979202657807309,0.025768210418269565
US-Var,2017,NDVI,116.75036267196135,139.16037669268445,163.69247617461286,0.0884667896211861,93.20432802872791,0.028042784458834423,0.02530358212857413
US-Var,2017,NIRv,113.48392823770652,136.4374817163777,159.44062009141152,0.0954933604473977,26.179064792200105,0.10306432315757016,0.027629551662054146
US-Var,2018,NDVI,128.97358879253883,148.2310282384458,169.58535810804787,0.0929639486194825,89.43468845086869,0.1615179442508711,0.019382580141739082
US-Var,2018,NIRv,131.2201365563203,144.9565019893291,160.30363039007364,0.1331315007943386,96.60575110781888,0.2352832512315271,0.022353187215142494
US-Var,2019,NDVI,116.18661990324703,144.96920445759045,183.0937515573133,0.0492409410363573,76.79690625146857,0.16303024982041667,0.017832938375918116
US-Var,2019,NIRv,116.10973404350489,137.5020090312686,165.88405000468745,0.0677744751382038,83.866509889268,0.2228951020408163,0.02466239184795222
US-Var,2020,NDVI,122.3755297913158,142.32358874619473,164.49016828809704,0.0901542851348652,82.52537590047531,0.15266607244145536,0.023452365800731668
US-Var,2020,NIRv,117.87425066661336,134.5751941044682,153.91484066202014,0.1001136215702141,85.41587180266497,0.13859446589446592,0.028425489880793235
US-Var,2022,NDVI,101.67988838323409,131.61109159928304,161.54878396967544,0.0733912324363636,,0.2079989163656571,0.029475146098217987
US-Var,2022,NIRv,82.55514499993747,118.41944068014496,163.01530833592224,0.0465027169671124,37.37497101531998,0.13032344173441732,0.03211466009927148
US-Var,2023,NDVI,124.30680337238536,146.01358996030325,169.71208231065893,0.0734189843375379,85.88909092874566,0.09714400527009218,0.02082643758917399
US-Var,2023,NIRv,120.11035584016406,145.69770950721335,179.4203650521534,0.056408388163923,82.36248781455545,0.0876904734073641,0.018157599741168953
US-Var,2024,NDVI,126.84908089834276,144.87215348830603,164.50356270870057,0.1056096660367194,83.2449628950945,0.2372200459568881,0.022103901543609677
US-Var,2024,NIRv,124.6502102295197,140.93329045627576,159.00108506034175,0.118570075968148,81.59038598388683,0.2935837535014006,0.0248487358373817
US-Var,2025,NDVI,118.39019543499252,137.30221606524512,159.40469965373137,0.0775947797346816,85.63402870929158,0.1313350174216028,0.026419402617932495
US-Var,2025,NIRv,116.58244588894898,134.53398850843715,156.5618925189081,0.0960265789215986,85.50401624373733,0.16427495309568485,0.027859463097182117
US-Vcm,2014,NDVI,253.96258135392756,281.3314446444249,306.1436558949404,0.0373537373854548,209.1575519019526,-0.12706773101112723,-0.037119457465980825
US-Vcm,2014,NIRv,263.16354218432144,288.9984496334568,308.5979002346173,0.0440870869276773,210.43302718594867,-0.1450671936758893,-0.036471495707325226
US-Vcm,2016,NDVI,270.6302121270236,286.0307851371096,301.28931867111334,0.1424875960009818,165.00414426137303,0.04018790322580645,-0.036866223940014924
US-Vcm,2016,NIRv,259.6941153580905,279.7538587475749,299.4640357532131,0.1091851996582776,163.3759799234883,-0.04534493433395873,-0.03755908294776796
US-Vcm,2019,NDVI,250.06238176871065,279.5625377488196,306.9130329354258,0.0723313130632054,166.9416416341383,-0.2660946001367054,-0.03713934361009211
US-Vcm,2019,NIRv,225.5650627327364,273.5581664865601,316.36929511403883,0.0140964801116186,171.2104124960253,-0.20494452938365978,-0.036137673838686664
US-Vcm,2020,NDVI,233.2275509493067,279.52012741823063,315.4210612940491,0.0448903526570205,137.18259200279738,-0.16835343542190448,-0.03638504848590184
US-Vcm,2020,NIRv,197.7080840003605,252.6705162159612,310.7039138061312,0.0190440573191195,152.74794917075164,-0.09702198250049907,-0.0343345945751143
US-Vcm,2021,NDVI,244.4698702067702,275.81137694480174,319.7755100358096,0.0354659664308279,207.34022925592373,-0.17699513513513518,-0.03578985830171749
US-Vcm,2021,NIRv,240.7907307495936,268.7984366353087,310.8681751763032,0.0409597341876981,207.05674273863383,-0.19974364447554893,-0.03686560593656766
US-Vcm,2022,NDVI,265.1265376439729,293.1091617784941,317.3952364227738,0.0593365568386723,213.76766961579276,-0.24620408947323486,-0.035134538148752475
US-Vcm,2022,NIRv,259.20807216550685,285.3452538505316,312.68605858357506,0.0590107203848969,214.7248902217992,-0.2516952910820835,-0.036167755492914476
US-Vcm,2023,NDVI,214.59475222581275,283.0044925959512,322.23365216091446,0.0202101162189135,143.37319822126184,-0.1291083959720674,-0.035100890088694485
US-Vcm,2023,NIRv,194.0394601043376,251.3224738953059,305.8934839697069,0.0288157854259999,160.68877083370336,-0.12829011934011933,-0.03395037088195616
US-Vcm,2024,NDVI,237.4042761343682,275.6625642051689,308.35159358922624,0.0157333666630311,184.62963054667637,-0.11819916163648557,-0.03708413454990743
US-Vcm,2024,NIRv,230.486273589626,264.705137989075,303.0005630537364,0.0248492173834432,189.6576144085852,-0.08934277428113047,-0.03731879002821599
US-Vcm,2025,NIRv,253.5911466996942,288.4225211530338,316.2885742273416,0.0561365040088427,172.80380865872942,-0.09390452188940093,-0.03595265620786456
US-Vcp,2013,NDVI,269.7922511630482,302.5058116851286,352.5831443509656,0.0179853971493199,236.9715257416513,-0.16557713781957095,-0.02655275301854816
US-Vcp,2014,NDVI,248.98514304289043,281.2710131836404,312.36105489906464,0.0133685860270102,206.89093760845776,-0.15159548992674,-0.0365593423452842
US-Vcp,2014,NIRv,246.4974380353996,281.7854272791313,311.8182083575842,0.0338891058114256,190.40054313714847,-0.1511792395104895,-0.03667350365706229
US-Vcp,2016,NDVI,264.60349728952013,293.01560082689065,319.10855888842934,0.0304904340386941,221.3083005020655,-0.09711284271284272,-0.03486879887037043
US-Vcp,2016,NIRv,248.38943869862237,283.0014686919047,313.79575058913304,0.0495177677798797,185.01788722486347,-0.10149261363636364,-0.036408869445097754
US-Vcp,2017,NDVI,252.35813436800967,297.39455909901466,341.41220683775845,0.0110255028200331,194.54365292202397,-0.16721933946203607,-0.031446829368458794
US-Vcp,2017,NIRv,259.7641607788289,278.32946598921046,296.8869249485244,0.1183456096075498,129.7330656150341,-0.14277667140825043,-0.03773301254893974
US-Vcp,2018,NIRv,292.0806544603632,306.8905487103827,321.7052109530908,0.1481853715613568,171.59959343719285,-0.3594640394088669,-0.03119487879111352
US-Vcp,2020,NDVI,223.7558450244682,268.56883102381977,329.77339104088253,0.0138560473285351,180.5603430444825,-0.1927648134619744,-0.034490717815375986
US-Vcp,2020,NIRv,222.41352926199204,263.775502524186,304.184200513556,0.0527020612108997,131.16272754377076,-0.1301875904702822,-0.03685839466167917
US-Vcp,2021,NDVI,240.86562999204256,284.4541633194052,342.0242262557256,0.0158786112442664,198.15287599959365,-0.15029683745073538,-0.03204917198434345
US-Vcp,2021,NIRv,228.38902157751443,270.60043203926364,331.0273955403298,0.0221108118279665,183.4685725317992,-0.1628506128366209,-0.03434784691992728
US-Vcp,2022,NDVI,263.42293798368325,304.1918837037762,351.09286457484416,0.0185115119452043,216.99832076356947,-0.19472021943573672,-0.027852919036178925
US-Vcp,2022,NIRv,244.9036857616605,280.325195534844,331.4900454722498,0.0310384837938274,202.35181290086987,-0.2392526791572501,-0.033917628557033466
US-Vcp,2023,NIRv,233.1413911860053,283.31605731491413,319.44255890903,0.035376059218232,160.93560708008135,-0.15778962215198825,-0.0359122174233691
US-Vcp,2024,NDVI,235.2943553159732,282.75498537567364,347.30712313510463,0.0145095024164829,189.0662337242124,-0.1772949354221479,-0.03116393292126444
US-Vcp,2024,NIRv,235.606711307427,265.64317784964743,296.8986737677626,0.0697883724019513,171.88777288619258,-0.07664045478582761,-0.037768172342584505
US-Vcp,2025,NDVI,229.5127431282285,272.8245147030678,341.1941485785525,0.0148502322663429,185.80081757912907,-0.14787279188164143,-0.03259799263180926
US-Vcp,2025,NIRv,230.9799826706124,272.3455914719151,314.128933323793,0.051465250310195,158.6801885506998,-0.12312428875164526,-0.03644743292207097
US-Wjs,2014,NDVI,265.5955664229553,286.2982023475615,307.1995887595414,0.0399303232998149,237.92848333690048,-0.12549858196256383,-0.03454839075993172
US-Wjs,2014,NIRv,264.3680948498997,284.5071534511688,304.8972441578029,0.0634215555030714,228.7964653362822,-0.11538733583489684,-0.03486429434566904
US-Wjs,2015,NDVI,246.1494231511347,284.8092082393118,336.9506497638297,0.0262854316284505,203.19200682225423,-0.22295326995102274,-0.03107613953469051
US-Wjs,2015,NIRv,272.4710086472374,273.3585715997395,274.24584809936295,2.488815644897543,196.88969054285948,,-0.036573824953927414
US-Wjs,2016,NDVI,265.2656051692353,283.4909534730536,311.6268687519168,0.0664380386387535,242.4508246387668,-0.07657224791859389,-0.03403198814794746
US-Wjs,2016,NIRv,274.21721388530165,311.1231056883285,341.9138167462908,0.0368736799020881,199.9902480843089,-0.25623130337616723,-0.02737579326673076
US-Wjs,2017,NDVI,280.8051483702322,313.42315620921624,351.6285660914644,0.0342012019924322,234.4204756931724,-0.17160080482897383,-0.023677882136048118
US-Wjs,2017,NIRv,271.3646812843146,317.9722954618697,357.6268525434241,0.0236888553845373,191.73098108040037,-0.1754938723524694,-0.023438938704924316
US-Wjs,2018,NDVI,255.35174665681845,285.31885806406564,321.8810624991938,0.0420773678914787,233.26261379446737,-0.29506942907838435,-0.03316699213263995
US-Wjs,2018,NIRv,269.4483855368911,284.7694877912071,306.8027703052672,0.0820719722868228,248.26239735610892,-0.3004513987671883,-0.03436324274642732
US-Wjs,2019,NDVI,161.27773983021163,206.8361399074296,276.89546338104054,0.0272915580786345,143.48201635904397,-0.026043273100291954,-0.023679968240997617
US-Wjs,2019,NIRv,195.48577146402485,263.60354654639224,330.64973477442936,0.0222938803176097,125.4579176954825,-0.1700264364452249,-0.030933803522254756
US-Wjs,2020,NDVI,259.39597921176846,301.83632936814337,347.7339516592523,0.0161087617267731,207.07729920061036,-0.22375953647282587,-0.027673250643190653
US-Wjs,2020,NIRv,252.87241919967855,303.747474756518,349.7690568482912,0.0144447732412871,178.75910922991142,-0.19048411529560277,-0.02780120241760708
US-Wjs,2021,NDVI,225.8898291380104,260.73286790820293,312.219293263787,0.0365906012138544,211.56743425765413,-0.15585762192899333,-0.03456054427291156
US-Wjs,2021,NIRv,231.13831267429836,249.3362739379314,278.8700817655315,0.0654683882292848,209.88019703883137,-0.18861320536540238,-0.035971415386542444
US-Wjs,2022,NDVI,266.03093363203817,305.73084903671923,341.7867457712942,0.0541890574669803,182.0723136810037,-0.2043749644381223,-0.02841484620330244
US-Wjs,2022,NIRv,255.5292150444363,283.1157912280361,312.74202766501065,0.0449759864832772,210.1617006245457,-0.24503474202748246,-0.034384527246593334
US-Wjs,2023,NDVI,271.77489501165667,306.5904481289509,349.60806421858587,0.0299363295032763,225.18561673523868,-0.22494339837377816,-0.025671728220898186
US-Wjs,2023,NIRv,276.7608065846701,313.45462675391315,347.3870139201157,0.0566310772598042,161.68865455655973,-0.22216961770623742,-0.025553402931414445
US-Wjs,2024,NDVI,239.9391163262687,283.22208277412847,330.2143788322604,0.0426860283971125,204.27756327009376,-0.19105362318840582,-0.03249842744592371
US-Wjs,2024,NIRv,255.7348853618222,298.86498406997106,350.3325931667701,0.0244601032104818,198.34413282279428,-0.22480772676371782,-0.027393086108468665
US-Wjs,2025,NDVI,247.95916159454825,297.359950287154,339.05818920839,0.0411593904817852,187.35533896689745,-0.17605547678128325,-0.030560549575771603
US-Wjs,2025,NIRv,248.24041780937716,278.9818564599253,318.1701493923764,0.0399524011510049,202.1782638854507,-0.14639112938500562,-0.03397368823138251
US-Wkg,2013,NDVI,218.77098372804653,254.22633753302355,308.6368135898624,0.0351383941494181,198.4397024778557,-0.11845989216775735,-0.031073649686769768
US-Wkg,2013,NIRv,217.5161333633408,247.1006704668141,291.3951770878907,0.0454732313955343,198.66928551851905,-0.11118800444279894,-0.03151498171992818
US-Wkg,2014,NDVI,274.43501258276746,300.6717031699214,322.5050149341465,0.0249588013030547,241.61427766987205,-0.1990118866695614,-0.028449739997827996
US-Wkg,2014,NIRv,268.3766402920916,298.6480317714724,322.04369897116646,0.0333647818595824,233.5462281937354,-0.1739890985324948,-0.029041193625624476
US-Wkg,2015,NDVI,283.7009130128829,300.1347490201467,316.46872407032527,0.1335929677517471,189.58673693056,-0.3392413101604278,-0.0284975120553509
US-Wkg,2015,NIRv,263.9421266944386,295.82247780742745,328.8928168524193,0.0464067057532648,201.72589711295916,-0.2078164772727273,-0.028264364683124404
US-Wkg,2016,NDVI,250.3572236716836,284.72443639705193,324.65770247915367,0.0436614292702814,214.101707241676,-0.0870088115512773,-0.029718274226590433
US-Wkg,2016,NIRv,249.80038735605612,276.89854159618784,317.337064431992,0.0410647208484399,218.18299965072868,-0.07547492079245713,-0.030667157722218737
US-Wkg,2017,NDVI,229.449755179595,265.077979841376,317.5725333713075,0.0352680844363059,202.99479041313236,-0.08752015603536331,-0.030798330098764433
US-Wkg,2017,NIRv,227.7685214280509,268.0216140710812,321.7320299050317,0.0347140543376227,198.81370314119653,-0.07913162590759672,-0.0303736844492398
US-Wkg,2018,NDVI,274.3988426229242,305.0606452817632,347.20694563520544,0.0331896467732371,239.2376001460868,-0.11604779094162657,-0.023341482572699163
US-Wkg,2018,NIRv,265.81949623603845,290.12038759220786,326.41901085257007,0.0492844324352311,234.24466538303963,-0.18146768905341093,-0.02853688761637588
US-Wkg,2019,NDVI,283.24528949851435,299.31049382866576,318.06141187794327,0.0881031581515438,254.3871249666742,-0.12915770308123248,-0.02828963366758932
US-Wkg,2019,NIRv,282.6315439458336,317.5102727145124,347.7188178305208,0.0371298918378608,215.5982738306995,-0.15105952797202798,-0.02202881493576389
US-Wkg,2020,NDVI,169.24370874837714,240.8463755666456,328.0903874240522,0.0123178200505459,119.09966269337748,-0.06946975459756388,-0.024542517627228942
US-Wkg,2020,NIRv,175.475884005931,232.54722379960907,318.51208502559786,0.0136872336404485,127.57484800721318,-0.07379739567943792,-0.02591743625589164
US-Wkg,2021,NDVI,247.6524741167339,276.63538294805534,322.0109857689428,0.0348458317303179,222.16840802069035,-0.11097860597439545,-0.030167296927576515
US-Wkg,2021,NIRv,244.3506270977511,266.99999294400595,305.0171636460454,0.0482072508136879,223.5711595111332,-0.15754695928080387,-0.031907458699033116
US-Wkg,2022,NDVI,241.04313631458783,273.9159170642411,326.6909273072123,0.0293659307656233,210.8452738275329,-0.19057172171194064,-0.029736315817048525
US-Wkg,2022,NIRv,238.4620201659624,262.95125092244257,304.6724140250444,0.0435636208274517,213.19935809521516,-0.16788266360505166,-0.03191316004913832
US-Wkg,2023,NDVI,296.9177553121624,333.08482050597206,359.1332628837702,0.0573754859594835,118.26540717233569,-0.11487365591397848,-0.016112694842087435
US-Wkg,2023,NIRv,297.2011435232431,335.3862405755156,360.7403463135824,0.0529681485460849,132.64784931468304,-0.12429627496159752,-0.015556761911460982
US-Wkg,2024,NDVI,247.0652870079724,267.0528896879024,300.8316324661824,0.0557725809848458,224.4922449279791,-0.05853830027414934,-0.03218305295652093
US-Wkg,2024,NIRv,252.6406748888785,277.9354554136088,317.931209914125,0.044511549141385,222.12152005981247,-0.22705021853146856,-0.030502447823791523
US-Wkg,2025,NDVI,286.18691697032534,322.7768530682204,353.41052840779275,0.0495344783106764,228.18882141562156,-0.10605846436267856,-0.01990301838712069
US-Wkg,2025,NIRv,278.45504841049353,308.7255877457747,341.06525778124933,0.0592637623354629,227.718507628482,-0.18690572196620586,-0.02427730060952436
