site_id,year,n_growing_season_days,passed,failed_variables,GPP_NT_VUT_REF_frac_bad,GPP_NT_VUT_REF_max_consecutive_bad_days,NEE_VUT_REF_frac_bad,NEE_VUT_REF_max_consecutive_bad_days,RECO_NT_VUT_REF_frac_bad,RECO_NT_VUT_REF_max_consecutive_bad_days
BE-Dor,2011,245,True,,0.0,0,0.0,0,0.0,0
BE-Dor,2012,245,True,,0.0,0,0.0,0,0.0,0
BE-Dor,2013,245,True,,0.0,0,0.0,0,0.0,0
BE-Dor,2014,245,True,,0.0,0,0.0,0,0.0,0
BE-Dor,2015,245,True,,0.0,0,0.0,0,0.0,0
BE-Dor,2016,245,True,,0.0,0,0.0,0,0.0,0
BE-Dor,2017,245,True,,0.0,0,0.0,0,0.0,0
BE-Dor,2018,245,True,,0.0,0,0.0,0,0.0,0
BE-Dor,2019,245,True,,0.0,0,0.0,0,0.0,0
BE-Dor,2020,245,True,,0.0,0,0.0,0,0.0,0
BE-Dor,2021,245,True,,0.0,0,0.0,0,0.0,0
BE-Dor,2022,245,True,,0.0,0,0.0,0,0.0,0
BE-Dor,2023,245,True,,0.0,0,0.0,0,0.0,0
BE-Dor,2024,245,True,,0.0,0,0.0,0,0.0,0
BE-Maa,2016,245,True,,0.0,0,0.0,0,0.0,0
BE-Maa,2017,245,True,,0.0,0,0.0,0,0.0,0
BE-Maa,2018,245,True,,0.0,0,0.0,0,0.0,0
BE-Maa,2019,245,True,,0.0,0,0.0,0,0.0,0
BE-Maa,2020,245,True,,0.0,0,0.0,0,0.0,0
BE-Maa,2021,245,True,,0.0,0,0.0,0,0.0,0
BE-Maa,2022,245,True,,0.0,0,0.0,0,0.0,0
BE-Maa,2023,245,True,,0.0,0,0.0,0,0.0,0
BE-Maa,2024,245,True,,0.0,0,0.0,0,0.0,0
BE-Maa,2025,245,True,,0.0,0,0.0,0,0.0,0
CA-Ca1,1997,245,True,,0.0,0,0.0,0,0.0,0
CA-Ca1,1998,245,True,,0.0,0,0.0,0,0.0,0
CA-Ca1,1999,245,True,,0.0,0,0.0,0,0.0,0
CA-Ca1,2000,245,True,,0.0,0,0.0,0,0.0,0
CA-Ca1,2001,245,True,,0.0,0,0.0,0,0.0,0
CA-Ca1,2002,245,True,,0.0,0,0.0,0,0.0,0
CA-Ca1,2003,245,True,,0.0,0,0.0,0,0.0,0
CA-Ca1,2004,245,True,,0.0,0,0.0,0,0.0,0
CA-Ca1,2005,245,True,,0.0,0,0.0,0,0.0,0
CA-Ca1,2006,245,True,,0.0,0,0.0,0,0.0,0
CA-Ca1,2007,245,True,,0.0,0,0.0,0,0.0,0
CA-Ca1,2008,245,True,,0.0,0,0.0,0,0.0,0
CA-Ca1,2009,245,True,,0.0,0,0.0,0,0.0,0
CA-Ca1,2010,245,True,,0.0,0,0.0,0,0.0,0
CA-Ca2,2000,245,True,,0.0,0,0.0,0,0.0,0
CA-Ca2,2001,245,True,,0.0,0,0.0,0,0.0,0
CA-Ca2,2002,245,True,,0.0,0,0.0,0,0.0,0
CA-Ca2,2003,245,True,,0.0,0,0.0,0,0.0,0
CA-Ca2,2004,245,True,,0.0,0,0.0,0,0.0,0
CA-Ca2,2005,245,True,,0.0,0,0.0,0,0.0,0
CA-Ca2,2006,245,True,,0.0,0,0.0,0,0.0,0
CA-Ca2,2007,245,True,,0.0,0,0.0,0,0.0,0
CA-Ca2,2008,245,True,,0.0,0,0.0,0,0.0,0
CA-Ca2,2009,245,True,,0.0,0,0.0,0,0.0,0
CA-Ca2,2010,245,True,,0.0,0,0.0,0,0.0,0
CA-Ca3,2001,245,False,GPP_NT_VUT_REF;NEE_VUT_REF;RECO_NT_VUT_REF,1.0,245,1.0,245,1.0,245
CA-Ca3,2002,245,False,GPP_NT_VUT_REF;NEE_VUT_REF;RECO_NT_VUT_REF,1.0,245,1.0,245,1.0,245
CA-Ca3,2003,245,False,GPP_NT_VUT_REF;NEE_VUT_REF;RECO_NT_VUT_REF,1.0,245,1.0,245,1.0,245
CA-Ca3,2004,245,False,GPP_NT_VUT_REF;NEE_VUT_REF;RECO_NT_VUT_REF,1.0,245,1.0,245,1.0,245
CA-Ca3,2005,245,False,GPP_NT_VUT_REF;NEE_VUT_REF;RECO_NT_VUT_REF,1.0,245,1.0,245,1.0,245
CA-Ca3,2006,245,False,GPP_NT_VUT_REF;NEE_VUT_REF;RECO_NT_VUT_REF,1.0,245,1.0,245,1.0,245
CA-Ca3,2007,245,False,GPP_NT_VUT_REF;NEE_VUT_REF;RECO_NT_VUT_REF,1.0,245,1.0,245,1.0,245
CA-Ca3,2008,245,False,GPP_NT_VUT_REF;NEE_VUT_REF;RECO_NT_VUT_REF,1.0,245,1.0,245,1.0,245
CA-Ca3,2009,245,False,GPP_NT_VUT_REF;NEE_VUT_REF;RECO_NT_VUT_REF,1.0,245,1.0,245,1.0,245
CA-Ca3,2010,245,False,GPP_NT_VUT_REF;NEE_VUT_REF;RECO_NT_VUT_REF,1.0,245,1.0,245,1.0,245
CA-Ca3,2011,245,False,GPP_NT_VUT_REF;NEE_VUT_REF;RECO_NT_VUT_REF,1.0,245,1.0,245,1.0,245
CA-Ca3,2012,245,False,GPP_NT_VUT_REF;NEE_VUT_REF;RECO_NT_VUT_REF,1.0,245,1.0,245,1.0,245
CA-Ca3,2013,245,False,GPP_NT_VUT_REF;NEE_VUT_REF;RECO_NT_VUT_REF,1.0,245,1.0,245,1.0,245
CA-Ca3,2014,245,False,GPP_NT_VUT_REF;NEE_VUT_REF;RECO_NT_VUT_REF,1.0,245,1.0,245,1.0,245
CA-Ca3,2015,245,False,GPP_NT_VUT_REF;NEE_VUT_REF;RECO_NT_VUT_REF,1.0,245,1.0,245,1.0,245
CA-Ca3,2016,245,False,GPP_NT_VUT_REF;NEE_VUT_REF;RECO_NT_VUT_REF,1.0,245,1.0,245,1.0,245
CA-Ca3,2017,245,False,GPP_NT_VUT_REF;NEE_VUT_REF;RECO_NT_VUT_REF,1.0,245,1.0,245,1.0,245
CA-Ca3,2018,245,False,GPP_NT_VUT_REF;NEE_VUT_REF;RECO_NT_VUT_REF,1.0,245,1.0,245,1.0,245
CA-Ca3,2019,245,False,GPP_NT_VUT_REF;NEE_VUT_REF;RECO_NT_VUT_REF,1.0,245,1.0,245,1.0,245
CA-Ca3,2020,245,False,GPP_NT_VUT_REF;NEE_VUT_REF;RECO_NT_VUT_REF,1.0,245,1.0,245,1.0,245
CA-Ca3,2021,245,False,GPP_NT_VUT_REF;NEE_VUT_REF;RECO_NT_VUT_REF,1.0,245,1.0,245,1.0,245
CA-Ca3,2022,245,False,GPP_NT_VUT_REF;NEE_VUT_REF;RECO_NT_VUT_REF,1.0,245,1.0,245,1.0,245
CA-Ca3,2023,245,False,GPP_NT_VUT_REF;NEE_VUT_REF;RECO_NT_VUT_REF,1.0,245,1.0,245,1.0,245
CA-Ca3,2024,245,False,GPP_NT_VUT_REF;NEE_VUT_REF;RECO_NT_VUT_REF,1.0,245,1.0,245,1.0,245
CA-Cbo,1996,245,True,,0.0,0,0.0,0,0.0,0
CA-Cbo,1997,245,True,,0.0,0,0.0,0,0.0,0
CA-Cbo,1998,245,True,,0.0,0,0.0,0,0.0,0
CA-Cbo,1999,245,True,,0.0,0,0.0,0,0.0,0
CA-Cbo,2000,245,True,,0.0,0,0.0,0,0.0,0
CA-Cbo,2001,245,True,,0.0,0,0.0,0,0.0,0
CA-Cbo,2002,245,True,,0.0,0,0.0,0,0.0,0
CA-Cbo,2003,245,True,,0.0,0,0.0,0,0.0,0
CA-Cbo,2004,245,True,,0.0,0,0.0,0,0.0,0
CA-Cbo,2005,245,True,,0.0,0,0.0,0,0.0,0
CA-Cbo,2006,245,True,,0.0,0,0.0,0,0.0,0
CA-Cbo,2007,245,True,,0.0,0,0.0,0,0.0,0
CA-Cbo,2008,245,True,,0.0,0,0.0,0,0.0,0
CA-Cbo,2009,245,True,,0.0,0,0.0,0,0.0,0
CA-Cbo,2010,245,True,,0.0,0,0.0,0,0.0,0
CA-Cbo,2011,245,True,,0.0,0,0.0,0,0.0,0
CA-Cbo,2012,245,True,,0.0,0,0.0,0,0.0,0
CA-Cbo,2013,245,True,,0.0,0,0.0,0,0.0,0
CA-Cbo,2014,245,True,,0.0,0,0.0,0,0.0,0
CA-Cbo,2015,245,True,,0.0,0,0.0,0,0.0,0
CA-Cbo,2016,245,True,,0.0,0,0.0,0,0.0,0
CA-Cbo,2017,245,True,,0.0,0,0.0,0,0.0,0
CA-Cbo,2018,245,True,,0.0,0,0.0,0,0.0,0
CA-Cbo,2019,245,True,,0.0,0,0.0,0,0.0,0
CA-Cbo,2020,245,True,,0.0,0,0.0,0,0.0,0
CA-Cbo,2021,245,True,,0.0,0,0.0,0,0.0,0
CA-Cbo,2022,245,True,,0.0,0,0.0,0,0.0,0
CA-Cbo,2023,245,True,,0.0,0,0.0,0,0.0,0
CA-Cbo,2024,245,True,,0.0,0,0.0,0,0.0,0
CA-Gro,2003,245,True,,0.0,0,0.0,0,0.0,0
CA-Gro,2004,245,True,,0.0,0,0.0,0,0.0,0
CA-Gro,2005,245,True,,0.0,0,0.0,0,0.0,0
CA-Gro,2006,245,True,,0.0,0,0.0,0,0.0,0
CA-Gro,2007,245,True,,0.0,0,0.0,0,0.0,0
CA-Gro,2008,245,True,,0.0,0,0.0,0,0.0,0
CA-Gro,2009,245,True,,0.0,0,0.0,0,0.0,0
CA-Gro,2010,245,True,,0.0,0,0.0,0,0.0,0
CA-Gro,2011,245,True,,0.0,0,0.0,0,0.0,0
CA-Gro,2012,245,True,,0.0,0,0.0,0,0.0,0
CA-Gro,2013,245,True,,0.0,0,0.0,0,0.0,0
CA-Gro,2014,245,True,,0.0,0,0.0,0,0.0,0
CA-LP1,2007,245,False,GPP_NT_VUT_REF;NEE_VUT_REF;RECO_NT_VUT_REF,1.0,245,1.0,245,1.0,245
CA-LP1,2008,245,False,GPP_NT_VUT_REF;NEE_VUT_REF;RECO_NT_VUT_REF,1.0,245,1.0,245,1.0,245
CA-LP1,2009,245,False,GPP_NT_VUT_REF;NEE_VUT_REF;RECO_NT_VUT_REF,1.0,245,1.0,245,1.0,245
CA-LP1,2010,245,False,GPP_NT_VUT_REF;NEE_VUT_REF;RECO_NT_VUT_REF,1.0,245,1.0,245,1.0,245
CA-LP1,2011,245,False,GPP_NT_VUT_REF;NEE_VUT_REF;RECO_NT_VUT_REF,1.0,245,1.0,245,1.0,245
CA-LP1,2012,245,False,GPP_NT_VUT_REF;NEE_VUT_REF;RECO_NT_VUT_REF,1.0,245,1.0,245,1.0,245
CA-LP1,2013,245,False,GPP_NT_VUT_REF;NEE_VUT_REF;RECO_NT_VUT_REF,1.0,245,1.0,245,1.0,245
CA-LP1,2014,245,False,GPP_NT_VUT_REF;NEE_VUT_REF;RECO_NT_VUT_REF,1.0,245,1.0,245,1.0,245
CA-LP1,2015,245,False,GPP_NT_VUT_REF;NEE_VUT_REF;RECO_NT_VUT_REF,1.0,245,1.0,245,1.0,245
CA-LP1,2016,245,False,GPP_NT_VUT_REF;NEE_VUT_REF;RECO_NT_VUT_REF,1.0,245,1.0,245,1.0,245
CA-LP1,2017,245,False,GPP_NT_VUT_REF;NEE_VUT_REF;RECO_NT_VUT_REF,1.0,245,1.0,245,1.0,245
CA-LP1,2018,245,False,GPP_NT_VUT_REF;NEE_VUT_REF;RECO_NT_VUT_REF,1.0,245,1.0,245,1.0,245
CA-LP1,2019,245,False,GPP_NT_VUT_REF;NEE_VUT_REF;RECO_NT_VUT_REF,1.0,245,1.0,245,1.0,245
CA-LP1,2020,245,False,GPP_NT_VUT_REF;NEE_VUT_REF;RECO_NT_VUT_REF,1.0,245,1.0,245,1.0,245
CA-LP1,2021,245,False,GPP_NT_VUT_REF;NEE_VUT_REF;RECO_NT_VUT_REF,1.0,245,1.0,245,1.0,245
CA-LP1,2022,245,False,GPP_NT_VUT_REF;NEE_VUT_REF;RECO_NT_VUT_REF,1.0,245,1.0,245,1.0,245
CA-LP1,2023,245,False,GPP_NT_VUT_REF;NEE_VUT_REF;RECO_NT_VUT_REF,1.0,245,1.0,245,1.0,245
CA-LP1,2024,245,False,GPP_NT_VUT_REF;NEE_VUT_REF;RECO_NT_VUT_REF,1.0,245,1.0,245,1.0,245
CA-Man,1994,245,True,,0.0,0,0.0,0,0.0,0
CA-Man,1995,245,True,,0.0,0,0.0,0,0.0,0
CA-Man,1996,245,True,,0.0,0,0.0,0,0.0,0
CA-Man,1997,245,True,,0.0,0,0.0,0,0.0,0
CA-Man,1998,245,True,,0.0,0,0.0,0,0.0,0
CA-Man,1999,245,True,,0.0,0,0.0,0,0.0,0
CA-Man,2000,245,True,,0.0,0,0.0,0,0.0,0
CA-Man,2001,245,True,,0.0,0,0.0,0,0.0,0
CA-Man,2002,245,True,,0.0,0,0.0,0,0.0,0
CA-Man,2003,245,True,,0.0,0,0.0,0,0.0,0
CA-Man,2004,245,True,,0.0,0,0.0,0,0.0,0
CA-Man,2005,245,True,,0.0,0,0.0,0,0.0,0
CA-Man,2006,245,True,,0.0,0,0.0,0,0.0,0
CA-Man,2007,245,True,,0.0,0,0.0,0,0.0,0
CA-Man,2008,245,True,,0.0,0,0.0,0,0.0,0
CA-Ojp,1999,245,False,GPP_NT_VUT_REF;NEE_VUT_REF;RECO_NT_VUT_REF,1.0,245,1.0,245,1.0,245
CA-Ojp,2000,245,False,GPP_NT_VUT_REF;NEE_VUT_REF;RECO_NT_VUT_REF,1.0,245,1.0,245,1.0,245
CA-Ojp,2001,245,False,GPP_NT_VUT_REF;NEE_VUT_REF;RECO_NT_VUT_REF,1.0,245,1.0,245,1.0,245
CA-Ojp,2002,245,False,GPP_NT_VUT_REF;NEE_VUT_REF;RECO_NT_VUT_REF,1.0,245,1.0,245,1.0,245
CA-Ojp,2003,245,False,GPP_NT_VUT_REF;NEE_VUT_REF;RECO_NT_VUT_REF,1.0,245,1.0,245,1.0,245
CA-Ojp,2004,245,False,GPP_NT_VUT_REF;NEE_VUT_REF;RECO_NT_VUT_REF,1.0,245,1.0,245,1.0,245
CA-Ojp,2005,245,False,GPP_NT_VUT_REF;NEE_VUT_REF;RECO_NT_VUT_REF,1.0,245,1.0,245,1.0,245
CA-Ojp,2006,245,False,GPP_NT_VUT_REF;NEE_VUT_REF;RECO_NT_VUT_REF,1.0,245,1.0,245,1.0,245
CA-Ojp,2007,245,False,GPP_NT_VUT_REF;NEE_VUT_REF;RECO_NT_VUT_REF,1.0,245,1.0,245,1.0,245
CA-Ojp,2008,245,False,GPP_NT_VUT_REF;NEE_VUT_REF;RECO_NT_VUT_REF,1.0,245,1.0,245,1.0,245
CA-Ojp,2009,245,False,GPP_NT_VUT_REF;NEE_VUT_REF;RECO_NT_VUT_REF,1.0,245,1.0,245,1.0,245
CA-Ojp,2010,245,False,GPP_NT_VUT_REF;NEE_VUT_REF;RECO_NT_VUT_REF,1.0,245,1.0,245,1.0,245
CA-SCC,2013,245,False,GPP_NT_VUT_REF;NEE_VUT_REF;RECO_NT_VUT_REF,1.0,245,1.0,245,1.0,245
CA-SCC,2014,245,False,GPP_NT_VUT_REF;NEE_VUT_REF;RECO_NT_VUT_REF,1.0,245,1.0,245,1.0,245
CA-SCC,2015,245,False,GPP_NT_VUT_REF;NEE_VUT_REF;RECO_NT_VUT_REF,1.0,245,1.0,245,1.0,245
CA-SCC,2016,245,False,GPP_NT_VUT_REF;NEE_VUT_REF;RECO_NT_VUT_REF,1.0,245,1.0,245,1.0,245
CA-SCC,2017,245,False,GPP_NT_VUT_REF;NEE_VUT_REF;RECO_NT_VUT_REF,1.0,245,1.0,245,1.0,245
CA-SCC,2018,245,False,GPP_NT_VUT_REF;NEE_VUT_REF;RECO_NT_VUT_REF,1.0,245,1.0,245,1.0,245
CA-SCC,2019,245,False,GPP_NT_VUT_REF;NEE_VUT_REF;RECO_NT_VUT_REF,1.0,245,1.0,245,1.0,245
CA-SCC,2020,245,False,GPP_NT_VUT_REF;NEE_VUT_REF;RECO_NT_VUT_REF,1.0,245,1.0,245,1.0,245
CA-SCC,2021,245,False,GPP_NT_VUT_REF;NEE_VUT_REF;RECO_NT_VUT_REF,1.0,245,1.0,245,1.0,245
CA-SCC,2022,245,False,GPP_NT_VUT_REF;NEE_VUT_REF;RECO_NT_VUT_REF,1.0,245,1.0,245,1.0,245
CA-SCC,2023,245,False,GPP_NT_VUT_REF;NEE_VUT_REF;RECO_NT_VUT_REF,1.0,245,1.0,245,1.0,245
CA-SCC,2024,245,False,GPP_NT_VUT_REF;NEE_VUT_REF;RECO_NT_VUT_REF,1.0,245,1.0,245,1.0,245
CA-TP1,2002,245,True,,0.0,0,0.0,0,0.0,0
CA-TP1,2003,245,True,,0.0,0,0.0,0,0.0,0
CA-TP1,2004,245,True,,0.0,0,0.0,0,0.0,0
CA-TP1,2005,245,True,,0.0,0,0.0,0,0.0,0
CA-TP1,2006,245,True,,0.0,0,0.0,0,0.0,0
CA-TP1,2007,245,True,,0.0,0,0.0,0,0.0,0
CA-TP1,2008,245,True,,0.0,0,0.0,0,0.0,0
CA-TP1,2009,245,True,,0.0,0,0.0,0,0.0,0
CA-TP1,2010,245,True,,0.0,0,0.0,0,0.0,0
CA-TP1,2011,245,True,,0.0,0,0.0,0,0.0,0
CA-TP1,2012,245,True,,0.0,0,0.0,0,0.0,0
CA-TP1,2013,245,True,,0.0,0,0.0,0,0.0,0
CA-TP1,2014,245,True,,0.0,0,0.0,0,0.0,0
CA-TP1,2015,245,True,,0.0,0,0.0,0,0.0,0
CA-TP1,2016,245,True,,0.0,0,0.0,0,0.0,0
CA-TP1,2017,245,True,,0.0,0,0.0,0,0.0,0
CA-TP1,2018,245,True,,0.0,0,0.0,0,0.0,0
CA-TP1,2019,245,True,,0.0,0,0.0,0,0.0,0
CA-TP1,2020,245,True,,0.0,0,0.0,0,0.0,0
CA-TP1,2021,245,True,,0.0,0,0.0,0,0.0,0
CA-TP1,2022,245,True,,0.0,0,0.0,0,0.0,0
CA-TP1,2023,245,True,,0.0,0,0.0,0,0.0,0
CA-TP3,2002,245,True,,0.0,0,0.0,0,0.0,0
CA-TP3,2003,245,True,,0.0,0,0.0,0,0.0,0
CA-TP3,2004,245,True,,0.0,0,0.0,0,0.0,0
CA-TP3,2005,245,True,,0.0,0,0.0,0,0.0,0
CA-TP3,2006,245,True,,0.0,0,0.0,0,0.0,0
CA-TP3,2007,245,True,,0.0,0,0.0,0,0.0,0
CA-TP3,2008,245,True,,0.0,0,0.0,0,0.0,0
CA-TP3,2009,245,True,,0.0,0,0.0,0,0.0,0
CA-TP3,2010,245,True,,0.0,0,0.0,0,0.0,0
CA-TP3,2011,245,True,,0.0,0,0.0,0,0.0,0
CA-TP3,2012,245,True,,0.0,0,0.0,0,0.0,0
CA-TP3,2013,245,True,,0.0,0,0.0,0,0.0,0
CA-TP3,2014,245,True,,0.0,0,0.0,0,0.0,0
CA-TP3,2015,245,True,,0.0,0,0.0,0,0.0,0
CA-TP3,2016,245,True,,0.0,0,0.0,0,0.0,0
CA-TP3,2017,245,True,,0.0,0,0.0,0,0.0,0
CA-TP3,2018,245,True,,0.0,0,0.0,0,0.0,0
CA-TP3,2019,245,True,,0.0,0,0.0,0,0.0,0
CA-TP3,2020,245,True,,0.0,0,0.0,0,0.0,0
CA-TP3,2021,245,True,,0.0,0,0.0,0,0.0,0
CA-TP3,2022,245,True,,0.0,0,0.0,0,0.0,0
CA-TP3,2023,245,True,,0.0,0,0.0,0,0.0,0
CA-TP4,2002,245,True,,0.0,0,0.0,0,0.0,0
CA-TP4,2003,245,True,,0.0,0,0.0,0,0.0,0
CA-TP4,2004,245,True,,0.0,0,0.0,0,0.0,0
CA-TP4,2005,245,True,,0.0,0,0.0,0,0.0,0
CA-TP4,2006,245,True,,0.0,0,0.0,0,0.0,0
CA-TP4,2007,245,True,,0.0,0,0.0,0,0.0,0
CA-TP4,2008,245,True,,0.0,0,0.0,0,0.0,0
CA-TP4,2009,245,True,,0.0,0,0.0,0,0.0,0
CA-TP4,2010,245,True,,0.0,0,0.0,0,0.0,0
CA-TP4,2011,245,True,,0.0,0,0.0,0,0.0,0
CA-TP4,2012,245,True,,0.0,0,0.0,0,0.0,0
CA-TP4,2013,245,True,,0.0,0,0.0,0,0.0,0
CA-TP4,2014,245,True,,0.0,0,0.0,0,0.0,0
CA-TP4,2015,245,True,,0.0,0,0.0,0,0.0,0
CA-TP4,2016,245,True,,0.0,0,0.0,0,0.0,0
CA-TP4,2017,245,True,,0.0,0,0.0,0,0.0,0
CA-TP4,2018,245,True,,0.0,0,0.0,0,0.0,0
CA-TP4,2019,245,True,,0.0,0,0.0,0,0.0,0
CA-TP4,2020,245,True,,0.0,0,0.0,0,0.0,0
CA-TP4,2021,245,True,,0.0,0,0.0,0,0.0,0
CA-TP4,2022,245,True,,0.0,0,0.0,0,0.0,0
CA-TP4,2023,245,True,,0.0,0,0.0,0,0.0,0
CA-TPD,2012,245,True,,0.0,0,0.0,0,0.0,0
CA-TPD,2013,245,True,,0.0,0,0.0,0,0.0,0
CA-TPD,2014,245,True,,0.0,0,0.0,0,0.0,0
CA-TPD,2015,245,True,,0.0,0,0.0,0,0.0,0
CA-TPD,2016,245,True,,0.0,0,0.0,0,0.0,0
CA-TPD,2017,245,True,,0.0,0,0.0,0,0.0,0
CA-TPD,2018,245,True,,0.0,0,0.0,0,0.0,0
CA-TPD,2019,245,True,,0.0,0,0.0,0,0.0,0
CA-TPD,2020,245,True,,0.0,0,0.0,0,0.0,0
CA-TPD,2021,245,True,,0.0,0,0.0,0,0.0,0
CA-TPD,2022,245,True,,0.0,0,0.0,0,0.0,0
CA-TPD,2023,245,True,,0.0,0,0.0,0,0.0,0
CH-Oe1,2002,245,True,,0.0,0,0.0,0,0.0,0
CH-Oe1,2003,245,True,,0.0,0,0.0,0,0.0,0
CH-Oe1,2004,245,True,,0.0,0,0.0,0,0.0,0
CH-Oe1,2005,245,True,,0.0,0,0.0,0,0.0,0
CH-Oe1,2006,245,True,,0.0,0,0.0,0,0.0,0
CH-Oe1,2007,245,True,,0.0,0,0.0,0,0.0,0
CH-Oe1,2008,245,True,,0.0,0,0.0,0,0.0,0
CH-Oe1,2009,245,True,,0.0,0,0.0,0,0.0,0
CH-Oe1,2010,245,True,,0.0,0,0.0,0,0.0,0
CH-Oe1,2011,245,True,,0.0,0,0.0,0,0.0,0
CH-Oe3,2002,245,True,,0.0,0,0.0,0,0.0,0
CH-Oe3,2003,245,True,,0.0,0,0.0,0,0.0,0
CH-Oe3,2004,245,True,,0.0,0,0.0,0,0.0,0
CH-Oe3,2005,245,True,,0.0,0,0.0,0,0.0,0
CH-Oe3,2006,245,True,,0.0,0,0.0,0,0.0,0
CH-Oe3,2007,245,True,,0.0,0,0.0,0,0.0,0
CH-Oe3,2008,245,True,,0.0,0,0.0,0,0.0,0
CH-Oe3,2009,245,True,,0.0,0,0.0,0,0.0,0
CH-Oe3,2010,245,True,,0.0,0,0.0,0,0.0,0
CH-Oe3,2011,245,True,,0.0,0,0.0,0,0.0,0
CN-HaM,2001,245,True,,0.0,0,0.0,0,0.0,0
CN-HaM,2002,245,True,,0.0,0,0.0,0,0.0,0
CN-HaM,2003,245,True,,0.0,0,0.0,0,0.0,0
CN-HaM,2004,245,True,,0.0,0,0.0,0,0.0,0
CN-HaM,2005,245,True,,0.0,0,0.0,0,0.0,0
CN-HaM,2006,245,True,,0.0,0,0.0,0,0.0,0
CN-HaM,2007,245,True,,0.0,0,0.0,0,0.0,0
CN-HaM,2008,245,True,,0.0,0,0.0,0,0.0,0
CN-HaM,2009,245,True,,0.0,0,0.0,0,0.0,0
CN-HaM,2010,245,True,,0.0,0,0.0,0,0.0,0
CN-HaM,2011,245,True,,0.0,0,0.0,0,0.0,0
CN-HaM,2012,245,True,,0.0,0,0.0,0,0.0,0
CN-HaM,2013,245,True,,0.0,0,0.0,0,0.0,0
CN-HaM,2014,245,True,,0.0,0,0.0,0,0.0,0
DE-Gri,2004,245,True,,0.0,0,0.0,0,0.0,0
DE-Gri,2005,245,True,,0.0,0,0.0,0,0.0,0
DE-Gri,2006,245,True,,0.0,0,0.0,0,0.0,0
DE-Gri,2007,245,True,,0.0,0,0.0,0,0.0,0
DE-Gri,2008,245,True,,0.0,0,0.0,0,0.0,0
DE-Gri,2009,245,True,,0.0,0,0.0,0,0.0,0
DE-Gri,2010,245,True,,0.0,0,0.0,0,0.0,0
DE-Gri,2011,245,True,,0.0,0,0.0,0,0.0,0
DE-Gri,2012,245,True,,0.0,0,0.0,0,0.0,0
DE-Gri,2013,245,True,,0.0,0,0.0,0,0.0,0
DE-Gri,2014,245,True,,0.0,0,0.0,0,0.0,0
DE-Gri,2015,245,True,,0.0,0,0.0,0,0.0,0
DE-Gri,2016,245,True,,0.0,0,0.0,0,0.0,0
DE-Gri,2017,245,True,,0.0,0,0.0,0,0.0,0
DE-Gri,2018,245,True,,0.0,0,0.0,0,0.0,0
DE-Gri,2019,245,True,,0.0,0,0.0,0,0.0,0
DE-Gri,2020,245,True,,0.0,0,0.0,0,0.0,0
DE-Gri,2021,245,True,,0.0,0,0.0,0,0.0,0
DE-Gri,2022,245,True,,0.0,0,0.0,0,0.0,0
DE-Gri,2023,245,True,,0.0,0,0.0,0,0.0,0
DE-Gri,2024,245,True,,0.0,0,0.0,0,0.0,0
DE-GsB,2015,245,True,,0.0,0,0.0,0,0.0,0
DE-GsB,2016,245,True,,0.0,0,0.0,0,0.0,0
DE-GsB,2017,245,True,,0.0,0,0.0,0,0.0,0
DE-GsB,2018,245,True,,0.0,0,0.0,0,0.0,0
DE-GsB,2019,245,True,,0.0,0,0.0,0,0.0,0
DE-GsB,2020,245,True,,0.0,0,0.0,0,0.0,0
DE-GsB,2021,245,True,,0.0,0,0.0,0,0.0,0
DE-GsB,2022,245,True,,0.0,0,0.0,0,0.0,0
DE-GsB,2023,245,True,,0.0,0,0.0,0,0.0,0
DE-GsB,2024,245,True,,0.0,0,0.0,0,0.0,0
DE-Hai,2000,245,True,,0.0,0,0.0,0,0.0,0
DE-Hai,2001,245,True,,0.0,0,0.0,0,0.0,0
DE-Hai,2002,245,True,,0.0,0,0.0,0,0.0,0
DE-Hai,2003,245,True,,0.0,0,0.0,0,0.0,0
DE-Hai,2004,245,True,,0.0,0,0.0,0,0.0,0
DE-Hai,2005,245,True,,0.0,0,0.0,0,0.0,0
DE-Hai,2006,245,True,,0.0,0,0.0,0,0.0,0
DE-Hai,2007,245,True,,0.0,0,0.0,0,0.0,0
DE-Hai,2008,245,True,,0.0,0,0.0,0,0.0,0
DE-Hai,2009,245,True,,0.0,0,0.0,0,0.0,0
DE-Hai,2010,245,True,,0.0,0,0.0,0,0.0,0
DE-Hai,2011,245,True,,0.0,0,0.0,0,0.0,0
DE-Hai,2012,245,True,,0.0,0,0.0,0,0.0,0
DE-Hai,2013,245,True,,0.0,0,0.0,0,0.0,0
DE-Hai,2014,245,True,,0.0,0,0.0,0,0.0,0
DE-Hai,2015,245,True,,0.0,0,0.0,0,0.0,0
DE-Hai,2016,245,True,,0.0,0,0.0,0,0.0,0
DE-Hai,2017,245,True,,0.0,0,0.0,0,0.0,0
DE-Hai,2018,245,True,,0.0,0,0.0,0,0.0,0
DE-Hai,2019,245,True,,0.0,0,0.0,0,0.0,0
DE-Hai,2020,245,True,,0.0,0,0.0,0,0.0,0
DE-Hai,2021,245,True,,0.0,0,0.0,0,0.0,0
DE-Hai,2022,245,True,,0.0,0,0.0,0,0.0,0
DE-Hai,2023,245,True,,0.0,0,0.0,0,0.0,0
DE-Hai,2024,245,True,,0.0,0,0.0,0,0.0,0
DE-HoH,2015,245,True,,0.0,0,0.0,0,0.0,0
DE-HoH,2016,245,True,,0.0,0,0.0,0,0.0,0
DE-HoH,2017,245,True,,0.0,0,0.0,0,0.0,0
DE-HoH,2018,245,True,,0.0,0,0.0,0,0.0,0
DE-HoH,2019,245,True,,0.0,0,0.0,0,0.0,0
DE-HoH,2020,245,True,,0.0,0,0.0,0,0.0,0
DE-HoH,2021,245,True,,0.0,0,0.0,0,0.0,0
DE-HoH,2022,245,True,,0.0,0,0.0,0,0.0,0
DE-HoH,2023,245,True,,0.0,0,0.0,0,0.0,0
DE-HoH,2024,245,True,,0.0,0,0.0,0,0.0,0
DE-HoH,2025,245,True,,0.0,0,0.0,0,0.0,0
DE-RuR,2011,245,True,,0.0,0,0.0,0,0.0,0
DE-RuR,2012,245,True,,0.0,0,0.0,0,0.0,0
DE-RuR,2013,245,True,,0.0,0,0.0,0,0.0,0
DE-RuR,2014,245,True,,0.0,0,0.0,0,0.0,0
DE-RuR,2015,245,True,,0.0,0,0.0,0,0.0,0
DE-RuR,2016,245,True,,0.0,0,0.0,0,0.0,0
DE-RuR,2017,245,True,,0.0,0,0.0,0,0.0,0
DE-RuR,2018,245,True,,0.0,0,0.0,0,0.0,0
DE-RuR,2019,245,True,,0.0,0,0.0,0,0.0,0
DE-RuR,2020,245,True,,0.0,0,0.0,0,0.0,0
DE-RuR,2021,245,True,,0.0,0,0.0,0,0.0,0
DE-RuR,2022,245,True,,0.0,0,0.0,0,0.0,0
DE-RuR,2023,245,True,,0.0,0,0.0,0,0.0,0
DE-RuR,2024,245,True,,0.0,0,0.0,0,0.0,0
DE-RuW,2011,245,True,,0.0,0,0.0,0,0.0,0
DE-RuW,2012,245,True,,0.0,0,0.0,0,0.0,0
DE-RuW,2013,245,True,,0.0,0,0.0,0,0.0,0
DE-RuW,2014,245,True,,0.0,0,0.0,0,0.0,0
DE-RuW,2015,245,True,,0.0,0,0.0,0,0.0,0
DE-RuW,2016,245,True,,0.0,0,0.0,0,0.0,0
DE-RuW,2017,245,True,,0.0,0,0.0,0,0.0,0
DE-RuW,2018,245,True,,0.0,0,0.0,0,0.0,0
DE-RuW,2019,245,True,,0.0,0,0.0,0,0.0,0
DE-RuW,2020,245,True,,0.0,0,0.0,0,0.0,0
DE-RuW,2021,245,True,,0.0,0,0.0,0,0.0,0
DE-RuW,2022,245,True,,0.0,0,0.0,0,0.0,0
DE-RuW,2023,245,True,,0.0,0,0.0,0,0.0,0
DE-RuW,2024,245,True,,0.0,0,0.0,0,0.0,0
DE-Tha,1996,245,True,,0.0,0,0.0,0,0.0,0
DE-Tha,1997,245,True,,0.0,0,0.0,0,0.0,0
DE-Tha,1998,245,True,,0.0,0,0.0,0,0.0,0
DE-Tha,1999,245,True,,0.0,0,0.0,0,0.0,0
DE-Tha,2000,245,True,,0.0,0,0.0,0,0.0,0
DE-Tha,2001,245,True,,0.0,0,0.0,0,0.0,0
DE-Tha,2002,245,True,,0.0,0,0.0,0,0.0,0
DE-Tha,2003,245,True,,0.0,0,0.0,0,0.0,0
DE-Tha,2004,245,True,,0.0,0,0.0,0,0.0,0
DE-Tha,2005,245,True,,0.0,0,0.0,0,0.0,0
DE-Tha,2006,245,True,,0.0,0,0.0,0,0.0,0
DE-Tha,2007,245,True,,0.0,0,0.0,0,0.0,0
DE-Tha,2008,245,True,,0.0,0,0.0,0,0.0,0
DE-Tha,2009,245,True,,0.0,0,0.0,0,0.0,0
DE-Tha,2010,245,True,,0.0,0,0.0,0,0.0,0
DE-Tha,2011,245,True,,0.0,0,0.0,0,0.0,0
DE-Tha,2012,245,True,,0.0,0,0.0,0,0.0,0
DE-Tha,2013,245,True,,0.0,0,0.0,0,0.0,0
DE-Tha,2014,245,True,,0.0,0,0.0,0,0.0,0
DE-Tha,2015,245,True,,0.0,0,0.0,0,0.0,0
DE-Tha,2016,245,True,,0.0,0,0.0,0,0.0,0
DE-Tha,2017,245,True,,0.0,0,0.0,0,0.0,0
DE-Tha,2018,245,True,,0.0,0,0.0,0,0.0,0
DE-Tha,2019,245,True,,0.0,0,0.0,0,0.0,0
DE-Tha,2020,245,True,,0.0,0,0.0,0,0.0,0
DE-Tha,2021,245,True,,0.0,0,0.0,0,0.0,0
DE-Tha,2022,245,True,,0.0,0,0.0,0,0.0,0
DE-Tha,2023,245,True,,0.0,0,0.0,0,0.0,0
DE-Tha,2024,245,True,,0.0,0,0.0,0,0.0,0
DK-Sor,1996,245,True,,0.0,0,0.0,0,0.0,0
DK-Sor,1997,245,True,,0.0,0,0.0,0,0.0,0
DK-Sor,1998,245,True,,0.0,0,0.0,0,0.0,0
DK-Sor,1999,245,True,,0.0,0,0.0,0,0.0,0
DK-Sor,2000,245,True,,0.0,0,0.0,0,0.0,0
DK-Sor,2001,245,True,,0.0,0,0.0,0,0.0,0
DK-Sor,2002,245,True,,0.0,0,0.0,0,0.0,0
DK-Sor,2003,245,True,,0.0,0,0.0,0,0.0,0
DK-Sor,2004,245,True,,0.0,0,0.0,0,0.0,0
DK-Sor,2005,245,True,,0.0,0,0.0,0,0.0,0
DK-Sor,2006,245,True,,0.0,0,0.0,0,0.0,0
DK-Sor,2007,245,True,,0.0,0,0.0,0,0.0,0
DK-Sor,2008,245,True,,0.0,0,0.0,0,0.0,0
DK-Sor,2009,245,True,,0.0,0,0.0,0,0.0,0
DK-Sor,2010,245,True,,0.0,0,0.0,0,0.0,0
DK-Sor,2011,245,True,,0.0,0,0.0,0,0.0,0
DK-Sor,2012,245,True,,0.0,0,0.0,0,0.0,0
DK-Sor,2013,245,True,,0.0,0,0.0,0,0.0,0
DK-Sor,2014,245,True,,0.0,0,0.0,0,0.0,0
DK-Sor,2015,245,True,,0.0,0,0.0,0,0.0,0
DK-Sor,2016,245,True,,0.0,0,0.0,0,0.0,0
DK-Sor,2017,245,True,,0.0,0,0.0,0,0.0,0
DK-Sor,2018,245,True,,0.0,0,0.0,0,0.0,0
DK-Sor,2019,245,True,,0.0,0,0.0,0,0.0,0
DK-Sor,2020,245,True,,0.0,0,0.0,0,0.0,0
DK-Sor,2021,245,True,,0.0,0,0.0,0,0.0,0
DK-Sor,2022,245,True,,0.0,0,0.0,0,0.0,0
DK-Sor,2023,245,True,,0.0,0,0.0,0,0.0,0
DK-Sor,2024,245,True,,0.0,0,0.0,0,0.0,0
FI-Hyy,1997,245,True,,0.0,0,0.0,0,0.0,0
FI-Hyy,1998,245,True,,0.0,0,0.0,0,0.0,0
FI-Hyy,1999,245,True,,0.0,0,0.0,0,0.0,0
FI-Hyy,2000,245,True,,0.0,0,0.0,0,0.0,0
FI-Hyy,2001,245,True,,0.0,0,0.0,0,0.0,0
FI-Hyy,2002,245,True,,0.0,0,0.0,0,0.0,0
FI-Hyy,2003,245,True,,0.0,0,0.0,0,0.0,0
FI-Hyy,2004,245,True,,0.0,0,0.0,0,0.0,0
FI-Hyy,2005,245,True,,0.0,0,0.0,0,0.0,0
FI-Hyy,2006,245,True,,0.0,0,0.0,0,0.0,0
FI-Hyy,2007,245,True,,0.0,0,0.0,0,0.0,0
FI-Hyy,2008,245,True,,0.0,0,0.0,0,0.0,0
FI-Hyy,2009,245,True,,0.0,0,0.0,0,0.0,0
FI-Hyy,2010,245,True,,0.0,0,0.0,0,0.0,0
FI-Hyy,2011,245,True,,0.0,0,0.0,0,0.0,0
FI-Hyy,2012,245,True,,0.0,0,0.0,0,0.0,0
FI-Hyy,2013,245,True,,0.0,0,0.0,0,0.0,0
FI-Hyy,2014,245,True,,0.0,0,0.0,0,0.0,0
FI-Hyy,2015,245,True,,0.0,0,0.0,0,0.0,0
FI-Hyy,2016,245,True,,0.0,0,0.0,0,0.0,0
FI-Hyy,2017,245,True,,0.0,0,0.0,0,0.0,0
FI-Hyy,2018,245,True,,0.0,0,0.0,0,0.0,0
FI-Hyy,2019,245,True,,0.0,0,0.0,0,0.0,0
FI-Hyy,2020,245,True,,0.0,0,0.0,0,0.0,0
FI-Hyy,2021,245,True,,0.0,0,0.0,0,0.0,0
FI-Hyy,2022,245,True,,0.0,0,0.0,0,0.0,0
FI-Hyy,2023,245,True,,0.0,0,0.0,0,0.0,0
FI-Hyy,2024,245,True,,0.0,0,0.0,0,0.0,0
FI-Hyy,2025,245,True,,0.0,0,0.0,0,0.0,0
FI-Let,2009,245,True,,0.0,0,0.0,0,0.0,0
FI-Let,2010,245,True,,0.0,0,0.0,0,0.0,0
FI-Let,2011,245,True,,0.0,0,0.0,0,0.0,0
FI-Let,2012,245,True,,0.0,0,0.0,0,0.0,0
FI-Let,2013,245,True,,0.0,0,0.0,0,0.0,0
FI-Let,2014,245,True,,0.0,0,0.0,0,0.0,0
FI-Let,2015,245,True,,0.0,0,0.0,0,0.0,0
FI-Let,2016,245,True,,0.0,0,0.0,0,0.0,0
FI-Let,2017,245,True,,0.0,0,0.0,0,0.0,0
FI-Let,2018,245,True,,0.0,0,0.0,0,0.0,0
FI-Let,2019,245,True,,0.0,0,0.0,0,0.0,0
FI-Let,2020,245,True,,0.0,0,0.0,0,0.0,0
FI-Let,2021,245,True,,0.0,0,0.0,0,0.0,0
FI-Let,2022,245,True,,0.0,0,0.0,0,0.0,0
FI-Let,2023,245,True,,0.0,0,0.0,0,0.0,0
FI-Let,2024,245,True,,0.0,0,0.0,0,0.0,0
FR-Bil,2014,245,True,,0.0,0,0.0,0,0.0,0
FR-Bil,2015,245,True,,0.0,0,0.0,0,0.0,0
FR-Bil,2016,245,True,,0.0,0,0.0,0,0.0,0
FR-Bil,2017,245,True,,0.0,0,0.0,0,0.0,0
FR-Bil,2018,245,True,,0.0,0,0.0,0,0.0,0
FR-Bil,2019,245,True,,0.0,0,0.0,0,0.0,0
FR-Bil,2020,245,True,,0.0,0,0.0,0,0.0,0
FR-Bil,2021,245,True,,0.0,0,0.0,0,0.0,0
FR-Bil,2022,245,True,,0.0,0,0.0,0,0.0,0
FR-Bil,2023,245,True,,0.0,0,0.0,0,0.0,0
FR-Bil,2024,245,True,,0.0,0,0.0,0,0.0,0
FR-Bil,2025,245,True,,0.0,0,0.0,0,0.0,0
FR-FBn,2008,245,True,,0.0,0,0.0,0,0.0,0
FR-FBn,2009,245,True,,0.0,0,0.0,0,0.0,0
FR-FBn,2010,245,True,,0.0,0,0.0,0,0.0,0
FR-FBn,2011,245,True,,0.0,0,0.0,0,0.0,0
FR-FBn,2012,245,True,,0.0,0,0.0,0,0.0,0
FR-FBn,2013,245,True,,0.0,0,0.0,0,0.0,0
FR-FBn,2014,245,True,,0.0,0,0.0,0,0.0,0
FR-FBn,2015,245,True,,0.0,0,0.0,0,0.0,0
FR-FBn,2016,245,True,,0.0,0,0.0,0,0.0,0
FR-FBn,2017,245,True,,0.0,0,0.0,0,0.0,0
FR-FBn,2018,245,True,,0.0,0,0.0,0,0.0,0
FR-FBn,2019,245,True,,0.0,0,0.0,0,0.0,0
FR-FBn,2020,245,True,,0.0,0,0.0,0,0.0,0
FR-FBn,2021,245,True,,0.0,0,0.0,0,0.0,0
FR-FBn,2022,245,True,,0.0,0,0.0,0,0.0,0
FR-FBn,2023,245,True,,0.0,0,0.0,0,0.0,0
FR-FBn,2024,245,True,,0.0,0,0.0,0,0.0,0
FR-Hes,1997,245,False,GPP_NT_VUT_REF;NEE_VUT_REF;RECO_NT_VUT_REF,1.0,245,1.0,245,1.0,245
FR-Hes,1998,245,False,GPP_NT_VUT_REF;NEE_VUT_REF;RECO_NT_VUT_REF,1.0,245,1.0,245,1.0,245
FR-Hes,1999,245,False,GPP_NT_VUT_REF;NEE_VUT_REF;RECO_NT_VUT_REF,1.0,245,1.0,245,1.0,245
FR-Hes,2000,245,False,GPP_NT_VUT_REF;NEE_VUT_REF;RECO_NT_VUT_REF,1.0,245,1.0,245,1.0,245
FR-Hes,2001,245,False,GPP_NT_VUT_REF;NEE_VUT_REF;RECO_NT_VUT_REF,1.0,245,1.0,245,1.0,245
FR-Hes,2002,245,False,GPP_NT_VUT_REF;NEE_VUT_REF;RECO_NT_VUT_REF,1.0,245,1.0,245,1.0,245
FR-Hes,2003,245,False,GPP_NT_VUT_REF;NEE_VUT_REF;RECO_NT_VUT_REF,1.0,245,1.0,245,1.0,245
FR-Hes,2004,245,False,GPP_NT_VUT_REF;NEE_VUT_REF;RECO_NT_VUT_REF,1.0,245,1.0,245,1.0,245
FR-Hes,2005,245,False,GPP_NT_VUT_REF;NEE_VUT_REF;RECO_NT_VUT_REF,1.0,245,1.0,245,1.0,245
FR-Hes,2006,245,False,GPP_NT_VUT_REF;NEE_VUT_REF;RECO_NT_VUT_REF,1.0,245,1.0,245,1.0,245
FR-Hes,2007,245,False,GPP_NT_VUT_REF;NEE_VUT_REF;RECO_NT_VUT_REF,1.0,245,1.0,245,1.0,245
FR-Hes,2008,245,False,GPP_NT_VUT_REF;NEE_VUT_REF;RECO_NT_VUT_REF,1.0,245,1.0,245,1.0,245
FR-Hes,2009,245,False,GPP_NT_VUT_REF;NEE_VUT_REF;RECO_NT_VUT_REF,1.0,245,1.0,245,1.0,245
FR-Hes,2010,245,False,GPP_NT_VUT_REF;NEE_VUT_REF;RECO_NT_VUT_REF,1.0,245,1.0,245,1.0,245
FR-Hes,2011,245,False,GPP_NT_VUT_REF;NEE_VUT_REF;RECO_NT_VUT_REF,1.0,245,1.0,245,1.0,245
FR-Hes,2012,245,False,GPP_NT_VUT_REF;NEE_VUT_REF;RECO_NT_VUT_REF,1.0,245,1.0,245,1.0,245
FR-Hes,2013,245,False,GPP_NT_VUT_REF;NEE_VUT_REF;RECO_NT_VUT_REF,1.0,245,1.0,245,1.0,245
FR-Hes,2014,245,False,GPP_NT_VUT_REF;NEE_VUT_REF;RECO_NT_VUT_REF,1.0,245,1.0,245,1.0,245
FR-Hes,2015,245,False,GPP_NT_VUT_REF;NEE_VUT_REF;RECO_NT_VUT_REF,1.0,245,1.0,245,1.0,245
FR-Hes,2016,245,False,GPP_NT_VUT_REF;NEE_VUT_REF;RECO_NT_VUT_REF,1.0,245,1.0,245,1.0,245
FR-Hes,2017,245,False,GPP_NT_VUT_REF;NEE_VUT_REF;RECO_NT_VUT_REF,1.0,245,1.0,245,1.0,245
FR-Hes,2018,245,False,GPP_NT_VUT_REF;NEE_VUT_REF;RECO_NT_VUT_REF,1.0,245,1.0,245,1.0,245
FR-Hes,2019,245,False,GPP_NT_VUT_REF;NEE_VUT_REF;RECO_NT_VUT_REF,1.0,245,1.0,245,1.0,245
FR-Hes,2020,245,False,GPP_NT_VUT_REF;NEE_VUT_REF;RECO_NT_VUT_REF,1.0,245,1.0,245,1.0,245
FR-Hes,2021,245,False,GPP_NT_VUT_REF;NEE_VUT_REF;RECO_NT_VUT_REF,1.0,245,1.0,245,1.0,245
FR-Hes,2022,245,False,GPP_NT_VUT_REF;NEE_VUT_REF;RECO_NT_VUT_REF,1.0,245,1.0,245,1.0,245
FR-Hes,2023,245,False,GPP_NT_VUT_REF;NEE_VUT_REF;RECO_NT_VUT_REF,1.0,245,1.0,245,1.0,245
FR-Hes,2024,245,False,GPP_NT_VUT_REF;NEE_VUT_REF;RECO_NT_VUT_REF,1.0,245,1.0,245,1.0,245
FR-LBr,1998,245,True,,0.0,0,0.0,0,0.0,0
FR-LBr,1999,245,True,,0.0,0,0.0,0,0.0,0
FR-LBr,2000,245,True,,0.0,0,0.0,0,0.0,0
FR-LBr,2001,245,True,,0.0,0,0.0,0,0.0,0
FR-LBr,2002,245,True,,0.0,0,0.0,0,0.0,0
FR-LBr,2003,245,True,,0.0,0,0.0,0,0.0,0
FR-LBr,2004,245,True,,0.0,0,0.0,0,0.0,0
FR-LBr,2005,245,True,,0.0,0,0.0,0,0.0,0
FR-LBr,2006,245,True,,0.0,0,0.0,0,0.0,0
FR-LBr,2007,245,True,,0.0,0,0.0,0,0.0,0
FR-LBr,2008,245,True,,0.0,0,0.0,0,0.0,0
FR-Pue,2000,245,True,,0.0,0,0.0,0,0.0,0
FR-Pue,2001,245,True,,0.0,0,0.0,0,0.0,0
FR-Pue,2002,245,True,,0.0,0,0.0,0,0.0,0
FR-Pue,2003,245,True,,0.0,0,0.0,0,0.0,0
FR-Pue,2004,245,True,,0.0,0,0.0,0,0.0,0
FR-Pue,2005,245,True,,0.0,0,0.0,0,0.0,0
FR-Pue,2006,245,True,,0.0,0,0.0,0,0.0,0
FR-Pue,2007,245,True,,0.0,0,0.0,0,0.0,0
FR-Pue,2008,245,True,,0.0,0,0.0,0,0.0,0
FR-Pue,2009,245,True,,0.0,0,0.0,0,0.0,0
FR-Pue,2010,245,True,,0.0,0,0.0,0,0.0,0
FR-Pue,2011,245,True,,0.0,0,0.0,0,0.0,0
FR-Pue,2012,245,True,,0.0,0,0.0,0,0.0,0
FR-Pue,2013,245,True,,0.0,0,0.0,0,0.0,0
FR-Pue,2014,245,True,,0.0,0,0.0,0,0.0,0
FR-Pue,2015,245,True,,0.0,0,0.0,0,0.0,0
FR-Pue,2016,245,True,,0.0,0,0.0,0,0.0,0
FR-Pue,2017,245,True,,0.0,0,0.0,0,0.0,0
FR-Pue,2018,245,True,,0.0,0,0.0,0,0.0,0
FR-Pue,2019,245,True,,0.0,0,0.0,0,0.0,0
FR-Pue,2020,245,True,,0.0,0,0.0,0,0.0,0
FR-Pue,2021,245,True,,0.0,0,0.0,0,0.0,0
FR-Pue,2022,245,True,,0.0,0,0.0,0,0.0,0
FR-Pue,2023,245,True,,0.0,0,0.0,0,0.0,0
FR-Pue,2024,245,True,,0.0,0,0.0,0,0.0,0
FR-Pue,2025,245,True,,0.0,0,0.0,0,0.0,0
IT-Cp2,2012,245,True,,0.0,0,0.0,0,0.0,0
IT-Cp2,2013,245,True,,0.0,0,0.0,0,0.0,0
IT-Cp2,2014,245,True,,0.0,0,0.0,0,0.0,0
IT-Cp2,2015,245,True,,0.0,0,0.0,0,0.0,0
IT-Cp2,2016,245,True,,0.0,0,0.0,0,0.0,0
IT-Cp2,2017,245,True,,0.0,0,0.0,0,0.0,0
IT-Cp2,2018,245,True,,0.0,0,0.0,0,0.0,0
IT-Cp2,2019,245,True,,0.0,0,0.0,0,0.0,0
IT-Cp2,2020,245,True,,0.0,0,0.0,0,0.0,0
IT-Cp2,2021,245,True,,0.0,0,0.0,0,0.0,0
IT-Cp2,2022,245,True,,0.0,0,0.0,0,0.0,0
IT-Cp2,2023,245,True,,0.0,0,0.0,0,0.0,0
IT-Cp2,2024,245,True,,0.0,0,0.0,0,0.0,0
IT-Cp2,2025,245,True,,0.0,0,0.0,0,0.0,0
IT-MBo,2003,245,True,,0.0,0,0.0,0,0.0,0
IT-MBo,2004,245,True,,0.0,0,0.0,0,0.0,0
IT-MBo,2005,245,True,,0.0,0,0.0,0,0.0,0
IT-MBo,2006,245,True,,0.0,0,0.0,0,0.0,0
IT-MBo,2007,245,True,,0.0,0,0.0,0,0.0,0
IT-MBo,2008,245,True,,0.0,0,0.0,0,0.0,0
IT-MBo,2009,245,True,,0.0,0,0.0,0,0.0,0
IT-MBo,2010,245,True,,0.0,0,0.0,0,0.0,0
IT-MBo,2011,245,True,,0.0,0,0.0,0,0.0,0
IT-MBo,2012,245,True,,0.0,0,0.0,0,0.0,0
IT-MBo,2013,245,True,,0.0,0,0.0,0,0.0,0
IT-MBo,2014,245,True,,0.0,0,0.0,0,0.0,0
IT-MBo,2015,245,True,,0.0,0,0.0,0,0.0,0
IT-MBo,2016,245,True,,0.0,0,0.0,0,0.0,0
IT-MBo,2017,245,True,,0.0,0,0.0,0,0.0,0
IT-MBo,2018,245,True,,0.0,0,0.0,0,0.0,0
IT-MBo,2019,245,True,,0.0,0,0.0,0,0.0,0
IT-MBo,2020,245,True,,0.0,0,0.0,0,0.0,0
IT-MBo,2021,245,True,,0.0,0,0.0,0,0.0,0
IT-MBo,2022,245,True,,0.0,0,0.0,0,0.0,0
IT-MBo,2023,245,True,,0.0,0,0.0,0,0.0,0
IT-MBo,2024,245,True,,0.0,0,0.0,0,0.0,0
IT-Ren,1999,245,True,,0.0,0,0.0,0,0.0,0
IT-Ren,2000,245,True,,0.0,0,0.0,0,0.0,0
IT-Ren,2001,245,True,,0.0,0,0.0,0,0.0,0
IT-Ren,2002,245,True,,0.0,0,0.0,0,0.0,0
IT-Ren,2003,245,True,,0.0,0,0.0,0,0.0,0
IT-Ren,2004,245,True,,0.0,0,0.0,0,0.0,0
IT-Ren,2005,245,True,,0.0,0,0.0,0,0.0,0
IT-Ren,2006,245,True,,0.0,0,0.0,0,0.0,0
IT-Ren,2007,245,True,,0.0,0,0.0,0,0.0,0
IT-Ren,2008,245,True,,0.0,0,0.0,0,0.0,0
IT-Ren,2009,245,True,,0.0,0,0.0,0,0.0,0
IT-Ren,2010,245,True,,0.0,0,0.0,0,0.0,0
IT-Ren,2011,245,True,,0.0,0,0.0,0,0.0,0
IT-Ren,2012,245,True,,0.0,0,0.0,0,0.0,0
IT-Ren,2013,245,True,,0.0,0,0.0,0,0.0,0
IT-Ren,2014,245,True,,0.0,0,0.0,0,0.0,0
IT-Ren,2015,245,True,,0.0,0,0.0,0,0.0,0
IT-Ren,2016,245,True,,0.0,0,0.0,0,0.0,0
IT-Ren,2017,245,True,,0.0,0,0.0,0,0.0,0
IT-Ren,2018,245,True,,0.0,0,0.0,0,0.0,0
IT-Ren,2019,245,True,,0.0,0,0.0,0,0.0,0
IT-Ren,2020,245,True,,0.0,0,0.0,0,0.0,0
IT-Ren,2021,245,True,,0.0,0,0.0,0,0.0,0
IT-Ren,2022,245,True,,0.0,0,0.0,0,0.0,0
IT-Ren,2023,245,True,,0.0,0,0.0,0,0.0,0
IT-Ren,2024,245,True,,0.0,0,0.0,0,0.0,0
IT-Ren,2025,245,True,,0.0,0,0.0,0,0.0,0
IT-SR2,2013,245,True,,0.0,0,0.0,0,0.0,0
IT-SR2,2014,245,True,,0.0,0,0.0,0,0.0,0
IT-SR2,2015,245,True,,0.0,0,0.0,0,0.0,0
IT-SR2,2016,245,True,,0.0,0,0.0,0,0.0,0
IT-SR2,2017,245,True,,0.0,0,0.0,0,0.0,0
IT-SR2,2018,245,True,,0.0,0,0.0,0,0.0,0
IT-SR2,2019,245,True,,0.0,0,0.0,0,0.0,0
IT-SR2,2020,245,True,,0.0,0,0.0,0,0.0,0
IT-SR2,2021,245,True,,0.0,0,0.0,0,0.0,0
IT-SR2,2022,245,True,,0.0,0,0.0,0,0.0,0
IT-SR2,2023,245,True,,0.0,0,0.0,0,0.0,0
IT-SR2,2024,245,True,,0.0,0,0.0,0,0.0,0
IT-SR2,2025,245,True,,0.0,0,0.0,0,0.0,0
IT-Tor,2008,245,True,,0.0,0,0.0,0,0.0,0
IT-Tor,2009,245,True,,0.0,0,0.0,0,0.0,0
IT-Tor,2010,245,True,,0.0,0,0.0,0,0.0,0
IT-Tor,2011,245,True,,0.0,0,0.0,0,0.0,0
IT-Tor,2012,245,True,,0.0,0,0.0,0,0.0,0
IT-Tor,2013,245,True,,0.0,0,0.0,0,0.0,0
IT-Tor,2014,245,True,,0.0,0,0.0,0,0.0,0
IT-Tor,2015,245,True,,0.0,0,0.0,0,0.0,0
IT-Tor,2016,245,True,,0.0,0,0.0,0,0.0,0
IT-Tor,2017,245,True,,0.0,0,0.0,0,0.0,0
IT-Tor,2018,245,True,,0.0,0,0.0,0,0.0,0
IT-Tor,2019,245,True,,0.0,0,0.0,0,0.0,0
IT-Tor,2020,245,True,,0.0,0,0.0,0,0.0,0
IT-Tor,2021,245,True,,0.0,0,0.0,0,0.0,0
IT-Tor,2022,245,True,,0.0,0,0.0,0,0.0,0
IT-Tor,2023,245,True,,0.0,0,0.0,0,0.0,0
IT-Tor,2024,245,True,,0.0,0,0.0,0,0.0,0
IT-TrF,2012,245,True,,0.0,0,0.0,0,0.0,0
IT-TrF,2013,245,True,,0.0,0,0.0,0,0.0,0
IT-TrF,2014,245,True,,0.0,0,0.0,0,0.0,0
IT-TrF,2015,245,True,,0.0,0,0.0,0,0.0,0
IT-TrF,2016,245,True,,0.0,0,0.0,0,0.0,0
IT-TrF,2017,245,True,,0.0,0,0.0,0,0.0,0
IT-TrF,2018,245,True,,0.0,0,0.0,0,0.0,0
IT-TrF,2019,245,True,,0.0,0,0.0,0,0.0,0
IT-TrF,2020,245,True,,0.0,0,0.0,0,0.0,0
IT-TrF,2021,245,True,,0.0,0,0.0,0,0.0,0
IT-TrF,2022,245,True,,0.0,0,0.0,0,0.0,0
IT-TrF,2023,245,True,,0.0,0,0.0,0,0.0,0
IT-TrF,2024,245,True,,0.0,0,0.0,0,0.0,0
JP-Api,2000,245,True,,0.0,0,0.0,0,0.0,0
JP-Api,2001,245,True,,0.0,0,0.0,0,0.0,0
JP-Api,2002,245,True,,0.0,0,0.0,0,0.0,0
JP-Api,2003,245,True,,0.0,0,0.0,0,0.0,0
JP-Api,2004,245,True,,0.0,0,0.0,0,0.0,0
JP-Api,2005,245,True,,0.0,0,0.0,0,0.0,0
JP-Api,2006,245,True,,0.0,0,0.0,0,0.0,0
JP-Api,2007,245,True,,0.0,0,0.0,0,0.0,0
JP-Api,2008,245,True,,0.0,0,0.0,0,0.0,0
JP-Api,2009,245,True,,0.0,0,0.0,0,0.0,0
JP-Api,2010,245,True,,0.0,0,0.0,0,0.0,0
JP-Api,2011,245,True,,0.0,0,0.0,0,0.0,0
JP-Api,2012,245,True,,0.0,0,0.0,0,0.0,0
JP-Api,2013,245,True,,0.0,0,0.0,0,0.0,0
JP-Api,2014,245,True,,0.0,0,0.0,0,0.0,0
JP-Api,2015,245,True,,0.0,0,0.0,0,0.0,0
JP-Api,2016,245,True,,0.0,0,0.0,0,0.0,0
JP-Api,2017,245,True,,0.0,0,0.0,0,0.0,0
JP-Api,2018,245,True,,0.0,0,0.0,0,0.0,0
JP-Api,2019,245,True,,0.0,0,0.0,0,0.0,0
JP-Api,2020,245,True,,0.0,0,0.0,0,0.0,0
JP-Api,2021,245,True,,0.0,0,0.0,0,0.0,0
JP-Api,2022,245,True,,0.0,0,0.0,0,0.0,0
JP-Fhk,2006,245,True,,0.0,0,0.0,0,0.0,0
JP-Fhk,2007,245,True,,0.0,0,0.0,0,0.0,0
JP-Fhk,2008,245,True,,0.0,0,0.0,0,0.0,0
JP-Fhk,2009,245,True,,0.0,0,0.0,0,0.0,0
JP-Fhk,2010,245,True,,0.0,0,0.0,0,0.0,0
JP-Fhk,2011,245,True,,0.0,0,0.0,0,0.0,0
JP-Fhk,2012,245,True,,0.0,0,0.0,0,0.0,0
JP-Fhk,2013,245,True,,0.0,0,0.0,0,0.0,0
JP-Fhk,2014,245,True,,0.0,0,0.0,0,0.0,0
JP-Fhk,2015,245,True,,0.0,0,0.0,0,0.0,0
JP-Fhk,2016,245,True,,0.0,0,0.0,0,0.0,0
JP-Fhk,2017,245,True,,0.0,0,0.0,0,0.0,0
JP-Fhk,2018,245,True,,0.0,0,0.0,0,0.0,0
JP-Fhk,2019,245,True,,0.0,0,0.0,0,0.0,0
JP-Fhk,2020,245,True,,0.0,0,0.0,0,0.0,0
JP-Fhk,2021,245,True,,0.0,0,0.0,0,0.0,0
JP-Fhk,2022,245,True,,0.0,0,0.0,0,0.0,0
JP-Fhk,2023,245,True,,0.0,0,0.0,0,0.0,0
JP-Fmt,2014,245,True,,0.0,0,0.0,0,0.0,0
JP-Fmt,2015,245,True,,0.0,0,0.0,0,0.0,0
JP-Fmt,2016,245,True,,0.0,0,0.0,0,0.0,0
JP-Fmt,2017,245,True,,0.0,0,0.0,0,0.0,0
JP-Fmt,2018,245,True,,0.0,0,0.0,0,0.0,0
JP-Fmt,2019,245,True,,0.0,0,0.0,0,0.0,0
JP-Fmt,2020,245,True,,0.0,0,0.0,0,0.0,0
JP-Fmt,2021,245,True,,0.0,0,0.0,0,0.0,0
JP-Fmt,2022,245,True,,0.0,0,0.0,0,0.0,0
JP-Fmt,2023,245,True,,0.0,0,0.0,0,0.0,0
JP-Khw,2000,245,False,GPP_NT_VUT_REF;NEE_VUT_REF;RECO_NT_VUT_REF,1.0,245,1.0,245,1.0,245
JP-Khw,2001,245,False,GPP_NT_VUT_REF;NEE_VUT_REF;RECO_NT_VUT_REF,1.0,245,1.0,245,1.0,245
JP-Khw,2002,245,False,GPP_NT_VUT_REF;NEE_VUT_REF;RECO_NT_VUT_REF,1.0,245,1.0,245,1.0,245
JP-Khw,2003,245,False,GPP_NT_VUT_REF;NEE_VUT_REF;RECO_NT_VUT_REF,1.0,245,1.0,245,1.0,245
JP-Khw,2004,245,False,GPP_NT_VUT_REF;NEE_VUT_REF;RECO_NT_VUT_REF,1.0,245,1.0,245,1.0,245
JP-Khw,2005,245,False,GPP_NT_VUT_REF;NEE_VUT_REF;RECO_NT_VUT_REF,1.0,245,1.0,245,1.0,245
JP-Khw,2006,245,False,GPP_NT_VUT_REF;NEE_VUT_REF;RECO_NT_VUT_REF,1.0,245,1.0,245,1.0,245
JP-Khw,2007,245,False,GPP_NT_VUT_REF;NEE_VUT_REF;RECO_NT_VUT_REF,1.0,245,1.0,245,1.0,245
JP-Khw,2008,245,False,GPP_NT_VUT_REF;NEE_VUT_REF;RECO_NT_VUT_REF,1.0,245,1.0,245,1.0,245
JP-Khw,2009,245,False,GPP_NT_VUT_REF;NEE_VUT_REF;RECO_NT_VUT_REF,1.0,245,1.0,245,1.0,245
JP-Khw,2010,245,False,GPP_NT_VUT_REF;NEE_VUT_REF;RECO_NT_VUT_REF,1.0,245,1.0,245,1.0,245
JP-Khw,2011,245,False,GPP_NT_VUT_REF;NEE_VUT_REF;RECO_NT_VUT_REF,1.0,245,1.0,245,1.0,245
JP-Khw,2012,245,False,GPP_NT_VUT_REF;NEE_VUT_REF;RECO_NT_VUT_REF,1.0,245,1.0,245,1.0,245
JP-Khw,2013,245,False,GPP_NT_VUT_REF;NEE_VUT_REF;RECO_NT_VUT_REF,1.0,245,1.0,245,1.0,245
JP-Khw,2014,245,False,GPP_NT_VUT_REF;NEE_VUT_REF;RECO_NT_VUT_REF,1.0,245,1.0,245,1.0,245
JP-Khw,2015,245,False,GPP_NT_VUT_REF;NEE_VUT_REF;RECO_NT_VUT_REF,1.0,245,1.0,245,1.0,245
JP-Khw,2016,245,False,GPP_NT_VUT_REF;NEE_VUT_REF;RECO_NT_VUT_REF,1.0,245,1.0,245,1.0,245
JP-Khw,2017,245,False,GPP_NT_VUT_REF;NEE_VUT_REF;RECO_NT_VUT_REF,1.0,245,1.0,245,1.0,245
JP-Khw,2018,245,False,GPP_NT_VUT_REF;NEE_VUT_REF;RECO_NT_VUT_REF,1.0,245,1.0,245,1.0,245
JP-Khw,2019,245,False,GPP_NT_VUT_REF;NEE_VUT_REF;RECO_NT_VUT_REF,1.0,245,1.0,245,1.0,245
JP-Khw,2020,245,False,GPP_NT_VUT_REF;NEE_VUT_REF;RECO_NT_VUT_REF,1.0,245,1.0,245,1.0,245
JP-Khw,2021,245,False,GPP_NT_VUT_REF;NEE_VUT_REF;RECO_NT_VUT_REF,1.0,245,1.0,245,1.0,245
JP-NsC,2004,245,True,,0.0,0,0.0,0,0.0,0
JP-NsC,2005,245,True,,0.0,0,0.0,0,0.0,0
JP-NsC,2006,245,True,,0.0,0,0.0,0,0.0,0
JP-NsC,2007,245,True,,0.0,0,0.0,0,0.0,0
JP-NsC,2008,245,True,,0.0,0,0.0,0,0.0,0
JP-NsC,2009,245,True,,0.0,0,0.0,0,0.0,0
JP-NsC,2010,245,True,,0.0,0,0.0,0,0.0,0
JP-NsC,2011,245,True,,0.0,0,0.0,0,0.0,0
JP-NsC,2012,245,True,,0.0,0,0.0,0,0.0,0
JP-NsC,2013,245,True,,0.0,0,0.0,0,0.0,0
JP-NsC,2014,245,True,,0.0,0,0.0,0,0.0,0
JP-NsC,2015,245,True,,0.0,0,0.0,0,0.0,0
JP-NsM,2004,245,True,,0.0,0,0.0,0,0.0,0
JP-NsM,2005,245,True,,0.0,0,0.0,0,0.0,0
JP-NsM,2006,245,True,,0.0,0,0.0,0,0.0,0
JP-NsM,2007,245,True,,0.0,0,0.0,0,0.0,0
JP-NsM,2008,245,True,,0.0,0,0.0,0,0.0,0
JP-NsM,2009,245,True,,0.0,0,0.0,0,0.0,0
JP-NsM,2010,245,True,,0.0,0,0.0,0,0.0,0
JP-NsM,2011,245,True,,0.0,0,0.0,0,0.0,0
JP-NsM,2012,245,True,,0.0,0,0.0,0,0.0,0
JP-NsM,2013,245,True,,0.0,0,0.0,0,0.0,0
JP-NsM,2014,245,True,,0.0,0,0.0,0,0.0,0
JP-NsM,2015,245,True,,0.0,0,0.0,0,0.0,0
JP-Tef,2001,245,True,,0.0,0,0.0,0,0.0,0
JP-Tef,2002,245,True,,0.0,0,0.0,0,0.0,0
JP-Tef,2003,245,True,,0.0,0,0.0,0,0.0,0
JP-Tef,2004,245,True,,0.0,0,0.0,0,0.0,0
JP-Tef,2005,245,True,,0.0,0,0.0,0,0.0,0
JP-Tef,2006,245,True,,0.0,0,0.0,0,0.0,0
JP-Tef,2007,245,True,,0.0,0,0.0,0,0.0,0
JP-Tef,2008,245,True,,0.0,0,0.0,0,0.0,0
JP-Tef,2009,245,True,,0.0,0,0.0,0,0.0,0
JP-Tef,2010,245,True,,0.0,0,0.0,0,0.0,0
JP-Tef,2011,245,True,,0.0,0,0.0,0,0.0,0
JP-Tef,2012,245,True,,0.0,0,0.0,0,0.0,0
JP-Tef,2013,245,True,,0.0,0,0.0,0,0.0,0
JP-Tef,2014,245,True,,0.0,0,0.0,0,0.0,0
JP-Tef,2015,245,True,,0.0,0,0.0,0,0.0,0
JP-Tef,2016,245,True,,0.0,0,0.0,0,0.0,0
JP-Tef,2017,245,True,,0.0,0,0.0,0,0.0,0
JP-Tef,2018,245,True,,0.0,0,0.0,0,0.0,0
JP-Tef,2019,245,True,,0.0,0,0.0,0,0.0,0
JP-Tef,2020,245,True,,0.0,0,0.0,0,0.0,0
JP-Tef,2021,245,True,,0.0,0,0.0,0,0.0,0
JP-Tef,2022,245,True,,0.0,0,0.0,0,0.0,0
JP-Tef,2023,245,True,,0.0,0,0.0,0,0.0,0
NL-Loo,1997,245,True,,0.0,0,0.0,0,0.0,0
NL-Loo,1998,245,True,,0.0,0,0.0,0,0.0,0
NL-Loo,1999,245,True,,0.0,0,0.0,0,0.0,0
NL-Loo,2000,245,True,,0.0,0,0.0,0,0.0,0
NL-Loo,2001,245,True,,0.0,0,0.0,0,0.0,0
NL-Loo,2002,245,True,,0.0,0,0.0,0,0.0,0
NL-Loo,2003,245,True,,0.0,0,0.0,0,0.0,0
NL-Loo,2004,245,True,,0.0,0,0.0,0,0.0,0
NL-Loo,2005,245,True,,0.0,0,0.0,0,0.0,0
NL-Loo,2006,245,True,,0.0,0,0.0,0,0.0,0
NL-Loo,2007,245,True,,0.0,0,0.0,0,0.0,0
NL-Loo,2008,245,True,,0.0,0,0.0,0,0.0,0
NL-Loo,2009,245,True,,0.0,0,0.0,0,0.0,0
NL-Loo,2010,245,True,,0.0,0,0.0,0,0.0,0
NL-Loo,2011,245,True,,0.0,0,0.0,0,0.0,0
NL-Loo,2012,245,True,,0.0,0,0.0,0,0.0,0
NL-Loo,2013,245,True,,0.0,0,0.0,0,0.0,0
NL-Loo,2014,245,True,,0.0,0,0.0,0,0.0,0
NL-Loo,2015,245,True,,0.0,0,0.0,0,0.0,0
NL-Loo,2016,245,True,,0.0,0,0.0,0,0.0,0
NL-Loo,2017,245,True,,0.0,0,0.0,0,0.0,0
NL-Loo,2018,245,True,,0.0,0,0.0,0,0.0,0
NL-Loo,2019,245,True,,0.0,0,0.0,0,0.0,0
NL-Loo,2020,245,True,,0.0,0,0.0,0,0.0,0
NL-Loo,2021,245,True,,0.0,0,0.0,0,0.0,0
NL-Loo,2022,245,True,,0.0,0,0.0,0,0.0,0
NL-Loo,2023,245,True,,0.0,0,0.0,0,0.0,0
NL-Loo,2024,245,True,,0.0,0,0.0,0,0.0,0
NL-Loo,2025,245,True,,0.0,0,0.0,0,0.0,0
NL-Vkp,2014,245,True,,0.0,0,0.0,0,0.0,0
NL-Vkp,2015,245,True,,0.0,0,0.0,0,0.0,0
NL-Vkp,2016,245,True,,0.0,0,0.0,0,0.0,0
NL-Vkp,2017,245,True,,0.0,0,0.0,0,0.0,0
NL-Vkp,2018,245,True,,0.0,0,0.0,0,0.0,0
NL-Vkp,2019,245,True,,0.0,0,0.0,0,0.0,0
NL-Vkp,2020,245,True,,0.0,0,0.0,0,0.0,0
NL-Vkp,2021,245,True,,0.0,0,0.0,0,0.0,0
NL-Vkp,2022,245,True,,0.0,0,0.0,0,0.0,0
NL-Vkp,2023,245,True,,0.0,0,0.0,0,0.0,0
NL-Vkp,2024,245,True,,0.0,0,0.0,0,0.0,0
RU-Fy2,2015,245,True,,0.0,0,0.0,0,0.0,0
RU-Fy2,2016,245,True,,0.0,0,0.0,0,0.0,0
RU-Fy2,2017,245,True,,0.0,0,0.0,0,0.0,0
RU-Fy2,2018,245,True,,0.0,0,0.0,0,0.0,0
RU-Fy2,2019,245,True,,0.0,0,0.0,0,0.0,0
RU-Fy2,2020,245,True,,0.0,0,0.0,0,0.0,0
RU-Fy2,2021,245,True,,0.0,0,0.0,0,0.0,0
RU-Fy2,2022,245,True,,0.0,0,0.0,0,0.0,0
RU-Fy2,2023,245,True,,0.0,0,0.0,0,0.0,0
RU-Fy2,2024,245,True,,0.0,0,0.0,0,0.0,0
SE-Svb,2014,245,True,,0.0,0,0.0,0,0.0,0
SE-Svb,2015,245,True,,0.0,0,0.0,0,0.0,0
SE-Svb,2016,245,True,,0.0,0,0.0,0,0.0,0
SE-Svb,2017,245,True,,0.0,0,0.0,0,0.0,0
SE-Svb,2018,245,True,,0.0,0,0.0,0,0.0,0
SE-Svb,2019,245,True,,0.0,0,0.0,0,0.0,0
SE-Svb,2020,245,True,,0.0,0,0.0,0,0.0,0
SE-Svb,2021,245,True,,0.0,0,0.0,0,0.0,0
SE-Svb,2022,245,True,,0.0,0,0.0,0,0.0,0
SE-Svb,2023,245,True,,0.0,0,0.0,0,0.0,0
SE-Svb,2024,245,True,,0.0,0,0.0,0,0.0,0
US-A10,2011,245,False,GPP_NT_VUT_REF;NEE_VUT_REF;RECO_NT_VUT_REF,1.0,245,1.0,245,1.0,245
US-A10,2012,245,False,GPP_NT_VUT_REF;NEE_VUT_REF;RECO_NT_VUT_REF,1.0,245,1.0,245,1.0,245
US-A10,2013,245,False,GPP_NT_VUT_REF;NEE_VUT_REF;RECO_NT_VUT_REF,1.0,245,1.0,245,1.0,245
US-A10,2014,245,False,GPP_NT_VUT_REF;NEE_VUT_REF;RECO_NT_VUT_REF,1.0,245,1.0,245,1.0,245
US-A10,2015,245,False,GPP_NT_VUT_REF;NEE_VUT_REF;RECO_NT_VUT_REF,1.0,245,1.0,245,1.0,245
US-A10,2016,245,False,GPP_NT_VUT_REF;NEE_VUT_REF;RECO_NT_VUT_REF,1.0,245,1.0,245,1.0,245
US-A10,2017,245,False,GPP_NT_VUT_REF;NEE_VUT_REF;RECO_NT_VUT_REF,1.0,245,1.0,245,1.0,245
US-A10,2018,245,False,GPP_NT_VUT_REF;NEE_VUT_REF;RECO_NT_VUT_REF,1.0,245,1.0,245,1.0,245
US-A10,2019,245,False,GPP_NT_VUT_REF;NEE_VUT_REF;RECO_NT_VUT_REF,1.0,245,1.0,245,1.0,245
US-A10,2020,245,False,GPP_NT_VUT_REF;NEE_VUT_REF;RECO_NT_VUT_REF,1.0,245,1.0,245,1.0,245
US-A10,2021,245,False,GPP_NT_VUT_REF;NEE_VUT_REF;RECO_NT_VUT_REF,1.0,245,1.0,245,1.0,245
US-A10,2022,245,False,GPP_NT_VUT_REF;NEE_VUT_REF;RECO_NT_VUT_REF,1.0,245,1.0,245,1.0,245
US-Akn,2011,245,False,GPP_NT_VUT_REF;NEE_VUT_REF;RECO_NT_VUT_REF,1.0,245,1.0,245,1.0,245
US-Akn,2012,245,False,GPP_NT_VUT_REF;NEE_VUT_REF;RECO_NT_VUT_REF,1.0,245,1.0,245,1.0,245
US-Akn,2013,245,False,GPP_NT_VUT_REF;NEE_VUT_REF;RECO_NT_VUT_REF,1.0,245,1.0,245,1.0,245
US-Akn,2014,245,False,GPP_NT_VUT_REF;NEE_VUT_REF;RECO_NT_VUT_REF,1.0,245,1.0,245,1.0,245
US-Akn,2015,245,False,GPP_NT_VUT_REF;NEE_VUT_REF;RECO_NT_VUT_REF,1.0,245,1.0,245,1.0,245
US-Akn,2016,245,False,GPP_NT_VUT_REF;NEE_VUT_REF;RECO_NT_VUT_REF,1.0,245,1.0,245,1.0,245
US-Akn,2017,245,False,GPP_NT_VUT_REF;NEE_VUT_REF;RECO_NT_VUT_REF,1.0,245,1.0,245,1.0,245
US-Akn,2018,245,False,GPP_NT_VUT_REF;NEE_VUT_REF;RECO_NT_VUT_REF,1.0,245,1.0,245,1.0,245
US-Akn,2019,245,False,GPP_NT_VUT_REF;NEE_VUT_REF;RECO_NT_VUT_REF,1.0,245,1.0,245,1.0,245
US-Akn,2020,245,False,GPP_NT_VUT_REF;NEE_VUT_REF;RECO_NT_VUT_REF,1.0,245,1.0,245,1.0,245
US-Akn,2021,245,False,GPP_NT_VUT_REF;NEE_VUT_REF;RECO_NT_VUT_REF,1.0,245,1.0,245,1.0,245
US-Akn,2022,245,False,GPP_NT_VUT_REF;NEE_VUT_REF;RECO_NT_VUT_REF,1.0,245,1.0,245,1.0,245
US-Aud,2002,245,True,,0.0,0,0.0,0,0.0,0
US-Aud,2003,245,True,,0.0,0,0.0,0,0.0,0
US-Aud,2004,245,True,,0.0,0,0.0,0,0.0,0
US-Aud,2005,245,True,,0.0,0,0.0,0,0.0,0
US-Aud,2006,245,True,,0.0,0,0.0,0,0.0,0
US-Aud,2007,245,True,,0.0,0,0.0,0,0.0,0
US-Aud,2008,245,True,,0.0,0,0.0,0,0.0,0
US-Aud,2009,245,True,,0.0,0,0.0,0,0.0,0
US-Aud,2010,245,True,,0.0,0,0.0,0,0.0,0
US-Aud,2011,245,True,,0.0,0,0.0,0,0.0,0
US-Aud,2012,245,True,,0.0,0,0.0,0,0.0,0
US-Aud,2013,245,True,,0.0,0,0.0,0,0.0,0
US-Aud,2014,245,True,,0.0,0,0.0,0,0.0,0
US-Aud,2015,245,True,,0.0,0,0.0,0,0.0,0
US-Aud,2016,245,True,,0.0,0,0.0,0,0.0,0
US-Aud,2017,245,True,,0.0,0,0.0,0,0.0,0
US-Aud,2018,245,True,,0.0,0,0.0,0,0.0,0
US-Aud,2019,245,True,,0.0,0,0.0,0,0.0,0
US-Aud,2020,245,True,,0.0,0,0.0,0,0.0,0
US-Aud,2021,245,True,,0.0,0,0.0,0,0.0,0
US-Aud,2022,245,True,,0.0,0,0.0,0,0.0,0
US-Aud,2023,245,True,,0.0,0,0.0,0,0.0,0
US-Aud,2024,245,True,,0.0,0,0.0,0,0.0,0
US-Bar,2004,245,True,,0.0,0,0.0,0,0.0,0
US-Bar,2005,245,True,,0.0,0,0.0,0,0.0,0
US-Bar,2006,245,True,,0.0,0,0.0,0,0.0,0
US-Bar,2007,245,True,,0.0,0,0.0,0,0.0,0
US-Bar,2008,245,True,,0.0,0,0.0,0,0.0,0
US-Bar,2009,245,True,,0.0,0,0.0,0,0.0,0
US-Bar,2010,245,True,,0.0,0,0.0,0,0.0,0
US-Bar,2011,245,True,,0.0,0,0.0,0,0.0,0
US-Bar,2012,245,True,,0.0,0,0.0,0,0.0,0
US-Bar,2013,245,True,,0.0,0,0.0,0,0.0,0
US-Bar,2014,245,True,,0.0,0,0.0,0,0.0,0
US-Bar,2015,245,True,,0.0,0,0.0,0,0.0,0
US-Bar,2016,245,True,,0.0,0,0.0,0,0.0,0
US-Bar,2017,245,True,,0.0,0,0.0,0,0.0,0
US-Bar,2018,245,True,,0.0,0,0.0,0,0.0,0
US-Bar,2019,245,True,,0.0,0,0.0,0,0.0,0
US-Bar,2020,245,True,,0.0,0,0.0,0,0.0,0
US-Bar,2021,245,True,,0.0,0,0.0,0,0.0,0
US-Bar,2022,245,True,,0.0,0,0.0,0,0.0,0
US-Bar,2023,245,True,,0.0,0,0.0,0,0.0,0
US-CMW,2001,245,True,,0.0,0,0.0,0,0.0,0
US-CMW,2002,245,True,,0.0,0,0.0,0,0.0,0
US-CMW,2003,245,True,,0.0,0,0.0,0,0.0,0
US-CMW,2004,245,True,,0.0,0,0.0,0,0.0,0
US-CMW,2005,245,True,,0.0,0,0.0,0,0.0,0
US-CMW,2006,245,True,,0.0,0,0.0,0,0.0,0
US-CMW,2007,245,True,,0.0,0,0.0,0,0.0,0
US-CMW,2008,245,True,,0.0,0,0.0,0,0.0,0
US-CMW,2009,245,True,,0.0,0,0.0,0,0.0,0
US-CMW,2010,245,True,,0.0,0,0.0,0,0.0,0
US-CMW,2011,245,True,,0.0,0,0.0,0,0.0,0
US-CMW,2012,245,True,,0.0,0,0.0,0,0.0,0
US-CMW,2013,245,True,,0.0,0,0.0,0,0.0,0
US-CMW,2014,245,True,,0.0,0,0.0,0,0.0,0
US-CMW,2015,245,True,,0.0,0,0.0,0,0.0,0
US-CMW,2016,245,True,,0.0,0,0.0,0,0.0,0
US-CMW,2017,245,True,,0.0,0,0.0,0,0.0,0
US-CMW,2018,245,True,,0.0,0,0.0,0,0.0,0
US-CMW,2019,245,True,,0.0,0,0.0,0,0.0,0
US-CMW,2020,245,True,,0.0,0,0.0,0,0.0,0
US-CMW,2021,245,True,,0.0,0,0.0,0,0.0,0
US-Ced,2005,245,True,,0.0,0,0.0,0,0.0,0
US-Ced,2006,245,True,,0.0,0,0.0,0,0.0,0
US-Ced,2007,245,True,,0.0,0,0.0,0,0.0,0
US-Ced,2008,245,True,,0.0,0,0.0,0,0.0,0
US-Ced,2009,245,True,,0.0,0,0.0,0,0.0,0
US-Ced,2010,245,True,,0.0,0,0.0,0,0.0,0
US-Ced,2011,245,True,,0.0,0,0.0,0,0.0,0
US-Ced,2012,245,True,,0.0,0,0.0,0,0.0,0
US-Ced,2013,245,True,,0.0,0,0.0,0,0.0,0
US-Ced,2014,245,True,,0.0,0,0.0,0,0.0,0
US-ChR,2006,245,True,,0.0,0,0.0,0,0.0,0
US-ChR,2007,245,True,,0.0,0,0.0,0,0.0,0
US-ChR,2008,245,True,,0.0,0,0.0,0,0.0,0
US-ChR,2009,245,True,,0.0,0,0.0,0,0.0,0
US-ChR,2010,245,True,,0.0,0,0.0,0,0.0,0
US-ChR,2011,245,True,,0.0,0,0.0,0,0.0,0
US-ChR,2012,245,True,,0.0,0,0.0,0,0.0,0
US-ChR,2013,245,True,,0.0,0,0.0,0,0.0,0
US-ChR,2014,245,True,,0.0,0,0.0,0,0.0,0
US-ChR,2015,245,True,,0.0,0,0.0,0,0.0,0
US-ChR,2016,245,True,,0.0,0,0.0,0,0.0,0
US-ChR,2017,245,True,,0.0,0,0.0,0,0.0,0
US-ChR,2018,245,True,,0.0,0,0.0,0,0.0,0
US-ChR,2019,245,True,,0.0,0,0.0,0,0.0,0
US-Cwt,2011,245,False,GPP_NT_VUT_REF;NEE_VUT_REF;RECO_NT_VUT_REF,1.0,245,1.0,245,1.0,245
US-Cwt,2012,245,False,GPP_NT_VUT_REF;NEE_VUT_REF;RECO_NT_VUT_REF,1.0,245,1.0,245,1.0,245
US-Cwt,2013,245,False,GPP_NT_VUT_REF;NEE_VUT_REF;RECO_NT_VUT_REF,1.0,245,1.0,245,1.0,245
US-Cwt,2014,245,False,GPP_NT_VUT_REF;NEE_VUT_REF;RECO_NT_VUT_REF,1.0,245,1.0,245,1.0,245
US-Cwt,2015,245,False,GPP_NT_VUT_REF;NEE_VUT_REF;RECO_NT_VUT_REF,1.0,245,1.0,245,1.0,245
US-Cwt,2016,245,False,GPP_NT_VUT_REF;NEE_VUT_REF;RECO_NT_VUT_REF,1.0,245,1.0,245,1.0,245
US-Cwt,2017,245,False,GPP_NT_VUT_REF;NEE_VUT_REF;RECO_NT_VUT_REF,1.0,245,1.0,245,1.0,245
US-Cwt,2018,245,False,GPP_NT_VUT_REF;NEE_VUT_REF;RECO_NT_VUT_REF,1.0,245,1.0,245,1.0,245
US-Cwt,2019,245,False,GPP_NT_VUT_REF;NEE_VUT_REF;RECO_NT_VUT_REF,1.0,245,1.0,245,1.0,245
US-Cwt,2020,245,False,GPP_NT_VUT_REF;NEE_VUT_REF;RECO_NT_VUT_REF,1.0,245,1.0,245,1.0,245
US-Cwt,2021,245,False,GPP_NT_VUT_REF;NEE_VUT_REF;RECO_NT_VUT_REF,1.0,245,1.0,245,1.0,245
US-Cwt,2022,245,False,GPP_NT_VUT_REF;NEE_VUT_REF;RECO_NT_VUT_REF,1.0,245,1.0,245,1.0,245
US-Cwt,2023,245,False,GPP_NT_VUT_REF;NEE_VUT_REF;RECO_NT_VUT_REF,1.0,245,1.0,245,1.0,245
US-Cwt,2024,245,False,GPP_NT_VUT_REF;NEE_VUT_REF;RECO_NT_VUT_REF,1.0,245,1.0,245,1.0,245
US-EML,2008,245,True,,0.0,0,0.0,0,0.0,0
US-EML,2009,245,True,,0.0,0,0.0,0,0.0,0
US-EML,2010,245,True,,0.0,0,0.0,0,0.0,0
US-EML,2011,245,True,,0.0,0,0.0,0,0.0,0
US-EML,2012,245,True,,0.0,0,0.0,0,0.0,0
US-EML,2013,245,True,,0.0,0,0.0,0,0.0,0
US-EML,2014,245,True,,0.0,0,0.0,0,0.0,0
US-EML,2015,245,True,,0.0,0,0.0,0,0.0,0
US-EML,2016,245,True,,0.0,0,0.0,0,0.0,0
US-EML,2017,245,True,,0.0,0,0.0,0,0.0,0
US-EML,2018,245,True,,0.0,0,0.0,0,0.0,0
US-EML,2019,245,True,,0.0,0,0.0,0,0.0,0
US-EML,2020,245,True,,0.0,0,0.0,0,0.0,0
US-EML,2021,245,True,,0.0,0,0.0,0,0.0,0
US-EML,2022,245,True,,0.0,0,0.0,0,0.0,0
US-EML,2023,245,True,,0.0,0,0.0,0,0.0,0
US-GLE,2005,245,True,,0.0,0,0.0,0,0.0,0
US-GLE,2006,245,True,,0.0,0,0.0,0,0.0,0
US-GLE,2007,245,True,,0.0,0,0.0,0,0.0,0
US-GLE,2008,245,True,,0.0,0,0.0,0,0.0,0
US-GLE,2009,245,True,,0.0,0,0.0,0,0.0,0
US-GLE,2010,245,True,,0.0,0,0.0,0,0.0,0
US-GLE,2011,245,True,,0.0,0,0.0,0,0.0,0
US-GLE,2012,245,True,,0.0,0,0.0,0,0.0,0
US-GLE,2013,245,True,,0.0,0,0.0,0,0.0,0
US-GLE,2014,245,True,,0.0,0,0.0,0,0.0,0
US-GLE,2015,245,True,,0.0,0,0.0,0,0.0,0
US-GLE,2016,245,True,,0.0,0,0.0,0,0.0,0
US-GLE,2017,245,True,,0.0,0,0.0,0,0.0,0
US-GLE,2018,245,True,,0.0,0,0.0,0,0.0,0
US-GLE,2019,245,True,,0.0,0,0.0,0,0.0,0
US-GLE,2020,245,True,,0.0,0,0.0,0,0.0,0
US-Ha1,1991,245,True,,0.0,0,0.0,0,0.0,0
US-Ha1,1992,245,True,,0.0,0,0.0,0,0.0,0
US-Ha1,1993,245,True,,0.0,0,0.0,0,0.0,0
US-Ha1,1994,245,True,,0.0,0,0.0,0,0.0,0
US-Ha1,1995,245,True,,0.0,0,0.0,0,0.0,0
US-Ha1,1996,245,True,,0.0,0,0.0,0,0.0,0
US-Ha1,1997,245,True,,0.0,0,0.0,0,0.0,0
US-Ha1,1998,245,True,,0.0,0,0.0,0,0.0,0
US-Ha1,1999,245,True,,0.0,0,0.0,0,0.0,0
US-Ha1,2000,245,True,,0.0,0,0.0,0,0.0,0
US-Ha1,2001,245,True,,0.0,0,0.0,0,0.0,0
US-Ha1,2002,245,True,,0.0,0,0.0,0,0.0,0
US-Ha1,2003,245,True,,0.0,0,0.0,0,0.0,0
US-Ha1,2004,245,True,,0.0,0,0.0,0,0.0,0
US-Ha1,2005,245,True,,0.0,0,0.0,0,0.0,0
US-Ha1,2006,245,True,,0.0,0,0.0,0,0.0,0
US-Ha1,2007,245,True,,0.0,0,0.0,0,0.0,0
US-Ha1,2008,245,True,,0.0,0,0.0,0,0.0,0
US-Ha1,2009,245,True,,0.0,0,0.0,0,0.0,0
US-Ha1,2010,245,True,,0.0,0,0.0,0,0.0,0
US-Ha1,2011,245,True,,0.0,0,0.0,0,0.0,0
US-Ha1,2012,245,True,,0.0,0,0.0,0,0.0,0
US-Ha1,2013,245,True,,0.0,0,0.0,0,0.0,0
US-Ha1,2014,245,True,,0.0,0,0.0,0,0.0,0
US-Ha1,2015,245,True,,0.0,0,0.0,0,0.0,0
US-Ha1,2016,245,True,,0.0,0,0.0,0,0.0,0
US-Ha1,2017,245,True,,0.0,0,0.0,0,0.0,0
US-Ha1,2018,245,True,,0.0,0,0.0,0,0.0,0
US-Ha1,2019,245,True,,0.0,0,0.0,0,0.0,0
US-Ha1,2020,245,True,,0.0,0,0.0,0,0.0,0
US-Ha1,2021,245,True,,0.0,0,0.0,0,0.0,0
US-Ha1,2022,245,True,,0.0,0,0.0,0,0.0,0
US-Ha1,2023,245,True,,0.0,0,0.0,0,0.0,0
US-Ha1,2024,245,True,,0.0,0,0.0,0,0.0,0
US-Ha1,2025,245,True,,0.0,0,0.0,0,0.0,0
US-Ho2,1999,245,False,GPP_NT_VUT_REF;NEE_VUT_REF;RECO_NT_VUT_REF,1.0,245,1.0,245,1.0,245
US-Ho2,2000,245,False,GPP_NT_VUT_REF;NEE_VUT_REF;RECO_NT_VUT_REF,1.0,245,1.0,245,1.0,245
US-Ho2,2001,245,False,GPP_NT_VUT_REF;NEE_VUT_REF;RECO_NT_VUT_REF,1.0,245,1.0,245,1.0,245
US-Ho2,2002,245,False,GPP_NT_VUT_REF;NEE_VUT_REF;RECO_NT_VUT_REF,1.0,245,1.0,245,1.0,245
US-Ho2,2003,245,False,GPP_NT_VUT_REF;NEE_VUT_REF;RECO_NT_VUT_REF,1.0,245,1.0,245,1.0,245
US-Ho2,2004,245,False,GPP_NT_VUT_REF;NEE_VUT_REF;RECO_NT_VUT_REF,1.0,245,1.0,245,1.0,245
US-Ho2,2005,245,False,GPP_NT_VUT_REF;NEE_VUT_REF;RECO_NT_VUT_REF,1.0,245,1.0,245,1.0,245
US-Ho2,2006,245,False,GPP_NT_VUT_REF;NEE_VUT_REF;RECO_NT_VUT_REF,1.0,245,1.0,245,1.0,245
US-Ho2,2007,245,False,GPP_NT_VUT_REF;NEE_VUT_REF;RECO_NT_VUT_REF,1.0,245,1.0,245,1.0,245
US-Ho2,2008,245,False,GPP_NT_VUT_REF;NEE_VUT_REF;RECO_NT_VUT_REF,1.0,245,1.0,245,1.0,245
US-Ho2,2009,245,False,GPP_NT_VUT_REF;NEE_VUT_REF;RECO_NT_VUT_REF,1.0,245,1.0,245,1.0,245
US-Ho2,2010,245,False,GPP_NT_VUT_REF;NEE_VUT_REF;RECO_NT_VUT_REF,1.0,245,1.0,245,1.0,245
US-Ho2,2011,245,False,GPP_NT_VUT_REF;NEE_VUT_REF;RECO_NT_VUT_REF,1.0,245,1.0,245,1.0,245
US-Ho2,2012,245,False,GPP_NT_VUT_REF;NEE_VUT_REF;RECO_NT_VUT_REF,1.0,245,1.0,245,1.0,245
US-Ho2,2013,245,False,GPP_NT_VUT_REF;NEE_VUT_REF;RECO_NT_VUT_REF,1.0,245,1.0,245,1.0,245
US-Ho2,2014,245,False,GPP_NT_VUT_REF;NEE_VUT_REF;RECO_NT_VUT_REF,1.0,245,1.0,245,1.0,245
US-Ho2,2015,245,False,GPP_NT_VUT_REF;NEE_VUT_REF;RECO_NT_VUT_REF,1.0,245,1.0,245,1.0,245
US-Ho2,2016,245,False,GPP_NT_VUT_REF;NEE_VUT_REF;RECO_NT_VUT_REF,1.0,245,1.0,245,1.0,245
US-Ho2,2017,245,False,GPP_NT_VUT_REF;NEE_VUT_REF;RECO_NT_VUT_REF,1.0,245,1.0,245,1.0,245
US-Ho2,2018,245,False,GPP_NT_VUT_REF;NEE_VUT_REF;RECO_NT_VUT_REF,1.0,245,1.0,245,1.0,245
US-Ho2,2019,245,False,GPP_NT_VUT_REF;NEE_VUT_REF;RECO_NT_VUT_REF,1.0,245,1.0,245,1.0,245
US-Ho2,2020,245,False,GPP_NT_VUT_REF;NEE_VUT_REF;RECO_NT_VUT_REF,1.0,245,1.0,245,1.0,245
US-Ho2,2021,245,False,GPP_NT_VUT_REF;NEE_VUT_REF;RECO_NT_VUT_REF,1.0,245,1.0,245,1.0,245
US-Ho2,2022,245,False,GPP_NT_VUT_REF;NEE_VUT_REF;RECO_NT_VUT_REF,1.0,245,1.0,245,1.0,245
US-Ho2,2023,245,False,GPP_NT_VUT_REF;NEE_VUT_REF;RECO_NT_VUT_REF,1.0,245,1.0,245,1.0,245
US-Ho2,2024,245,False,GPP_NT_VUT_REF;NEE_VUT_REF;RECO_NT_VUT_REF,1.0,245,1.0,245,1.0,245
US-Ho2,2025,245,False,GPP_NT_VUT_REF;NEE_VUT_REF;RECO_NT_VUT_REF,1.0,245,1.0,245,1.0,245
US-Ho3,2003,245,False,GPP_NT_VUT_REF;NEE_VUT_REF;RECO_NT_VUT_REF,1.0,245,1.0,245,1.0,245
US-Ho3,2004,245,False,GPP_NT_VUT_REF;NEE_VUT_REF;RECO_NT_VUT_REF,1.0,245,1.0,245,1.0,245
US-Ho3,2005,245,False,GPP_NT_VUT_REF;NEE_VUT_REF;RECO_NT_VUT_REF,1.0,245,1.0,245,1.0,245
US-Ho3,2006,245,False,GPP_NT_VUT_REF;NEE_VUT_REF;RECO_NT_VUT_REF,1.0,245,1.0,245,1.0,245
US-Ho3,2007,245,False,GPP_NT_VUT_REF;NEE_VUT_REF;RECO_NT_VUT_REF,1.0,245,1.0,245,1.0,245
US-Ho3,2008,245,False,GPP_NT_VUT_REF;NEE_VUT_REF;RECO_NT_VUT_REF,1.0,245,1.0,245,1.0,245
US-Ho3,2009,245,False,GPP_NT_VUT_REF;NEE_VUT_REF;RECO_NT_VUT_REF,1.0,245,1.0,245,1.0,245
US-Ho3,2010,245,False,GPP_NT_VUT_REF;NEE_VUT_REF;RECO_NT_VUT_REF,1.0,245,1.0,245,1.0,245
US-Ho3,2011,245,False,GPP_NT_VUT_REF;NEE_VUT_REF;RECO_NT_VUT_REF,1.0,245,1.0,245,1.0,245
US-Ho3,2012,245,False,GPP_NT_VUT_REF;NEE_VUT_REF;RECO_NT_VUT_REF,1.0,245,1.0,245,1.0,245
US-Ho3,2013,245,False,GPP_NT_VUT_REF;NEE_VUT_REF;RECO_NT_VUT_REF,1.0,245,1.0,245,1.0,245
US-Ho3,2014,245,False,GPP_NT_VUT_REF;NEE_VUT_REF;RECO_NT_VUT_REF,1.0,245,1.0,245,1.0,245
US-Ho3,2015,245,False,GPP_NT_VUT_REF;NEE_VUT_REF;RECO_NT_VUT_REF,1.0,245,1.0,245,1.0,245
US-Ho3,2016,245,False,GPP_NT_VUT_REF;NEE_VUT_REF;RECO_NT_VUT_REF,1.0,245,1.0,245,1.0,245
US-Ho3,2017,245,False,GPP_NT_VUT_REF;NEE_VUT_REF;RECO_NT_VUT_REF,1.0,245,1.0,245,1.0,245
US-Ho3,2018,245,False,GPP_NT_VUT_REF;NEE_VUT_REF;RECO_NT_VUT_REF,1.0,245,1.0,245,1.0,245
US-Ho3,2019,245,False,GPP_NT_VUT_REF;NEE_VUT_REF;RECO_NT_VUT_REF,1.0,245,1.0,245,1.0,245
US-Ho3,2020,245,False,GPP_NT_VUT_REF;NEE_VUT_REF;RECO_NT_VUT_REF,1.0,245,1.0,245,1.0,245
US-Ho3,2021,245,False,GPP_NT_VUT_REF;NEE_VUT_REF;RECO_NT_VUT_REF,1.0,245,1.0,245,1.0,245
US-ICh,2007,245,True,,0.0,0,0.0,0,0.0,0
US-ICh,2008,245,True,,0.0,0,0.0,0,0.0,0
US-ICh,2009,245,True,,0.0,0,0.0,0,0.0,0
US-ICh,2010,245,True,,0.0,0,0.0,0,0.0,0
US-ICh,2011,245,True,,0.0,0,0.0,0,0.0,0
US-ICh,2012,245,True,,0.0,0,0.0,0,0.0,0
US-ICh,2013,245,True,,0.0,0,0.0,0,0.0,0
US-ICh,2014,245,True,,0.0,0,0.0,0,0.0,0
US-ICh,2015,245,True,,0.0,0,0.0,0,0.0,0
US-ICh,2016,245,True,,0.0,0,0.0,0,0.0,0
US-ICh,2017,245,True,,0.0,0,0.0,0,0.0,0
US-ICh,2018,245,True,,0.0,0,0.0,0,0.0,0
US-ICh,2019,245,True,,0.0,0,0.0,0,0.0,0
US-ICh,2020,245,True,,0.0,0,0.0,0,0.0,0
US-ICh,2021,245,True,,0.0,0,0.0,0,0.0,0
US-ICh,2022,245,True,,0.0,0,0.0,0,0.0,0
US-ICh,2023,245,True,,0.0,0,0.0,0,0.0,0
US-ICh,2024,245,True,,0.0,0,0.0,0,0.0,0
US-ICh,2025,245,True,,0.0,0,0.0,0,0.0,0
US-ICt,2007,245,True,,0.0,0,0.0,0,0.0,0
US-ICt,2008,245,True,,0.0,0,0.0,0,0.0,0
US-ICt,2009,245,True,,0.0,0,0.0,0,0.0,0
US-ICt,2010,245,True,,0.0,0,0.0,0,0.0,0
US-ICt,2011,245,True,,0.0,0,0.0,0,0.0,0
US-ICt,2012,245,True,,0.0,0,0.0,0,0.0,0
US-ICt,2013,245,True,,0.0,0,0.0,0,0.0,0
US-ICt,2014,245,True,,0.0,0,0.0,0,0.0,0
US-ICt,2015,245,True,,0.0,0,0.0,0,0.0,0
US-ICt,2016,245,True,,0.0,0,0.0,0,0.0,0
US-ICt,2017,245,True,,0.0,0,0.0,0,0.0,0
US-ICt,2018,245,True,,0.0,0,0.0,0,0.0,0
US-ICt,2019,245,True,,0.0,0,0.0,0,0.0,0
US-ICt,2020,245,True,,0.0,0,0.0,0,0.0,0
US-ICt,2021,245,True,,0.0,0,0.0,0,0.0,0
US-ICt,2022,245,True,,0.0,0,0.0,0,0.0,0
US-ICt,2023,245,True,,0.0,0,0.0,0,0.0,0
US-ICt,2024,245,True,,0.0,0,0.0,0,0.0,0
US-ICt,2025,245,True,,0.0,0,0.0,0,0.0,0
US-Jo1,2010,245,True,,0.0,0,0.0,0,0.0,0
US-Jo1,2011,245,True,,0.0,0,0.0,0,0.0,0
US-Jo1,2012,245,True,,0.0,0,0.0,0,0.0,0
US-Jo1,2013,245,True,,0.0,0,0.0,0,0.0,0
US-Jo1,2014,245,True,,0.0,0,0.0,0,0.0,0
US-Jo1,2015,245,True,,0.0,0,0.0,0,0.0,0
US-Jo1,2016,245,True,,0.0,0,0.0,0,0.0,0
US-Jo1,2017,245,True,,0.0,0,0.0,0,0.0,0
US-Jo1,2018,245,True,,0.0,0,0.0,0,0.0,0
US-Jo1,2019,245,True,,0.0,0,0.0,0,0.0,0
US-Jo1,2020,245,True,,0.0,0,0.0,0,0.0,0
US-Jo1,2021,245,True,,0.0,0,0.0,0,0.0,0
US-Jo1,2022,245,True,,0.0,0,0.0,0,0.0,0
US-Jo2,2010,245,False,GPP_NT_VUT_REF;NEE_VUT_REF;RECO_NT_VUT_REF,1.0,245,1.0,245,1.0,245
US-Jo2,2011,245,False,GPP_NT_VUT_REF;NEE_VUT_REF;RECO_NT_VUT_REF,1.0,245,1.0,245,1.0,245
US-Jo2,2012,245,False,GPP_NT_VUT_REF;NEE_VUT_REF;RECO_NT_VUT_REF,1.0,245,1.0,245,1.0,245
US-Jo2,2013,245,False,GPP_NT_VUT_REF;NEE_VUT_REF;RECO_NT_VUT_REF,1.0,245,1.0,245,1.0,245
US-Jo2,2014,245,False,GPP_NT_VUT_REF;NEE_VUT_REF;RECO_NT_VUT_REF,1.0,245,1.0,245,1.0,245
US-Jo2,2015,245,False,GPP_NT_VUT_REF;NEE_VUT_REF;RECO_NT_VUT_REF,1.0,245,1.0,245,1.0,245
US-Jo2,2016,245,False,GPP_NT_VUT_REF;NEE_VUT_REF;RECO_NT_VUT_REF,1.0,245,1.0,245,1.0,245
US-Jo2,2017,245,False,GPP_NT_VUT_REF;NEE_VUT_REF;RECO_NT_VUT_REF,1.0,245,1.0,245,1.0,245
US-Jo2,2018,245,False,GPP_NT_VUT_REF;NEE_VUT_REF;RECO_NT_VUT_REF,1.0,245,1.0,245,1.0,245
US-Jo2,2019,245,False,GPP_NT_VUT_REF;NEE_VUT_REF;RECO_NT_VUT_REF,1.0,245,1.0,245,1.0,245
US-Jo2,2020,245,False,GPP_NT_VUT_REF;NEE_VUT_REF;RECO_NT_VUT_REF,1.0,245,1.0,245,1.0,245
US-KFS,2007,245,True,,0.0,0,0.0,0,0.0,0
US-KFS,2008,245,True,,0.0,0,0.0,0,0.0,0
US-KFS,2009,245,True,,0.0,0,0.0,0,0.0,0
US-KFS,2010,245,True,,0.0,0,0.0,0,0.0,0
US-KFS,2011,245,True,,0.0,0,0.0,0,0.0,0
US-KFS,2012,245,True,,0.0,0,0.0,0,0.0,0
US-KFS,2013,245,True,,0.0,0,0.0,0,0.0,0
US-KFS,2014,245,True,,0.0,0,0.0,0,0.0,0
US-KFS,2015,245,True,,0.0,0,0.0,0,0.0,0
US-KFS,2016,245,True,,0.0,0,0.0,0,0.0,0
US-KFS,2017,245,True,,0.0,0,0.0,0,0.0,0
US-KFS,2018,245,True,,0.0,0,0.0,0,0.0,0
US-KFS,2019,245,True,,0.0,0,0.0,0,0.0,0
US-Kon,2004,245,True,,0.0,0,0.0,0,0.0,0
US-Kon,2005,245,True,,0.0,0,0.0,0,0.0,0
US-Kon,2006,245,True,,0.0,0,0.0,0,0.0,0
US-Kon,2007,245,True,,0.0,0,0.0,0,0.0,0
US-Kon,2008,245,True,,0.0,0,0.0,0,0.0,0
US-Kon,2009,245,True,,0.0,0,0.0,0,0.0,0
US-Kon,2010,245,True,,0.0,0,0.0,0,0.0,0
US-Kon,2011,245,True,,0.0,0,0.0,0,0.0,0
US-Kon,2012,245,True,,0.0,0,0.0,0,0.0,0
US-Kon,2013,245,True,,0.0,0,0.0,0,0.0,0
US-Kon,2014,245,True,,0.0,0,0.0,0,0.0,0
US-Kon,2015,245,True,,0.0,0,0.0,0,0.0,0
US-Kon,2016,245,True,,0.0,0,0.0,0,0.0,0
US-Kon,2017,245,True,,0.0,0,0.0,0,0.0,0
US-Kon,2018,245,True,,0.0,0,0.0,0,0.0,0
US-Kon,2019,245,True,,0.0,0,0.0,0,0.0,0
US-MMS,1999,245,True,,0.0,0,0.0,0,0.0,0
US-MMS,2000,245,True,,0.0,0,0.0,0,0.0,0
US-MMS,2001,245,True,,0.0,0,0.0,0,0.0,0
US-MMS,2002,245,True,,0.0,0,0.0,0,0.0,0
US-MMS,2003,245,True,,0.0,0,0.0,0,0.0,0
US-MMS,2004,245,True,,0.0,0,0.0,0,0.0,0
US-MMS,2005,245,True,,0.0,0,0.0,0,0.0,0
US-MMS,2006,245,True,,0.0,0,0.0,0,0.0,0
US-MMS,2007,245,True,,0.0,0,0.0,0,0.0,0
US-MMS,2008,245,True,,0.0,0,0.0,0,0.0,0
US-MMS,2009,245,True,,0.0,0,0.0,0,0.0,0
US-MMS,2010,245,True,,0.0,0,0.0,0,0.0,0
US-MMS,2011,245,True,,0.0,0,0.0,0,0.0,0
US-MMS,2012,245,True,,0.0,0,0.0,0,0.0,0
US-MMS,2013,245,True,,0.0,0,0.0,0,0.0,0
US-MMS,2014,245,True,,0.0,0,0.0,0,0.0,0
US-MMS,2015,245,True,,0.0,0,0.0,0,0.0,0
US-MMS,2016,245,True,,0.0,0,0.0,0,0.0,0
US-MMS,2017,245,True,,0.0,0,0.0,0,0.0,0
US-MMS,2018,245,True,,0.0,0,0.0,0,0.0,0
US-MMS,2019,245,True,,0.0,0,0.0,0,0.0,0
US-MMS,2020,245,True,,0.0,0,0.0,0,0.0,0
US-MMS,2021,245,True,,0.0,0,0.0,0,0.0,0
US-MMS,2022,245,True,,0.0,0,0.0,0,0.0,0
US-MMS,2023,245,True,,0.0,0,0.0,0,0.0,0
US-MOz,2004,245,True,,0.0,0,0.0,0,0.0,0
US-MOz,2005,245,True,,0.0,0,0.0,0,0.0,0
US-MOz,2006,245,True,,0.0,0,0.0,0,0.0,0
US-MOz,2007,245,True,,0.0,0,0.0,0,0.0,0
US-MOz,2008,245,True,,0.0,0,0.0,0,0.0,0
US-MOz,2009,245,True,,0.0,0,0.0,0,0.0,0
US-MOz,2010,245,True,,0.0,0,0.0,0,0.0,0
US-MOz,2011,245,True,,0.0,0,0.0,0,0.0,0
US-MOz,2012,245,True,,0.0,0,0.0,0,0.0,0
US-MOz,2013,245,True,,0.0,0,0.0,0,0.0,0
US-MOz,2014,245,True,,0.0,0,0.0,0,0.0,0
US-MOz,2015,245,True,,0.0,0,0.0,0,0.0,0
US-MOz,2016,245,True,,0.0,0,0.0,0,0.0,0
US-MOz,2017,245,True,,0.0,0,0.0,0,0.0,0
US-MOz,2018,245,True,,0.0,0,0.0,0,0.0,0
US-MOz,2019,245,True,,0.0,0,0.0,0,0.0,0
US-MOz,2020,245,True,,0.0,0,0.0,0,0.0,0
US-MOz,2021,245,True,,0.0,0,0.0,0,0.0,0
US-Me6,2010,245,True,,0.0,0,0.0,0,0.0,0
US-Me6,2011,245,True,,0.0,0,0.0,0,0.0,0
US-Me6,2012,245,True,,0.0,0,0.0,0,0.0,0
US-Me6,2013,245,True,,0.0,0,0.0,0,0.0,0
US-Me6,2014,245,True,,0.0,0,0.0,0,0.0,0
US-Me6,2015,245,True,,0.0,0,0.0,0,0.0,0
US-Me6,2016,245,True,,0.0,0,0.0,0,0.0,0
US-Me6,2017,245,True,,0.0,0,0.0,0,0.0,0
US-Me6,2018,245,True,,0.0,0,0.0,0,0.0,0
US-Me6,2019,245,True,,0.0,0,0.0,0,0.0,0
US-Me6,2020,245,True,,0.0,0,0.0,0,0.0,0
US-Me6,2021,245,True,,0.0,0,0.0,0,0.0,0
US-Me6,2022,245,True,,0.0,0,0.0,0,0.0,0
US-Me6,2023,245,True,,0.0,0,0.0,0,0.0,0
US-Me6,2024,245,True,,0.0,0,0.0,0,0.0,0
US-Me6,2025,245,True,,0.0,0,0.0,0,0.0,0
US-Mpj,2008,245,True,,0.0,0,0.0,0,0.0,0
US-Mpj,2009,245,True,,0.0,0,0.0,0,0.0,0
US-Mpj,2010,245,True,,0.0,0,0.0,0,0.0,0
US-Mpj,2011,245,True,,0.0,0,0.0,0,0.0,0
US-Mpj,2012,245,True,,0.0,0,0.0,0,0.0,0
US-Mpj,2013,245,True,,0.0,0,0.0,0,0.0,0
US-Mpj,2014,245,True,,0.0,0,0.0,0,0.0,0
US-Mpj,2015,245,True,,0.0,0,0.0,0,0.0,0
US-Mpj,2016,245,True,,0.0,0,0.0,0,0.0,0
US-Mpj,2017,245,True,,0.0,0,0.0,0,0.0,0
US-Mpj,2018,245,True,,0.0,0,0.0,0,0.0,0
US-Mpj,2019,245,True,,0.0,0,0.0,0,0.0,0
US-Mpj,2020,245,True,,0.0,0,0.0,0,0.0,0
US-Mpj,2021,245,True,,0.0,0,0.0,0,0.0,0
US-Mpj,2022,245,True,,0.0,0,0.0,0,0.0,0
US-Mpj,2023,245,True,,0.0,0,0.0,0,0.0,0
US-Mpj,2024,245,True,,0.0,0,0.0,0,0.0,0
US-Mpj,2025,245,True,,0.0,0,0.0,0,0.0,0
US-MtB,2009,245,True,,0.0,0,0.0,0,0.0,0
US-MtB,2010,245,True,,0.0,0,0.0,0,0.0,0
US-MtB,2011,245,True,,0.0,0,0.0,0,0.0,0
US-MtB,2012,245,True,,0.0,0,0.0,0,0.0,0
US-MtB,2013,245,True,,0.0,0,0.0,0,0.0,0
US-MtB,2014,245,True,,0.0,0,0.0,0,0.0,0
US-MtB,2015,245,True,,0.0,0,0.0,0,0.0,0
US-MtB,2016,245,True,,0.0,0,0.0,0,0.0,0
US-MtB,2017,245,True,,0.0,0,0.0,0,0.0,0
US-MtB,2018,245,True,,0.0,0,0.0,0,0.0,0
US-MtB,2019,245,True,,0.0,0,0.0,0,0.0,0
US-MtB,2020,245,True,,0.0,0,0.0,0,0.0,0
US-MtB,2021,245,True,,0.0,0,0.0,0,0.0,0
US-MtB,2022,245,True,,0.0,0,0.0,0,0.0,0
US-MtB,2023,245,True,,0.0,0,0.0,0,0.0,0
US-MtB,2024,245,True,,0.0,0,0.0,0,0.0,0
US-NC2,2005,245,True,,0.0,0,0.0,0,0.0,0
US-NC2,2006,245,True,,0.0,0,0.0,0,0.0,0
US-NC2,2007,245,True,,0.0,0,0.0,0,0.0,0
US-NC2,2008,245,True,,0.0,0,0.0,0,0.0,0
US-NC2,2009,245,True,,0.0,0,0.0,0,0.0,0
US-NC2,2010,245,True,,0.0,0,0.0,0,0.0,0
US-NC2,2011,245,True,,0.0,0,0.0,0,0.0,0
US-NC2,2012,245,True,,0.0,0,0.0,0,0.0,0
US-NC2,2013,245,True,,0.0,0,0.0,0,0.0,0
US-NC2,2014,245,True,,0.0,0,0.0,0,0.0,0
US-NC2,2015,245,True,,0.0,0,0.0,0,0.0,0
US-NC2,2016,245,True,,0.0,0,0.0,0,0.0,0
US-NC2,2017,245,True,,0.0,0,0.0,0,0.0,0
US-NC2,2018,245,True,,0.0,0,0.0,0,0.0,0
US-NC2,2019,245,True,,0.0,0,0.0,0,0.0,0
US-NC2,2020,245,True,,0.0,0,0.0,0,0.0,0
US-NC2,2021,245,True,,0.0,0,0.0,0,0.0,0
US-NC2,2022,245,True,,0.0,0,0.0,0,0.0,0
US-NC2,2023,245,True,,0.0,0,0.0,0,0.0,0
US-NC2,2024,245,True,,0.0,0,0.0,0,0.0,0
US-NC2,2025,245,True,,0.0,0,0.0,0,0.0,0
US-NGB,2012,245,True,,0.0,0,0.0,0,0.0,0
US-NGB,2013,245,True,,0.0,0,0.0,0,0.0,0
US-NGB,2014,245,True,,0.0,0,0.0,0,0.0,0
US-NGB,2015,245,True,,0.0,0,0.0,0,0.0,0
US-NGB,2016,245,True,,0.0,0,0.0,0,0.0,0
US-NGB,2017,245,True,,0.0,0,0.0,0,0.0,0
US-NGB,2018,245,True,,0.0,0,0.0,0,0.0,0
US-NGB,2019,245,True,,0.0,0,0.0,0,0.0,0
US-NGB,2020,245,True,,0.0,0,0.0,0,0.0,0
US-NGB,2021,245,True,,0.0,0,0.0,0,0.0,0
US-NGB,2022,245,True,,0.0,0,0.0,0,0.0,0
US-NGB,2023,245,True,,0.0,0,0.0,0,0.0,0
US-NR1,1998,245,False,GPP_NT_VUT_REF;NEE_VUT_REF;RECO_NT_VUT_REF,1.0,245,1.0,245,1.0,245
US-NR1,1999,245,False,GPP_NT_VUT_REF;NEE_VUT_REF;RECO_NT_VUT_REF,1.0,245,1.0,245,1.0,245
US-NR1,2000,245,False,GPP_NT_VUT_REF;NEE_VUT_REF;RECO_NT_VUT_REF,1.0,245,1.0,245,1.0,245
US-NR1,2001,245,False,GPP_NT_VUT_REF;NEE_VUT_REF;RECO_NT_VUT_REF,1.0,245,1.0,245,1.0,245
US-NR1,2002,245,False,GPP_NT_VUT_REF;NEE_VUT_REF;RECO_NT_VUT_REF,1.0,245,1.0,245,1.0,245
US-NR1,2003,245,False,GPP_NT_VUT_REF;NEE_VUT_REF;RECO_NT_VUT_REF,1.0,245,1.0,245,1.0,245
US-NR1,2004,245,False,GPP_NT_VUT_REF;NEE_VUT_REF;RECO_NT_VUT_REF,1.0,245,1.0,245,1.0,245
US-NR1,2005,245,False,GPP_NT_VUT_REF;NEE_VUT_REF;RECO_NT_VUT_REF,1.0,245,1.0,245,1.0,245
US-NR1,2006,245,False,GPP_NT_VUT_REF;NEE_VUT_REF;RECO_NT_VUT_REF,1.0,245,1.0,245,1.0,245
US-NR1,2007,245,False,GPP_NT_VUT_REF;NEE_VUT_REF;RECO_NT_VUT_REF,1.0,245,1.0,245,1.0,245
US-NR1,2008,245,False,GPP_NT_VUT_REF;NEE_VUT_REF;RECO_NT_VUT_REF,1.0,245,1.0,245,1.0,245
US-NR1,2009,245,False,GPP_NT_VUT_REF;NEE_VUT_REF;RECO_NT_VUT_REF,1.0,245,1.0,245,1.0,245
US-NR1,2010,245,False,GPP_NT_VUT_REF;NEE_VUT_REF;RECO_NT_VUT_REF,1.0,245,1.0,245,1.0,245
US-NR1,2011,245,False,GPP_NT_VUT_REF;NEE_VUT_REF;RECO_NT_VUT_REF,1.0,245,1.0,245,1.0,245
US-NR1,2012,245,False,GPP_NT_VUT_REF;NEE_VUT_REF;RECO_NT_VUT_REF,1.0,245,1.0,245,1.0,245
US-NR1,2013,245,False,GPP_NT_VUT_REF;NEE_VUT_REF;RECO_NT_VUT_REF,1.0,245,1.0,245,1.0,245
US-NR1,2014,245,False,GPP_NT_VUT_REF;NEE_VUT_REF;RECO_NT_VUT_REF,1.0,245,1.0,245,1.0,245
US-NR1,2015,245,False,GPP_NT_VUT_REF;NEE_VUT_REF;RECO_NT_VUT_REF,1.0,245,1.0,245,1.0,245
US-NR1,2016,245,False,GPP_NT_VUT_REF;NEE_VUT_REF;RECO_NT_VUT_REF,1.0,245,1.0,245,1.0,245
US-NR1,2017,245,False,GPP_NT_VUT_REF;NEE_VUT_REF;RECO_NT_VUT_REF,1.0,245,1.0,245,1.0,245
US-NR1,2018,245,False,GPP_NT_VUT_REF;NEE_VUT_REF;RECO_NT_VUT_REF,1.0,245,1.0,245,1.0,245
US-NR1,2019,245,False,GPP_NT_VUT_REF;NEE_VUT_REF;RECO_NT_VUT_REF,1.0,245,1.0,245,1.0,245
US-NR1,2020,245,False,GPP_NT_VUT_REF;NEE_VUT_REF;RECO_NT_VUT_REF,1.0,245,1.0,245,1.0,245
US-NR1,2021,245,False,GPP_NT_VUT_REF;NEE_VUT_REF;RECO_NT_VUT_REF,1.0,245,1.0,245,1.0,245
US-NR1,2022,245,False,GPP_NT_VUT_REF;NEE_VUT_REF;RECO_NT_VUT_REF,1.0,245,1.0,245,1.0,245
US-NR1,2023,245,False,GPP_NT_VUT_REF;NEE_VUT_REF;RECO_NT_VUT_REF,1.0,245,1.0,245,1.0,245
US-NR1,2024,245,False,GPP_NT_VUT_REF;NEE_VUT_REF;RECO_NT_VUT_REF,1.0,245,1.0,245,1.0,245
US-NR1,2025,245,False,GPP_NT_VUT_REF;NEE_VUT_REF;RECO_NT_VUT_REF,1.0,245,1.0,245,1.0,245
US-NR3,2007,245,False,GPP_NT_VUT_REF;NEE_VUT_REF;RECO_NT_VUT_REF,1.0,245,1.0,245,1.0,245
US-NR3,2008,245,False,GPP_NT_VUT_REF;NEE_VUT_REF;RECO_NT_VUT_REF,1.0,245,1.0,245,1.0,245
US-NR3,2009,245,False,GPP_NT_VUT_REF;NEE_VUT_REF;RECO_NT_VUT_REF,1.0,245,1.0,245,1.0,245
US-NR3,2010,245,False,GPP_NT_VUT_REF;NEE_VUT_REF;RECO_NT_VUT_REF,1.0,245,1.0,245,1.0,245
US-NR3,2011,245,False,GPP_NT_VUT_REF;NEE_VUT_REF;RECO_NT_VUT_REF,1.0,245,1.0,245,1.0,245
US-NR3,2012,245,False,GPP_NT_VUT_REF;NEE_VUT_REF;RECO_NT_VUT_REF,1.0,245,1.0,245,1.0,245
US-NR3,2013,245,False,GPP_NT_VUT_REF;NEE_VUT_REF;RECO_NT_VUT_REF,1.0,245,1.0,245,1.0,245
US-NR3,2014,245,False,GPP_NT_VUT_REF;NEE_VUT_REF;RECO_NT_VUT_REF,1.0,245,1.0,245,1.0,245
US-NR3,2015,245,False,GPP_NT_VUT_REF;NEE_VUT_REF;RECO_NT_VUT_REF,1.0,245,1.0,245,1.0,245
US-NR3,2016,245,False,GPP_NT_VUT_REF;NEE_VUT_REF;RECO_NT_VUT_REF,1.0,245,1.0,245,1.0,245
US-NR3,2017,245,False,GPP_NT_VUT_REF;NEE_VUT_REF;RECO_NT_VUT_REF,1.0,245,1.0,245,1.0,245
US-NR3,2018,245,False,GPP_NT_VUT_REF;NEE_VUT_REF;RECO_NT_VUT_REF,1.0,245,1.0,245,1.0,245
US-NR3,2019,245,False,GPP_NT_VUT_REF;NEE_VUT_REF;RECO_NT_VUT_REF,1.0,245,1.0,245,1.0,245
US-NR3,2020,245,False,GPP_NT_VUT_REF;NEE_VUT_REF;RECO_NT_VUT_REF,1.0,245,1.0,245,1.0,245
US-NR3,2021,245,False,GPP_NT_VUT_REF;NEE_VUT_REF;RECO_NT_VUT_REF,1.0,245,1.0,245,1.0,245
US-NR3,2022,245,False,GPP_NT_VUT_REF;NEE_VUT_REF;RECO_NT_VUT_REF,1.0,245,1.0,245,1.0,245
US-NR3,2023,245,False,GPP_NT_VUT_REF;NEE_VUT_REF;RECO_NT_VUT_REF,1.0,245,1.0,245,1.0,245
US-NR3,2024,245,False,GPP_NT_VUT_REF;NEE_VUT_REF;RECO_NT_VUT_REF,1.0,245,1.0,245,1.0,245
US-Oho,2004,245,True,,0.0,0,0.0,0,0.0,0
US-Oho,2005,245,True,,0.0,0,0.0,0,0.0,0
US-Oho,2006,245,True,,0.0,0,0.0,0,0.0,0
US-Oho,2007,245,True,,0.0,0,0.0,0,0.0,0
US-Oho,2008,245,True,,0.0,0,0.0,0,0.0,0
US-Oho,2009,245,True,,0.0,0,0.0,0,0.0,0
US-Oho,2010,245,True,,0.0,0,0.0,0,0.0,0
US-Oho,2011,245,True,,0.0,0,0.0,0,0.0,0
US-Oho,2012,245,True,,0.0,0,0.0,0,0.0,0
US-Oho,2013,245,True,,0.0,0,0.0,0,0.0,0
US-Prr,2010,245,True,,0.0,0,0.0,0,0.0,0
US-Prr,2011,245,True,,0.0,0,0.0,0,0.0,0
US-Prr,2012,245,True,,0.0,0,0.0,0,0.0,0
US-Prr,2013,245,True,,0.0,0,0.0,0,0.0,0
US-Prr,2014,245,True,,0.0,0,0.0,0,0.0,0
US-Prr,2015,245,True,,0.0,0,0.0,0,0.0,0
US-Prr,2016,245,True,,0.0,0,0.0,0,0.0,0
US-Prr,2017,245,True,,0.0,0,0.0,0,0.0,0
US-Prr,2018,245,True,,0.0,0,0.0,0,0.0,0
US-Prr,2019,245,True,,0.0,0,0.0,0,0.0,0
US-Prr,2020,245,True,,0.0,0,0.0,0,0.0,0
US-Prr,2021,245,True,,0.0,0,0.0,0,0.0,0
US-Prr,2022,245,True,,0.0,0,0.0,0,0.0,0
US-Rls,2014,245,True,,0.0,0,0.0,0,0.0,0
US-Rls,2015,245,True,,0.0,0,0.0,0,0.0,0
US-Rls,2016,245,True,,0.0,0,0.0,0,0.0,0
US-Rls,2017,245,True,,0.0,0,0.0,0,0.0,0
US-Rls,2018,245,True,,0.0,0,0.0,0,0.0,0
US-Rls,2019,245,True,,0.0,0,0.0,0,0.0,0
US-Rls,2020,245,True,,0.0,0,0.0,0,0.0,0
US-Rls,2021,245,True,,0.0,0,0.0,0,0.0,0
US-Rls,2022,245,True,,0.0,0,0.0,0,0.0,0
US-Rls,2023,245,True,,0.0,0,0.0,0,0.0,0
US-Rms,2014,245,True,,0.0,0,0.0,0,0.0,0
US-Rms,2015,245,True,,0.0,0,0.0,0,0.0,0
US-Rms,2016,245,True,,0.0,0,0.0,0,0.0,0
US-Rms,2017,245,True,,0.0,0,0.0,0,0.0,0
US-Rms,2018,245,True,,0.0,0,0.0,0,0.0,0
US-Rms,2019,245,True,,0.0,0,0.0,0,0.0,0
US-Rms,2020,245,True,,0.0,0,0.0,0,0.0,0
US-Rms,2021,245,True,,0.0,0,0.0,0,0.0,0
US-Rms,2022,245,True,,0.0,0,0.0,0,0.0,0
US-Rms,2023,245,True,,0.0,0,0.0,0,0.0,0
US-Ro4,2014,245,True,,0.0,0,0.0,0,0.0,0
US-Ro4,2015,245,True,,0.0,0,0.0,0,0.0,0
US-Ro4,2016,245,True,,0.0,0,0.0,0,0.0,0
US-Ro4,2017,245,True,,0.0,0,0.0,0,0.0,0
US-Ro4,2018,245,True,,0.0,0,0.0,0,0.0,0
US-Ro4,2019,245,True,,0.0,0,0.0,0,0.0,0
US-Ro4,2020,245,True,,0.0,0,0.0,0,0.0,0
US-Ro4,2021,245,True,,0.0,0,0.0,0,0.0,0
US-Ro4,2022,245,True,,0.0,0,0.0,0,0.0,0
US-Ro4,2023,245,True,,0.0,0,0.0,0,0.0,0
US-Ro4,2024,245,True,,0.0,0,0.0,0,0.0,0
US-Ro4,2025,245,True,,0.0,0,0.0,0,0.0,0
US-Rpf,2008,245,True,,0.0,0,0.0,0,0.0,0
US-Rpf,2009,245,True,,0.0,0,0.0,0,0.0,0
US-Rpf,2010,245,True,,0.0,0,0.0,0,0.0,0
US-Rpf,2011,245,True,,0.0,0,0.0,0,0.0,0
US-Rpf,2012,245,True,,0.0,0,0.0,0,0.0,0
US-Rpf,2013,245,True,,0.0,0,0.0,0,0.0,0
US-Rpf,2014,245,True,,0.0,0,0.0,0,0.0,0
US-Rpf,2015,245,True,,0.0,0,0.0,0,0.0,0
US-Rpf,2016,245,True,,0.0,0,0.0,0,0.0,0
US-Rpf,2017,245,True,,0.0,0,0.0,0,0.0,0
US-Rpf,2018,245,True,,0.0,0,0.0,0,0.0,0
US-Rpf,2019,245,True,,0.0,0,0.0,0,0.0,0
US-Rpf,2020,245,True,,0.0,0,0.0,0,0.0,0
US-Rpf,2021,245,True,,0.0,0,0.0,0,0.0,0
US-Rpf,2022,245,True,,0.0,0,0.0,0,0.0,0
US-Rpf,2023,245,True,,0.0,0,0.0,0,0.0,0
US-Rpf,2024,245,True,,0.0,0,0.0,0,0.0,0
US-Rwf,2014,245,True,,0.0,0,0.0,0,0.0,0
US-Rwf,2015,245,True,,0.0,0,0.0,0,0.0,0
US-Rwf,2016,245,True,,0.0,0,0.0,0,0.0,0
US-Rwf,2017,245,True,,0.0,0,0.0,0,0.0,0
US-Rwf,2018,245,True,,0.0,0,0.0,0,0.0,0
US-Rwf,2019,245,True,,0.0,0,0.0,0,0.0,0
US-Rwf,2020,245,True,,0.0,0,0.0,0,0.0,0
US-Rwf,2021,245,True,,0.0,0,0.0,0,0.0,0
US-Rwf,2022,245,True,,0.0,0,0.0,0,0.0,0
US-Rwf,2023,245,True,,0.0,0,0.0,0,0.0,0
US-Rws,2014,245,True,,0.0,0,0.0,0,0.0,0
US-Rws,2015,245,True,,0.0,0,0.0,0,0.0,0
US-Rws,2016,245,True,,0.0,0,0.0,0,0.0,0
US-Rws,2017,245,True,,0.0,0,0.0,0,0.0,0
US-Rws,2018,245,True,,0.0,0,0.0,0,0.0,0
US-Rws,2019,245,True,,0.0,0,0.0,0,0.0,0
US-Rws,2020,245,True,,0.0,0,0.0,0,0.0,0
US-Rws,2021,245,True,,0.0,0,0.0,0,0.0,0
US-Rws,2022,245,True,,0.0,0,0.0,0,0.0,0
US-Rws,2023,245,True,,0.0,0,0.0,0,0.0,0
US-SRG,2008,245,True,,0.0,0,0.0,0,0.0,0
US-SRG,2009,245,True,,0.0,0,0.0,0,0.0,0
US-SRG,2010,245,True,,0.0,0,0.0,0,0.0,0
US-SRG,2011,245,True,,0.0,0,0.0,0,0.0,0
US-SRG,2012,245,True,,0.0,0,0.0,0,0.0,0
US-SRG,2013,245,True,,0.0,0,0.0,0,0.0,0
US-SRG,2014,245,True,,0.0,0,0.0,0,0.0,0
US-SRG,2015,245,True,,0.0,0,0.0,0,0.0,0
US-SRG,2016,245,True,,0.0,0,0.0,0,0.0,0
US-SRG,2017,245,True,,0.0,0,0.0,0,0.0,0
US-SRG,2018,245,True,,0.0,0,0.0,0,0.0,0
US-SRG,2019,245,True,,0.0,0,0.0,0,0.0,0
US-SRG,2020,245,True,,0.0,0,0.0,0,0.0,0
US-SRG,2021,245,True,,0.0,0,0.0,0,0.0,0
US-SRG,2022,245,True,,0.0,0,0.0,0,0.0,0
US-SRG,2023,245,True,,0.0,0,0.0,0,0.0,0
US-SRG,2024,245,True,,0.0,0,0.0,0,0.0,0
US-SRG,2025,245,True,,0.0,0,0.0,0,0.0,0
US-SRM,2004,245,True,,0.0,0,0.0,0,0.0,0
US-SRM,2005,245,True,,0.0,0,0.0,0,0.0,0
US-SRM,2006,245,True,,0.0,0,0.0,0,0.0,0
US-SRM,2007,245,True,,0.0,0,0.0,0,0.0,0
US-SRM,2008,245,True,,0.0,0,0.0,0,0.0,0
US-SRM,2009,245,True,,0.0,0,0.0,0,0.0,0
US-SRM,2010,245,True,,0.0,0,0.0,0,0.0,0
US-SRM,2011,245,True,,0.0,0,0.0,0,0.0,0
US-SRM,2012,245,True,,0.0,0,0.0,0,0.0,0
US-SRM,2013,245,True,,0.0,0,0.0,0,0.0,0
US-SRM,2014,245,True,,0.0,0,0.0,0,0.0,0
US-SRM,2015,245,True,,0.0,0,0.0,0,0.0,0
US-SRM,2016,245,True,,0.0,0,0.0,0,0.0,0
US-SRM,2017,245,True,,0.0,0,0.0,0,0.0,0
US-SRM,2018,245,True,,0.0,0,0.0,0,0.0,0
US-SRM,2019,245,True,,0.0,0,0.0,0,0.0,0
US-SRM,2020,245,True,,0.0,0,0.0,0,0.0,0
US-SRM,2021,245,True,,0.0,0,0.0,0,0.0,0
US-SRM,2022,245,True,,0.0,0,0.0,0,0.0,0
US-SRM,2023,245,True,,0.0,0,0.0,0,0.0,0
US-SRM,2024,245,True,,0.0,0,0.0,0,0.0,0
US-SRM,2025,245,True,,0.0,0,0.0,0,0.0,0
US-Seg,2007,245,True,,0.0,0,0.0,0,0.0,0
US-Seg,2008,245,True,,0.0,0,0.0,0,0.0,0
US-Seg,2009,245,True,,0.0,0,0.0,0,0.0,0
US-Seg,2010,245,True,,0.0,0,0.0,0,0.0,0
US-Seg,2011,245,True,,0.0,0,0.0,0,0.0,0
US-Seg,2012,245,True,,0.0,0,0.0,0,0.0,0
US-Seg,2013,245,True,,0.0,0,0.0,0,0.0,0
US-Seg,2014,245,True,,0.0,0,0.0,0,0.0,0
US-Seg,2015,245,True,,0.0,0,0.0,0,0.0,0
US-Seg,2016,245,True,,0.0,0,0.0,0,0.0,0
US-Seg,2017,245,True,,0.0,0,0.0,0,0.0,0
US-Seg,2018,245,True,,0.0,0,0.0,0,0.0,0
US-Seg,2019,245,True,,0.0,0,0.0,0,0.0,0
US-Seg,2020,245,True,,0.0,0,0.0,0,0.0,0
US-Seg,2021,245,True,,0.0,0,0.0,0,0.0,0
US-Seg,2022,245,True,,0.0,0,0.0,0,0.0,0
US-Seg,2023,245,True,,0.0,0,0.0,0,0.0,0
US-Seg,2024,245,True,,0.0,0,0.0,0,0.0,0
US-Seg,2025,245,True,,0.0,0,0.0,0,0.0,0
US-Ses,2007,245,True,,0.0,0,0.0,0,0.0,0
US-Ses,2008,245,True,,0.0,0,0.0,0,0.0,0
US-Ses,2009,245,True,,0.0,0,0.0,0,0.0,0
US-Ses,2010,245,True,,0.0,0,0.0,0,0.0,0
US-Ses,2011,245,True,,0.0,0,0.0,0,0.0,0
US-Ses,2012,245,True,,0.0,0,0.0,0,0.0,0
US-Ses,2013,245,True,,0.0,0,0.0,0,0.0,0
US-Ses,2014,245,True,,0.0,0,0.0,0,0.0,0
US-Ses,2015,245,True,,0.0,0,0.0,0,0.0,0
US-Ses,2016,245,True,,0.0,0,0.0,0,0.0,0
US-Ses,2017,245,True,,0.0,0,0.0,0,0.0,0
US-Ses,2018,245,True,,0.0,0,0.0,0,0.0,0
US-Ses,2019,245,True,,0.0,0,0.0,0,0.0,0
US-Ses,2020,245,True,,0.0,0,0.0,0,0.0,0
US-Ses,2021,245,True,,0.0,0,0.0,0,0.0,0
US-Ses,2022,245,True,,0.0,0,0.0,0,0.0,0
US-Ses,2023,245,True,,0.0,0,0.0,0,0.0,0
US-Ses,2024,245,True,,0.0,0,0.0,0,0.0,0
US-Ses,2025,245,True,,0.0,0,0.0,0,0.0,0
US-Slt,2005,245,True,,0.0,0,0.0,0,0.0,0
US-Slt,2006,245,True,,0.0,0,0.0,0,0.0,0
US-Slt,2007,245,True,,0.0,0,0.0,0,0.0,0
US-Slt,2008,245,True,,0.0,0,0.0,0,0.0,0
US-Slt,2009,245,True,,0.0,0,0.0,0,0.0,0
US-Slt,2010,245,True,,0.0,0,0.0,0,0.0,0
US-Slt,2011,245,True,,0.0,0,0.0,0,0.0,0
US-Slt,2012,245,True,,0.0,0,0.0,0,0.0,0
US-Slt,2013,245,True,,0.0,0,0.0,0,0.0,0
US-Slt,2014,245,True,,0.0,0,0.0,0,0.0,0
US-Slt,2015,245,True,,0.0,0,0.0,0,0.0,0
US-Slt,2016,245,True,,0.0,0,0.0,0,0.0,0
US-Slt,2017,245,True,,0.0,0,0.0,0,0.0,0
US-Slt,2018,245,True,,0.0,0,0.0,0,0.0,0
US-Slt,2019,245,True,,0.0,0,0.0,0,0.0,0
US-Slt,2020,245,True,,0.0,0,0.0,0,0.0,0
US-Slt,2021,245,True,,0.0,0,0.0,0,0.0,0
US-Slt,2022,245,True,,0.0,0,0.0,0,0.0,0
US-Syv,2001,245,False,GPP_NT_VUT_REF;NEE_VUT_REF;RECO_NT_VUT_REF,1.0,245,1.0,245,1.0,245
US-Syv,2002,245,False,GPP_NT_VUT_REF;NEE_VUT_REF;RECO_NT_VUT_REF,1.0,245,1.0,245,1.0,245
US-Syv,2003,245,False,GPP_NT_VUT_REF;NEE_VUT_REF;RECO_NT_VUT_REF,1.0,245,1.0,245,1.0,245
US-Syv,2004,245,False,GPP_NT_VUT_REF;NEE_VUT_REF;RECO_NT_VUT_REF,1.0,245,1.0,245,1.0,245
US-Syv,2005,245,False,GPP_NT_VUT_REF;NEE_VUT_REF;RECO_NT_VUT_REF,1.0,245,1.0,245,1.0,245
US-Syv,2006,245,False,GPP_NT_VUT_REF;NEE_VUT_REF;RECO_NT_VUT_REF,1.0,245,1.0,245,1.0,245
US-Syv,2007,245,False,GPP_NT_VUT_REF;NEE_VUT_REF;RECO_NT_VUT_REF,1.0,245,1.0,245,1.0,245
US-Syv,2008,245,False,GPP_NT_VUT_REF;NEE_VUT_REF;RECO_NT_VUT_REF,1.0,245,1.0,245,1.0,245
US-Syv,2009,245,False,GPP_NT_VUT_REF;NEE_VUT_REF;RECO_NT_VUT_REF,1.0,245,1.0,245,1.0,245
US-Syv,2010,245,False,GPP_NT_VUT_REF;NEE_VUT_REF;RECO_NT_VUT_REF,1.0,245,1.0,245,1.0,245
US-Syv,2011,245,False,GPP_NT_VUT_REF;NEE_VUT_REF;RECO_NT_VUT_REF,1.0,245,1.0,245,1.0,245
US-Syv,2012,245,False,GPP_NT_VUT_REF;NEE_VUT_REF;RECO_NT_VUT_REF,1.0,245,1.0,245,1.0,245
US-Syv,2013,245,False,GPP_NT_VUT_REF;NEE_VUT_REF;RECO_NT_VUT_REF,1.0,245,1.0,245,1.0,245
US-Syv,2014,245,False,GPP_NT_VUT_REF;NEE_VUT_REF;RECO_NT_VUT_REF,1.0,245,1.0,245,1.0,245
US-Syv,2015,245,False,GPP_NT_VUT_REF;NEE_VUT_REF;RECO_NT_VUT_REF,1.0,245,1.0,245,1.0,245
US-Syv,2016,245,False,GPP_NT_VUT_REF;NEE_VUT_REF;RECO_NT_VUT_REF,1.0,245,1.0,245,1.0,245
US-Syv,2017,245,False,GPP_NT_VUT_REF;NEE_VUT_REF;RECO_NT_VUT_REF,1.0,245,1.0,245,1.0,245
US-Syv,2018,245,False,GPP_NT_VUT_REF;NEE_VUT_REF;RECO_NT_VUT_REF,1.0,245,1.0,245,1.0,245
US-Syv,2019,245,False,GPP_NT_VUT_REF;NEE_VUT_REF;RECO_NT_VUT_REF,1.0,245,1.0,245,1.0,245
US-Syv,2020,245,False,GPP_NT_VUT_REF;NEE_VUT_REF;RECO_NT_VUT_REF,1.0,245,1.0,245,1.0,245
US-Syv,2021,245,False,GPP_NT_VUT_REF;NEE_VUT_REF;RECO_NT_VUT_REF,1.0,245,1.0,245,1.0,245
US-Syv,2022,245,False,GPP_NT_VUT_REF;NEE_VUT_REF;RECO_NT_VUT_REF,1.0,245,1.0,245,1.0,245
US-Syv,2023,245,False,GPP_NT_VUT_REF;NEE_VUT_REF;RECO_NT_VUT_REF,1.0,245,1.0,245,1.0,245
US-Syv,2024,245,False,GPP_NT_VUT_REF;NEE_VUT_REF;RECO_NT_VUT_REF,1.0,245,1.0,245,1.0,245
US-Syv,2025,245,False,GPP_NT_VUT_REF;NEE_VUT_REF;RECO_NT_VUT_REF,1.0,245,1.0,245,1.0,245
US-Ton,2001,245,True,,0.0,0,0.0,0,0.0,0
US-Ton,2002,245,True,,0.0,0,0.0,0,0.0,0
US-Ton,2003,245,True,,0.0,0,0.0,0,0.0,0
US-Ton,2004,245,True,,0.0,0,0.0,0,0.0,0
US-Ton,2005,245,True,,0.0,0,0.0,0,0.0,0
US-Ton,2006,245,True,,0.0,0,0.0,0,0.0,0
US-Ton,2007,245,True,,0.0,0,0.0,0,0.0,0
US-Ton,2008,245,True,,0.0,0,0.0,0,0.0,0
US-Ton,2009,245,True,,0.0,0,0.0,0,0.0,0
US-Ton,2010,245,True,,0.0,0,0.0,0,0.0,0
US-Ton,2011,245,True,,0.0,0,0.0,0,0.0,0
US-Ton,2012,245,True,,0.0,0,0.0,0,0.0,0
US-Ton,2013,245,True,,0.0,0,0.0,0,0.0,0
US-Ton,2014,245,True,,0.0,0,0.0,0,0.0,0
US-Ton,2015,245,True,,0.0,0,0.0,0,0.0,0
US-Ton,2016,245,True,,0.0,0,0.0,0,0.0,0
US-Ton,2017,245,True,,0.0,0,0.0,0,0.0,0
US-Ton,2018,245,True,,0.0,0,0.0,0,0.0,0
US-Ton,2019,245,True,,0.0,0,0.0,0,0.0,0
US-Ton,2020,245,True,,0.0,0,0.0,0,0.0,0
US-Ton,2021,245,True,,0.0,0,0.0,0,0.0,0
US-Ton,2022,245,True,,0.0,0,0.0,0,0.0,0
US-Ton,2023,245,True,,0.0,0,0.0,0,0.0,0
US-Ton,2024,245,True,,0.0,0,0.0,0,0.0,0
US-Ton,2025,245,True,,0.0,0,0.0,0,0.0,0
US-UMd,2007,245,True,,0.0,0,0.0,0,0.0,0
US-UMd,2008,245,True,,0.0,0,0.0,0,0.0,0
US-UMd,2009,245,True,,0.0,0,0.0,0,0.0,0
US-UMd,2010,245,True,,0.0,0,0.0,0,0.0,0
US-UMd,2011,245,True,,0.0,0,0.0,0,0.0,0
US-UMd,2012,245,True,,0.0,0,0.0,0,0.0,0
US-UMd,2013,245,True,,0.0,0,0.0,0,0.0,0
US-UMd,2014,245,True,,0.0,0,0.0,0,0.0,0
US-UMd,2015,245,True,,0.0,0,0.0,0,0.0,0
US-UMd,2016,245,True,,0.0,0,0.0,0,0.0,0
US-UMd,2017,245,True,,0.0,0,0.0,0,0.0,0
US-UMd,2018,245,True,,0.0,0,0.0,0,0.0,0
US-UMd,2019,245,True,,0.0,0,0.0,0,0.0,0
US-UMd,2020,245,True,,0.0,0,0.0,0,0.0,0
US-UMd,2021,245,True,,0.0,0,0.0,0,0.0,0
US-UMd,2022,245,True,,0.0,0,0.0,0,0.0,0
US-UMd,2023,245,True,,0.0,0,0.0,0,0.0,0
US-UMd,2024,245,True,,0.0,0,0.0,0,0.0,0
US-UMd,2025,245,True,,0.0,0,0.0,0,0.0,0
US-Uaf,2003,245,False,GPP_NT_VUT_REF;NEE_VUT_REF;RECO_NT_VUT_REF,1.0,245,1.0,245,1.0,245
US-Uaf,2004,245,False,GPP_NT_VUT_REF;NEE_VUT_REF;RECO_NT_VUT_REF,1.0,245,1.0,245,1.0,245
US-Uaf,2005,245,False,GPP_NT_VUT_REF;NEE_VUT_REF;RECO_NT_VUT_REF,1.0,245,1.0,245,1.0,245
US-Uaf,2006,245,False,GPP_NT_VUT_REF;NEE_VUT_REF;RECO_NT_VUT_REF,1.0,245,1.0,245,1.0,245
US-Uaf,2007,245,False,GPP_NT_VUT_REF;NEE_VUT_REF;RECO_NT_VUT_REF,1.0,245,1.0,245,1.0,245
US-Uaf,2008,245,False,GPP_NT_VUT_REF;NEE_VUT_REF;RECO_NT_VUT_REF,1.0,245,1.0,245,1.0,245
US-Uaf,2009,245,False,GPP_NT_VUT_REF;NEE_VUT_REF;RECO_NT_VUT_REF,1.0,245,1.0,245,1.0,245
US-Uaf,2010,245,False,GPP_NT_VUT_REF;NEE_VUT_REF;RECO_NT_VUT_REF,1.0,245,1.0,245,1.0,245
US-Uaf,2011,245,False,GPP_NT_VUT_REF;NEE_VUT_REF;RECO_NT_VUT_REF,1.0,245,1.0,245,1.0,245
US-Uaf,2012,245,False,GPP_NT_VUT_REF;NEE_VUT_REF;RECO_NT_VUT_REF,1.0,245,1.0,245,1.0,245
US-Uaf,2013,245,False,GPP_NT_VUT_REF;NEE_VUT_REF;RECO_NT_VUT_REF,1.0,245,1.0,245,1.0,245
US-Uaf,2014,245,False,GPP_NT_VUT_REF;NEE_VUT_REF;RECO_NT_VUT_REF,1.0,245,1.0,245,1.0,245
US-Uaf,2015,245,False,GPP_NT_VUT_REF;NEE_VUT_REF;RECO_NT_VUT_REF,1.0,245,1.0,245,1.0,245
US-Uaf,2016,245,False,GPP_NT_VUT_REF;NEE_VUT_REF;RECO_NT_VUT_REF,1.0,245,1.0,245,1.0,245
US-Uaf,2017,245,False,GPP_NT_VUT_REF;NEE_VUT_REF;RECO_NT_VUT_REF,1.0,245,1.0,245,1.0,245
US-Uaf,2018,245,False,GPP_NT_VUT_REF;NEE_VUT_REF;RECO_NT_VUT_REF,1.0,245,1.0,245,1.0,245
US-Uaf,2019,245,False,GPP_NT_VUT_REF;NEE_VUT_REF;RECO_NT_VUT_REF,1.0,245,1.0,245,1.0,245
US-Uaf,2020,245,False,GPP_NT_VUT_REF;NEE_VUT_REF;RECO_NT_VUT_REF,1.0,245,1.0,245,1.0,245
US-Uaf,2021,245,False,GPP_NT_VUT_REF;NEE_VUT_REF;RECO_NT_VUT_REF,1.0,245,1.0,245,1.0,245
US-Uaf,2022,245,False,GPP_NT_VUT_REF;NEE_VUT_REF;RECO_NT_VUT_REF,1.0,245,1.0,245,1.0,245
US-Uaf,2023,245,False,GPP_NT_VUT_REF;NEE_VUT_REF;RECO_NT_VUT_REF,1.0,245,1.0,245,1.0,245
US-Uaf,2024,245,False,GPP_NT_VUT_REF;NEE_VUT_REF;RECO_NT_VUT_REF,1.0,245,1.0,245,1.0,245
US-Uaf,2025,245,False,GPP_NT_VUT_REF;NEE_VUT_REF;RECO_NT_VUT_REF,1.0,245,1.0,245,1.0,245
US-UiD,2008,245,False,GPP_NT_VUT_REF;NEE_VUT_REF;RECO_NT_VUT_REF,1.0,245,1.0,245,1.0,245
US-UiD,2009,245,False,GPP_NT_VUT_REF;NEE_VUT_REF;RECO_NT_VUT_REF,1.0,245,1.0,245,1.0,245
US-UiD,2010,245,False,GPP_NT_VUT_REF;NEE_VUT_REF;RECO_NT_VUT_REF,1.0,245,1.0,245,1.0,245
US-UiD,2011,245,False,GPP_NT_VUT_REF;NEE_VUT_REF;RECO_NT_VUT_REF,1.0,245,1.0,245,1.0,245
US-UiD,2012,245,False,GPP_NT_VUT_REF;NEE_VUT_REF;RECO_NT_VUT_REF,1.0,245,1.0,245,1.0,245
US-UiD,2013,245,False,GPP_NT_VUT_REF;NEE_VUT_REF;RECO_NT_VUT_REF,1.0,245,1.0,245,1.0,245
US-UiD,2014,245,False,GPP_NT_VUT_REF;NEE_VUT_REF;RECO_NT_VUT_REF,1.0,245,1.0,245,1.0,245
US-UiD,2015,245,False,GPP_NT_VUT_REF;NEE_VUT_REF;RECO_NT_VUT_REF,1.0,245,1.0,245,1.0,245
US-UiD,2016,245,False,GPP_NT_VUT_REF;NEE_VUT_REF;RECO_NT_VUT_REF,1.0,245,1.0,245,1.0,245
US-UiD,2017,245,False,GPP_NT_VUT_REF;NEE_VUT_REF;RECO_NT_VUT_REF,1.0,245,1.0,245,1.0,245
US-UiD,2018,245,False,GPP_NT_VUT_REF;NEE_VUT_REF;RECO_NT_VUT_REF,1.0,245,1.0,245,1.0,245
US-UiD,2019,245,False,GPP_NT_VUT_REF;NEE_VUT_REF;RECO_NT_VUT_REF,1.0,245,1.0,245,1.0,245
US-UiD,2020,245,False,GPP_NT_VUT_REF;NEE_VUT_REF;RECO_NT_VUT_REF,1.0,245,1.0,245,1.0,245
US-UiD,2021,245,False,GPP_NT_VUT_REF;NEE_VUT_REF;RECO_NT_VUT_REF,1.0,245,1.0,245,1.0,245
US-UiD,2022,245,False,GPP_NT_VUT_REF;NEE_VUT_REF;RECO_NT_VUT_REF,1.0,245,1.0,245,1.0,245
US-UiD,2023,245,False,GPP_NT_VUT_REF;NEE_VUT_REF;RECO_NT_VUT_REF,1.0,245,1.0,245,1.0,245
US-UiD,2024,245,False,GPP_NT_VUT_REF;NEE_VUT_REF;RECO_NT_VUT_REF,1.0,245,1.0,245,1.0,245
US-Var,2000,245,True,,0.0,0,0.0,0,0.0,0
US-Var,2001,245,True,,0.0,0,0.0,0,0.0,0
US-Var,2002,245,True,,0.0,0,0.0,0,0.0,0
US-Var,2003,245,True,,0.0,0,0.0,0,0.0,0
US-Var,2004,245,True,,0.0,0,0.0,0,0.0,0
US-Var,2005,245,True,,0.0,0,0.0,0,0.0,0
US-Var,2006,245,True,,0.0,0,0.0,0,0.0,0
US-Var,2007,245,True,,0.0,0,0.0,0,0.0,0
US-Var,2008,245,True,,0.0,0,0.0,0,0.0,0
US-Var,2009,245,True,,0.0,0,0.0,0,0.0,0
US-Var,2010,245,True,,0.0,0,0.0,0,0.0,0
US-Var,2011,245,True,,0.0,0,0.0,0,0.0,0
US-Var,2012,245,True,,0.0,0,0.0,0,0.0,0
US-Var,2013,245,True,,0.0,0,0.0,0,0.0,0
US-Var,2014,245,True,,0.0,0,0.0,0,0.0,0
US-Var,2015,245,True,,0.0,0,0.0,0,0.0,0
US-Var,2016,245,True,,0.0,0,0.0,0,0.0,0
US-Var,2017,245,True,,0.0,0,0.0,0,0.0,0
US-Var,2018,245,True,,0.0,0,0.0,0,0.0,0
US-Var,2019,245,True,,0.0,0,0.0,0,0.0,0
US-Var,2020,245,True,,0.0,0,0.0,0,0.0,0
US-Var,2021,245,True,,0.0,0,0.0,0,0.0,0
US-Var,2022,245,True,,0.0,0,0.0,0,0.0,0
US-Var,2023,245,True,,0.0,0,0.0,0,0.0,0
US-Var,2024,245,True,,0.0,0,0.0,0,0.0,0
US-Var,2025,245,True,,0.0,0,0.0,0,0.0,0
US-Vcm,2007,245,True,,0.0,0,0.0,0,0.0,0
US-Vcm,2008,245,True,,0.0,0,0.0,0,0.0,0
US-Vcm,2009,245,True,,0.0,0,0.0,0,0.0,0
US-Vcm,2010,245,True,,0.0,0,0.0,0,0.0,0
US-Vcm,2011,245,True,,0.0,0,0.0,0,0.0,0
US-Vcm,2012,245,True,,0.0,0,0.0,0,0.0,0
US-Vcm,2013,245,True,,0.0,0,0.0,0,0.0,0
US-Vcm,2014,245,True,,0.0,0,0.0,0,0.0,0
US-Vcm,2015,245,True,,0.0,0,0.0,0,0.0,0
US-Vcm,2016,245,True,,0.0,0,0.0,0,0.0,0
US-Vcm,2017,245,True,,0.0,0,0.0,0,0.0,0
US-Vcm,2018,245,True,,0.0,0,0.0,0,0.0,0
US-Vcm,2019,245,True,,0.0,0,0.0,0,0.0,0
US-Vcm,2020,245,True,,0.0,0,0.0,0,0.0,0
US-Vcm,2021,245,True,,0.0,0,0.0,0,0.0,0
US-Vcm,2022,245,True,,0.0,0,0.0,0,0.0,0
US-Vcm,2023,245,True,,0.0,0,0.0,0,0.0,0
US-Vcm,2024,245,True,,0.0,0,0.0,0,0.0,0
US-Vcm,2025,245,True,,0.0,0,0.0,0,0.0,0
US-Vcp,2007,245,True,,0.0,0,0.0,0,0.0,0
US-Vcp,2008,245,True,,0.0,0,0.0,0,0.0,0
US-Vcp,2009,245,True,,0.0,0,0.0,0,0.0,0
US-Vcp,2010,245,True,,0.0,0,0.0,0,0.0,0
US-Vcp,2011,245,True,,0.0,0,0.0,0,0.0,0
US-Vcp,2012,245,True,,0.0,0,0.0,0,0.0,0
US-Vcp,2013,245,True,,0.0,0,0.0,0,0.0,0
US-Vcp,2014,245,True,,0.0,0,0.0,0,0.0,0
US-Vcp,2015,245,True,,0.0,0,0.0,0,0.0,0
US-Vcp,2016,245,True,,0.0,0,0.0,0,0.0,0
US-Vcp,2017,245,True,,0.0,0,0.0,0,0.0,0
US-Vcp,2018,245,True,,0.0,0,0.0,0,0.0,0
US-Vcp,2019,245,True,,0.0,0,0.0,0,0.0,0
US-Vcp,2020,245,True,,0.0,0,0.0,0,0.0,0
US-Vcp,2021,245,True,,0.0,0,0.0,0,0.0,0
US-Vcp,2022,245,True,,0.0,0,0.0,0,0.0,0
US-Vcp,2023,245,True,,0.0,0,0.0,0,0.0,0
US-Vcp,2024,245,True,,0.0,0,0.0,0,0.0,0
US-Vcp,2025,245,True,,0.0,0,0.0,0,0.0,0
US-WCr,1999,245,False,GPP_NT_VUT_REF;NEE_VUT_REF;RECO_NT_VUT_REF,1.0,245,1.0,245,1.0,245
US-WCr,2000,245,False,GPP_NT_VUT_REF;NEE_VUT_REF;RECO_NT_VUT_REF,1.0,245,1.0,245,1.0,245
US-WCr,2001,245,False,GPP_NT_VUT_REF;NEE_VUT_REF;RECO_NT_VUT_REF,1.0,245,1.0,245,1.0,245
US-WCr,2002,245,False,GPP_NT_VUT_REF;NEE_VUT_REF;RECO_NT_VUT_REF,1.0,245,1.0,245,1.0,245
US-WCr,2003,245,False,GPP_NT_VUT_REF;NEE_VUT_REF;RECO_NT_VUT_REF,1.0,245,1.0,245,1.0,245
US-WCr,2004,245,False,GPP_NT_VUT_REF;NEE_VUT_REF;RECO_NT_VUT_REF,1.0,245,1.0,245,1.0,245
US-WCr,2005,245,False,GPP_NT_VUT_REF;NEE_VUT_REF;RECO_NT_VUT_REF,1.0,245,1.0,245,1.0,245
US-WCr,2006,245,False,GPP_NT_VUT_REF;NEE_VUT_REF;RECO_NT_VUT_REF,1.0,245,1.0,245,1.0,245
US-WCr,2007,245,False,GPP_NT_VUT_REF;NEE_VUT_REF;RECO_NT_VUT_REF,1.0,245,1.0,245,1.0,245
US-WCr,2008,245,False,GPP_NT_VUT_REF;NEE_VUT_REF;RECO_NT_VUT_REF,1.0,245,1.0,245,1.0,245
US-WCr,2009,245,False,GPP_NT_VUT_REF;NEE_VUT_REF;RECO_NT_VUT_REF,1.0,245,1.0,245,1.0,245
US-WCr,2010,245,False,GPP_NT_VUT_REF;NEE_VUT_REF;RECO_NT_VUT_REF,1.0,245,1.0,245,1.0,245
US-WCr,2011,245,False,GPP_NT_VUT_REF;NEE_VUT_REF;RECO_NT_VUT_REF,1.0,245,1.0,245,1.0,245
US-WCr,2012,245,False,GPP_NT_VUT_REF;NEE_VUT_REF;RECO_NT_VUT_REF,1.0,245,1.0,245,1.0,245
US-WCr,2013,245,False,GPP_NT_VUT_REF;NEE_VUT_REF;RECO_NT_VUT_REF,1.0,245,1.0,245,1.0,245
US-WCr,2014,245,False,GPP_NT_VUT_REF;NEE_VUT_REF;RECO_NT_VUT_REF,1.0,245,1.0,245,1.0,245
US-WCr,2015,245,False,GPP_NT_VUT_REF;NEE_VUT_REF;RECO_NT_VUT_REF,1.0,245,1.0,245,1.0,245
US-WCr,2016,245,False,GPP_NT_VUT_REF;NEE_VUT_REF;RECO_NT_VUT_REF,1.0,245,1.0,245,1.0,245
US-WCr,2017,245,False,GPP_NT_VUT_REF;NEE_VUT_REF;RECO_NT_VUT_REF,1.0,245,1.0,245,1.0,245
US-WCr,2018,245,False,GPP_NT_VUT_REF;NEE_VUT_REF;RECO_NT_VUT_REF,1.0,245,1.0,245,1.0,245
US-WCr,2019,245,False,GPP_NT_VUT_REF;NEE_VUT_REF;RECO_NT_VUT_REF,1.0,245,1.0,245,1.0,245
US-WCr,2020,245,False,GPP_NT_VUT_REF;NEE_VUT_REF;RECO_NT_VUT_REF,1.0,245,1.0,245,1.0,245
US-WCr,2021,245,False,GPP_NT_VUT_REF;NEE_VUT_REF;RECO_NT_VUT_REF,1.0,245,1.0,245,1.0,245
US-WCr,2022,245,False,GPP_NT_VUT_REF;NEE_VUT_REF;RECO_NT_VUT_REF,1.0,245,1.0,245,1.0,245
US-WCr,2023,245,False,GPP_NT_VUT_REF;NEE_VUT_REF;RECO_NT_VUT_REF,1.0,245,1.0,245,1.0,245
US-WCr,2024,245,False,GPP_NT_VUT_REF;NEE_VUT_REF;RECO_NT_VUT_REF,1.0,245,1.0,245,1.0,245
US-WCr,2025,245,False,GPP_NT_VUT_REF;NEE_VUT_REF;RECO_NT_VUT_REF,1.0,245,1.0,245,1.0,245
US-Whs,2007,245,False,GPP_NT_VUT_REF;NEE_VUT_REF;RECO_NT_VUT_REF,1.0,245,1.0,245,1.0,245
US-Whs,2008,245,False,GPP_NT_VUT_REF;NEE_VUT_REF;RECO_NT_VUT_REF,1.0,245,1.0,245,1.0,245
US-Whs,2009,245,False,GPP_NT_VUT_REF;NEE_VUT_REF;RECO_NT_VUT_REF,1.0,245,1.0,245,1.0,245
US-Whs,2010,245,False,GPP_NT_VUT_REF;NEE_VUT_REF;RECO_NT_VUT_REF,1.0,245,1.0,245,1.0,245
US-Whs,2011,245,False,GPP_NT_VUT_REF;NEE_VUT_REF;RECO_NT_VUT_REF,1.0,245,1.0,245,1.0,245
US-Whs,2012,245,False,GPP_NT_VUT_REF;NEE_VUT_REF;RECO_NT_VUT_REF,1.0,245,1.0,245,1.0,245
US-Whs,2013,245,False,GPP_NT_VUT_REF;NEE_VUT_REF;RECO_NT_VUT_REF,1.0,245,1.0,245,1.0,245
US-Whs,2014,245,False,GPP_NT_VUT_REF;NEE_VUT_REF;RECO_NT_VUT_REF,1.0,245,1.0,245,1.0,245
US-Whs,2015,245,False,GPP_NT_VUT_REF;NEE_VUT_REF;RECO_NT_VUT_REF,1.0,245,1.0,245,1.0,245
US-Whs,2016,245,False,GPP_NT_VUT_REF;NEE_VUT_REF;RECO_NT_VUT_REF,1.0,245,1.0,245,1.0,245
US-Whs,2017,245,False,GPP_NT_VUT_REF;NEE_VUT_REF;RECO_NT_VUT_REF,1.0,245,1.0,245,1.0,245
US-Whs,2018,245,False,GPP_NT_VUT_REF;NEE_VUT_REF;RECO_NT_VUT_REF,1.0,245,1.0,245,1.0,245
US-Whs,2019,245,False,GPP_NT_VUT_REF;NEE_VUT_REF;RECO_NT_VUT_REF,1.0,245,1.0,245,1.0,245
US-Whs,2020,245,False,GPP_NT_VUT_REF;NEE_VUT_REF;RECO_NT_VUT_REF,1.0,245,1.0,245,1.0,245
US-Whs,2021,245,False,GPP_NT_VUT_REF;NEE_VUT_REF;RECO_NT_VUT_REF,1.0,245,1.0,245,1.0,245
US-Whs,2022,245,False,GPP_NT_VUT_REF;NEE_VUT_REF;RECO_NT_VUT_REF,1.0,245,1.0,245,1.0,245
US-Whs,2023,245,False,GPP_NT_VUT_REF;NEE_VUT_REF;RECO_NT_VUT_REF,1.0,245,1.0,245,1.0,245
US-Whs,2024,245,False,GPP_NT_VUT_REF;NEE_VUT_REF;RECO_NT_VUT_REF,1.0,245,1.0,245,1.0,245
US-Whs,2025,245,False,GPP_NT_VUT_REF;NEE_VUT_REF;RECO_NT_VUT_REF,1.0,245,1.0,245,1.0,245
US-Wjs,2007,245,True,,0.0,0,0.0,0,0.0,0
US-Wjs,2008,245,True,,0.0,0,0.0,0,0.0,0
US-Wjs,2009,245,True,,0.0,0,0.0,0,0.0,0
US-Wjs,2010,245,True,,0.0,0,0.0,0,0.0,0
US-Wjs,2011,245,True,,0.0,0,0.0,0,0.0,0
US-Wjs,2012,245,True,,0.0,0,0.0,0,0.0,0
US-Wjs,2013,245,True,,0.0,0,0.0,0,0.0,0
US-Wjs,2014,245,True,,0.0,0,0.0,0,0.0,0
US-Wjs,2015,245,True,,0.0,0,0.0,0,0.0,0
US-Wjs,2016,245,True,,0.0,0,0.0,0,0.0,0
US-Wjs,2017,245,True,,0.0,0,0.0,0,0.0,0
US-Wjs,2018,245,True,,0.0,0,0.0,0,0.0,0
US-Wjs,2019,245,True,,0.0,0,0.0,0,0.0,0
US-Wjs,2020,245,True,,0.0,0,0.0,0,0.0,0
US-Wjs,2021,245,True,,0.0,0,0.0,0,0.0,0
US-Wjs,2022,245,True,,0.0,0,0.0,0,0.0,0
US-Wjs,2023,245,True,,0.0,0,0.0,0,0.0,0
US-Wjs,2024,245,True,,0.0,0,0.0,0,0.0,0
US-Wjs,2025,245,True,,0.0,0,0.0,0,0.0,0
US-Wkg,2004,245,True,,0.0,0,0.0,0,0.0,0
US-Wkg,2005,245,True,,0.0,0,0.0,0,0.0,0
US-Wkg,2006,245,True,,0.0,0,0.0,0,0.0,0
US-Wkg,2007,245,True,,0.0,0,0.0,0,0.0,0
US-Wkg,2008,245,True,,0.0,0,0.0,0,0.0,0
US-Wkg,2009,245,True,,0.0,0,0.0,0,0.0,0
US-Wkg,2010,245,True,,0.0,0,0.0,0,0.0,0
US-Wkg,2011,245,True,,0.0,0,0.0,0,0.0,0
US-Wkg,2012,245,True,,0.0,0,0.0,0,0.0,0
US-Wkg,2013,245,True,,0.0,0,0.0,0,0.0,0
US-Wkg,2014,245,True,,0.0,0,0.0,0,0.0,0
US-Wkg,2015,245,True,,0.0,0,0.0,0,0.0,0
US-Wkg,2016,245,True,,0.0,0,0.0,0,0.0,0
US-Wkg,2017,245,True,,0.0,0,0.0,0,0.0,0
US-Wkg,2018,245,True,,0.0,0,0.0,0,0.0,0
US-Wkg,2019,245,True,,0.0,0,0.0,0,0.0,0
US-Wkg,2020,245,True,,0.0,0,0.0,0,0.0,0
US-Wkg,2021,245,True,,0.0,0,0.0,0,0.0,0
US-Wkg,2022,245,True,,0.0,0,0.0,0,0.0,0
US-Wkg,2023,245,True,,0.0,0,0.0,0,0.0,0
US-Wkg,2024,245,True,,0.0,0,0.0,0,0.0,0
US-Wkg,2025,245,True,,0.0,0,0.0,0,0.0,0
