site_id,gpp_peak_doy,season_type,igbp
AT-Neu,135,dry-summer,GRA
AT-Zoe,166,summer-green,MF
BE-Bra,172,summer-green,ENF
BE-Dor,139,dry-summer,GRA
BE-Maa,175,summer-green,CSH
BE-Vie,187,summer-green,MF
CA-Ca1,197,summer-green,ENF
CA-Ca2,176,summer-green,ENF
CA-Cbo,181,summer-green,DBF
CA-Gro,191,summer-green,MF
CA-Man,204,summer-green,ENF
CA-TP1,219,summer-green,ENF
CA-TP3,221,summer-green,ENF
CA-TP4,177,summer-green,ENF
CA-TPD,198,summer-green,DBF
CH-Aws,160,summer-green,GRA
CH-Cha,201,summer-green,GRA
CH-Dav,182,summer-green,ENF
CH-Fru,142,dry-summer,GRA
CH-Lae,178,summer-green,MF
CH-Oe1,119,dry-summer,GRA
CH-Oe3,130,dry-summer,GRA
CH-Rtb,123,dry-summer,GRA
CN-Aro,199,summer-green,GRA
CN-Dsh,201,summer-green,GRA
CN-HaM,206,summer-green,GRA
CN-HeM,182,summer-green,DBF
CN-Sdq,209,summer-green,OSH
CN-Xi2,201,summer-green,GRA
CN-YaS,199,summer-green,OSH
CZ-BK1,189,summer-green,ENF
CZ-Lnz,173,summer-green,DBF
CZ-RAJ,174,summer-green,ENF
CZ-Stn,163,summer-green,DBF
DE-Gri,143,dry-summer,GRA
DE-GsB,136,dry-summer,GRA
DE-Hai,174,summer-green,DBF
DE-HoH,170,summer-green,DBF
DE-Hzd,182,summer-green,DBF
DE-Obe,190,summer-green,ENF
DE-RuC,174,summer-green,OSH
DE-RuR,168,summer-green,GRA
DE-RuW,202,summer-green,ENF
DE-Tha,171,summer-green,ENF
DK-Sor,166,summer-green,DBF
ES-LM1,116,dry-summer,SAV
ES-LM2,116,dry-summer,SAV
FI-Hyy,187,summer-green,ENF
FI-Let,193,summer-green,ENF
FI-Var,207,summer-green,ENF
FR-Bil,165,summer-green,ENF
FR-FBn,142,dry-summer,ENF
FR-LBr,169,summer-green,ENF
FR-Pue,160,summer-green,EBF
IL-Yat,79,dry-summer,ENF
IT-Cp2,157,summer-green,MF
IT-Lav,182,summer-green,ENF
IT-Lsn,178,summer-green,OSH
IT-MBo,172,summer-green,GRA
IT-Ren,197,summer-green,ENF
IT-Ro2,150,dry-summer,DBF
IT-SR2,164,summer-green,ENF
IT-SRo,157,summer-green,ENF
IT-Tor,192,summer-green,GRA
JP-Api,175,summer-green,DBF
JP-Fhk,182,summer-green,DNF
JP-Fjy,207,summer-green,ENF
JP-NsC,119,dry-summer,GRA
JP-NsM,167,summer-green,GRA
JP-SMF,194,summer-green,MF
JP-Spp,181,summer-green,DBF
JP-Tak,207,summer-green,DBF
JP-Tef,212,summer-green,DNF
JP-Tmd,191,summer-green,GRA
JP-Yms,189,summer-green,DBF
NL-Hrw,155,summer-green,GRA
NL-Loo,189,summer-green,ENF
NL-Vkp,180,summer-green,GRA
RU-Fy2,175,summer-green,ENF
RU-Fyo,179,summer-green,ENF
SE-Svb,189,summer-green,ENF
US-Aud,227,summer-green,GRA
US-Bar,199,summer-green,DBF
US-CMW,222,summer-green,DBF
US-Ced,181,summer-green,CSH
US-ChR,176,summer-green,DBF
US-EML,191,summer-green,OSH
US-GLE,207,summer-green,ENF
US-Ha1,191,summer-green,DBF
US-ICh,197,summer-green,OSH
US-ICt,197,summer-green,OSH
US-Jo1,134,dry-summer,OSH
US-KFS,183,summer-green,GRA
US-Kon,180,summer-green,GRA
US-MMS,186,summer-green,DBF
US-MOz,165,summer-green,DBF
US-Me6,166,summer-green,ENF
US-Mpj,227,summer-green,WSA
US-MtB,233,summer-green,ENF
US-NC2,196,summer-green,ENF
US-Oho,200,summer-green,DBF
US-Prr,192,summer-green,ENF
US-Rls,159,summer-green,CSH
US-Rms,185,summer-green,CSH
US-Ro4,193,summer-green,GRA
US-Rpf,190,summer-green,DBF
US-Rwf,171,summer-green,CSH
US-Rws,124,dry-summer,OSH
US-SRG,222,summer-green,GRA
US-SRM,227,summer-green,WSA
US-Seg,226,summer-green,GRA
US-Ses,228,summer-green,OSH
US-Slt,178,summer-green,DBF
US-Ton,118,dry-summer,WSA
US-UMd,183,summer-green,DBF
US-Var,101,dry-summer,GRA
US-Vcm,227,summer-green,ENF
US-Vcp,125,dry-summer,ENF
US-Wjs,221,summer-green,SAV
US-Wkg,229,summer-green,GRA
