vi_index,level,n_obs,n_sites,r_pooled,r_within_site,bias_days,mae_days,rmse_days
EVI,EOS90,311,56,0.7166605758580101,0.40157770951801147,22.8547402860294,30.229427737933467,42.17556890794228
EVI,EOS50,310,56,0.6632132752865729,0.2526864231616036,22.729537585527737,32.02463846754506,45.036249091438535
EVI,EOS10,286,56,0.5672290031179802,0.15196745871508135,0.8286789936039519,33.37305654793105,45.87923800775321
NDVI,EOS90,281,54,0.5331845764775929,0.2992589218447554,32.09413928637405,43.12466921450175,63.232721760936116
NDVI,EOS50,280,54,0.6044880977969527,0.24267302183026165,27.68180218934357,38.999865652077254,55.71156807622708
NDVI,EOS10,258,54,0.501600724496357,0.07773891895983322,2.526718864335178,37.94366950391276,53.263065817616074
NIRv,EOS90,316,56,0.7337047494723988,0.4204398802267094,22.851765888400504,30.01938814689496,41.73697048632796
NIRv,EOS50,315,56,0.6815003963757618,0.2951095196513121,22.51884497548935,31.43120018280083,44.32594046254503
NIRv,EOS10,291,56,0.6049881508670296,0.15789660136699846,0.7094973818263577,32.27275384986049,44.26516568089252
